"CLASS NAME";"PACKAGE";"CLASS DATA SHOULD BE PRIVATE";"COMPLEX CLASS";"FEATURE ENVY";"INAPPROPRIATE INTIMACY";"LARGE CLASS";"LAZY CLASS";"LONG METHODS";"LONG PARAMETER LIST";"MESSAGE CHAIN";"MIDDLE MAN";"REFUSED BEQUEST";"SPAGHETTI CODE";"SPECULATIVE GENERALITY";"SHA-1";"COMMIT MESSAGE";"POSITIVITY";"NEGATIVITY"
"VAJUtil.java";"org.apache.tools.ant.taskdefs.optional.ide";"YES";"NO";"NO";"NO";"NO";"NO";"NO";"YES";"NO";"NO";"NO";"NO";"NO";"";"";"0";"0"
"HotDeploymentTool.java";"org.apache.tools.ant.taskdefs.optional.j2ee";"YES";"NO";"NO";"NO";"NO";"NO";"NO";"NO";"NO";"NO";"NO";"NO";"NO";"";"";"0";"0"
"P4Counter.java";"org.apache.tools.ant.taskdefs.optional.perforce";"YES";"NO";"NO";"NO";"NO";"NO";"NO";"NO";"NO";"NO";"NO";"NO";"NO";"cb3bc5fa53684533f42385432e356fea9a4eec19";"This commit was manufactured by cvs2svn to create tag 'ANT_151_FINAL'.  git-svn-id: https://svn.apache.org/repos/asf/ant/core/tags/ANT_151_FINAL@273395 13f79535-47bb-0310-9956-ffa450edef68 ";"1";"-1"
"P4Counter.java";"org.apache.tools.ant.taskdefs.optional.perforce";"YES";"NO";"NO";"NO";"NO";"NO";"NO";"NO";"NO";"NO";"NO";"NO";"NO";"6a58fc065a946967e4842914d64b2e3259305021";"This commit was manufactured by cvs2svn to create tag 'ANT_15_FINAL'.  git-svn-id: https://svn.apache.org/repos/asf/ant/core/tags/ANT_15_FINAL@273079 13f79535-47bb-0310-9956-ffa450edef68 ";"1";"-1"
"Utils.java";"org.apache.tools.ant.taskdefs.optional.sitraka.bytecode";"YES";"NO";"NO";"NO";"NO";"NO";"NO";"NO";"NO";"NO";"NO";"NO";"NO";"";"";"0";"0"
"DepthSelector.java";"org.apache.tools.ant.types.selectors";"YES";"NO";"NO";"NO";"NO";"NO";"NO";"NO";"NO";"NO";"NO";"NO";"NO";"cb3bc5fa53684533f42385432e356fea9a4eec19";"This commit was manufactured by cvs2svn to create tag 'ANT_151_FINAL'.  git-svn-id: https://svn.apache.org/repos/asf/ant/core/tags/ANT_151_FINAL@273395 13f79535-47bb-0310-9956-ffa450edef68 ";"1";"-1"
"DepthSelector.java";"org.apache.tools.ant.types.selectors";"YES";"NO";"NO";"NO";"NO";"NO";"NO";"NO";"NO";"NO";"NO";"NO";"NO";"6a58fc065a946967e4842914d64b2e3259305021";"This commit was manufactured by cvs2svn to create tag 'ANT_15_FINAL'.  git-svn-id: https://svn.apache.org/repos/asf/ant/core/tags/ANT_15_FINAL@273079 13f79535-47bb-0310-9956-ffa450edef68 ";"1";"-1"
"NetRexxC.java";"org.apache.tools.ant.taskdefs.optional";"NO";"NO";"YES";"NO";"NO";"NO";"NO";"NO";"NO";"NO";"NO";"YES";"NO";"cb3bc5fa53684533f42385432e356fea9a4eec19";"This commit was manufactured by cvs2svn to create tag 'ANT_151_FINAL'.  git-svn-id: https://svn.apache.org/repos/asf/ant/core/tags/ANT_151_FINAL@273395 13f79535-47bb-0310-9956-ffa450edef68 ";"1";"-1"
"NetRexxC.java";"org.apache.tools.ant.taskdefs.optional";"NO";"NO";"YES";"NO";"NO";"NO";"NO";"NO";"NO";"NO";"NO";"YES";"NO";"6a58fc065a946967e4842914d64b2e3259305021";"This commit was manufactured by cvs2svn to create tag 'ANT_15_FINAL'.  git-svn-id: https://svn.apache.org/repos/asf/ant/core/tags/ANT_15_FINAL@273079 13f79535-47bb-0310-9956-ffa450edef68 ";"1";"-1"
"IContract.java";"org.apache.tools.ant.taskdefs.optional";"NO";"NO";"YES";"NO";"NO";"NO";"YES";"NO";"NO";"NO";"NO";"YES";"NO";"cb3bc5fa53684533f42385432e356fea9a4eec19";"This commit was manufactured by cvs2svn to create tag 'ANT_151_FINAL'.  git-svn-id: https://svn.apache.org/repos/asf/ant/core/tags/ANT_151_FINAL@273395 13f79535-47bb-0310-9956-ffa450edef68 ";"1";"-1"
"IContract.java";"org.apache.tools.ant.taskdefs.optional";"NO";"NO";"YES";"NO";"NO";"NO";"YES";"NO";"NO";"NO";"NO";"YES";"NO";"6a58fc065a946967e4842914d64b2e3259305021";"This commit was manufactured by cvs2svn to create tag 'ANT_15_FINAL'.  git-svn-id: https://svn.apache.org/repos/asf/ant/core/tags/ANT_15_FINAL@273079 13f79535-47bb-0310-9956-ffa450edef68 ";"1";"-1"
"Javadoc.java";"org.apache.tools.ant.taskdefs";"NO";"NO";"YES";"NO";"YES";"NO";"NO";"NO";"NO";"NO";"NO";"YES";"NO";"cb3bc5fa53684533f42385432e356fea9a4eec19";"This commit was manufactured by cvs2svn to create tag 'ANT_151_FINAL'.  git-svn-id: https://svn.apache.org/repos/asf/ant/core/tags/ANT_151_FINAL@273395 13f79535-47bb-0310-9956-ffa450edef68 ";"1";"-1"
"Javadoc.java";"org.apache.tools.ant.taskdefs";"NO";"NO";"YES";"NO";"YES";"NO";"NO";"NO";"NO";"NO";"NO";"YES";"NO";"6a58fc065a946967e4842914d64b2e3259305021";"This commit was manufactured by cvs2svn to create tag 'ANT_15_FINAL'.  git-svn-id: https://svn.apache.org/repos/asf/ant/core/tags/ANT_15_FINAL@273079 13f79535-47bb-0310-9956-ffa450edef68 ";"1";"-1"
"AntStructure.java";"org.apache.tools.ant.taskdefs";"NO";"NO";"YES";"NO";"NO";"NO";"YES";"NO";"NO";"NO";"NO";"NO";"NO";"";"";"0";"0"
"GenerateKey.java";"org.apache.tools.ant.taskdefs";"NO";"NO";"YES";"NO";"NO";"NO";"NO";"NO";"NO";"NO";"NO";"YES";"NO";"cb3bc5fa53684533f42385432e356fea9a4eec19";"This commit was manufactured by cvs2svn to create tag 'ANT_151_FINAL'.  git-svn-id: https://svn.apache.org/repos/asf/ant/core/tags/ANT_151_FINAL@273395 13f79535-47bb-0310-9956-ffa450edef68 ";"1";"-1"
"GenerateKey.java";"org.apache.tools.ant.taskdefs";"NO";"NO";"YES";"NO";"NO";"NO";"NO";"NO";"NO";"NO";"NO";"YES";"NO";"6a58fc065a946967e4842914d64b2e3259305021";"This commit was manufactured by cvs2svn to create tag 'ANT_15_FINAL'.  git-svn-id: https://svn.apache.org/repos/asf/ant/core/tags/ANT_15_FINAL@273079 13f79535-47bb-0310-9956-ffa450edef68 ";"1";"-1"
"SOSGet.java";"org.apache.tools.ant.taskdefs.optional.sos";"NO";"NO";"YES";"NO";"NO";"NO";"NO";"NO";"NO";"NO";"NO";"NO";"NO";"cb3bc5fa53684533f42385432e356fea9a4eec19";"This commit was manufactured by cvs2svn to create tag 'ANT_151_FINAL'.  git-svn-id: https://svn.apache.org/repos/asf/ant/core/tags/ANT_151_FINAL@273395 13f79535-47bb-0310-9956-ffa450edef68 ";"1";"-1"
"SOSGet.java";"org.apache.tools.ant.taskdefs.optional.sos";"NO";"NO";"YES";"NO";"NO";"NO";"NO";"NO";"NO";"NO";"NO";"NO";"NO";"6a58fc065a946967e4842914d64b2e3259305021";"This commit was manufactured by cvs2svn to create tag 'ANT_15_FINAL'.  git-svn-id: https://svn.apache.org/repos/asf/ant/core/tags/ANT_15_FINAL@273079 13f79535-47bb-0310-9956-ffa450edef68 ";"1";"-1"
"CommandlineJava.java";"org.apache.tools.ant.types";"NO";"NO";"NO";"YES";"NO";"NO";"NO";"NO";"NO";"NO";"NO";"NO";"NO";"cb3bc5fa53684533f42385432e356fea9a4eec19";"This commit was manufactured by cvs2svn to create tag 'ANT_151_FINAL'.  git-svn-id: https://svn.apache.org/repos/asf/ant/core/tags/ANT_151_FINAL@273395 13f79535-47bb-0310-9956-ffa450edef68 ";"1";"-1"
"CommandlineJava.java";"org.apache.tools.ant.types";"NO";"NO";"NO";"YES";"NO";"NO";"NO";"NO";"NO";"NO";"NO";"NO";"NO";"6a58fc065a946967e4842914d64b2e3259305021";"This commit was manufactured by cvs2svn to create tag 'ANT_15_FINAL'.  git-svn-id: https://svn.apache.org/repos/asf/ant/core/tags/ANT_15_FINAL@273079 13f79535-47bb-0310-9956-ffa450edef68 ";"1";"-1"
"Commandline.java";"org.apache.tools.ant.types";"NO";"NO";"NO";"YES";"NO";"NO";"NO";"NO";"NO";"NO";"NO";"NO";"NO";"cb3bc5fa53684533f42385432e356fea9a4eec19";"This commit was manufactured by cvs2svn to create tag 'ANT_151_FINAL'.  git-svn-id: https://svn.apache.org/repos/asf/ant/core/tags/ANT_151_FINAL@273395 13f79535-47bb-0310-9956-ffa450edef68 ";"1";"-1"
"Commandline.java";"org.apache.tools.ant.types";"NO";"NO";"NO";"YES";"NO";"NO";"NO";"NO";"NO";"NO";"NO";"NO";"NO";"6a58fc065a946967e4842914d64b2e3259305021";"This commit was manufactured by cvs2svn to create tag 'ANT_15_FINAL'.  git-svn-id: https://svn.apache.org/repos/asf/ant/core/tags/ANT_15_FINAL@273079 13f79535-47bb-0310-9956-ffa450edef68 ";"1";"-1"
"JDependTask.java";"org.apache.tools.ant.taskdefs.optional.jdepend";"NO";"NO";"NO";"YES";"NO";"NO";"NO";"NO";"NO";"NO";"NO";"NO";"NO";"cb3bc5fa53684533f42385432e356fea9a4eec19";"This commit was manufactured by cvs2svn to create tag 'ANT_151_FINAL'.  git-svn-id: https://svn.apache.org/repos/asf/ant/core/tags/ANT_151_FINAL@273395 13f79535-47bb-0310-9956-ffa450edef68 ";"1";"-1"
"JDependTask.java";"org.apache.tools.ant.taskdefs.optional.jdepend";"NO";"NO";"NO";"YES";"NO";"NO";"NO";"NO";"NO";"NO";"NO";"NO";"NO";"6a58fc065a946967e4842914d64b2e3259305021";"This commit was manufactured by cvs2svn to create tag 'ANT_15_FINAL'.  git-svn-id: https://svn.apache.org/repos/asf/ant/core/tags/ANT_15_FINAL@273079 13f79535-47bb-0310-9956-ffa450edef68 ";"1";"-1"
"Project.java";"org.apache.tools.ant";"NO";"NO";"NO";"YES";"NO";"NO";"NO";"NO";"NO";"NO";"NO";"NO";"NO";"cb3bc5fa53684533f42385432e356fea9a4eec19";"This commit was manufactured by cvs2svn to create tag 'ANT_151_FINAL'.  git-svn-id: https://svn.apache.org/repos/asf/ant/core/tags/ANT_151_FINAL@273395 13f79535-47bb-0310-9956-ffa450edef68 ";"1";"-1"
"Project.java";"org.apache.tools.ant";"NO";"NO";"NO";"YES";"NO";"NO";"NO";"NO";"NO";"NO";"NO";"NO";"NO";"6a58fc065a946967e4842914d64b2e3259305021";"This commit was manufactured by cvs2svn to create tag 'ANT_15_FINAL'.  git-svn-id: https://svn.apache.org/repos/asf/ant/core/tags/ANT_15_FINAL@273079 13f79535-47bb-0310-9956-ffa450edef68 ";"1";"-1"
"BorlandDeploymentTool.java";"org.apache.tools.ant.taskdefs.optional.ejb";"NO";"NO";"NO";"YES";"NO";"NO";"NO";"NO";"NO";"NO";"NO";"NO";"NO";"cb3bc5fa53684533f42385432e356fea9a4eec19";"This commit was manufactured by cvs2svn to create tag 'ANT_151_FINAL'.  git-svn-id: https://svn.apache.org/repos/asf/ant/core/tags/ANT_151_FINAL@273395 13f79535-47bb-0310-9956-ffa450edef68 ";"1";"-1"
"BorlandDeploymentTool.java";"org.apache.tools.ant.taskdefs.optional.ejb";"NO";"NO";"NO";"YES";"NO";"NO";"NO";"NO";"NO";"NO";"NO";"NO";"NO";"6a58fc065a946967e4842914d64b2e3259305021";"This commit was manufactured by cvs2svn to create tag 'ANT_15_FINAL'.  git-svn-id: https://svn.apache.org/repos/asf/ant/core/tags/ANT_15_FINAL@273079 13f79535-47bb-0310-9956-ffa450edef68 ";"1";"-1"
"Target.java";"org.apache.tools.ant";"NO";"NO";"NO";"YES";"NO";"NO";"NO";"NO";"NO";"NO";"NO";"NO";"NO";"cb3bc5fa53684533f42385432e356fea9a4eec19";"This commit was manufactured by cvs2svn to create tag 'ANT_151_FINAL'.  git-svn-id: https://svn.apache.org/repos/asf/ant/core/tags/ANT_151_FINAL@273395 13f79535-47bb-0310-9956-ffa450edef68 ";"1";"-1"
"CBZip2OutputStream.java";"org.apache.tools.bzip2";"NO";"NO";"NO";"NO";"YES";"NO";"YES";"NO";"NO";"NO";"NO";"YES";"NO";"";"";"0";"0"
"Main.java";"org.apache.tools.ant";"NO";"NO";"NO";"NO";"NO";"NO";"YES";"NO";"NO";"NO";"NO";"NO";"NO";"cb3bc5fa53684533f42385432e356fea9a4eec19";"This commit was manufactured by cvs2svn to create tag 'ANT_151_FINAL'.  git-svn-id: https://svn.apache.org/repos/asf/ant/core/tags/ANT_151_FINAL@273395 13f79535-47bb-0310-9956-ffa450edef68 ";"1";"-1"
"Main.java";"org.apache.tools.ant";"NO";"NO";"NO";"NO";"NO";"NO";"YES";"NO";"NO";"NO";"NO";"NO";"NO";"6a58fc065a946967e4842914d64b2e3259305021";"This commit was manufactured by cvs2svn to create tag 'ANT_15_FINAL'.  git-svn-id: https://svn.apache.org/repos/asf/ant/core/tags/ANT_15_FINAL@273079 13f79535-47bb-0310-9956-ffa450edef68 ";"1";"-1"
"FixCRLF.java";"org.apache.tools.ant.taskdefs";"NO";"NO";"NO";"NO";"NO";"NO";"YES";"NO";"NO";"NO";"NO";"NO";"NO";"cb3bc5fa53684533f42385432e356fea9a4eec19";"This commit was manufactured by cvs2svn to create tag 'ANT_151_FINAL'.  git-svn-id: https://svn.apache.org/repos/asf/ant/core/tags/ANT_151_FINAL@273395 13f79535-47bb-0310-9956-ffa450edef68 ";"1";"-1"
"FixCRLF.java";"org.apache.tools.ant.taskdefs";"NO";"NO";"NO";"NO";"NO";"NO";"YES";"NO";"NO";"NO";"NO";"NO";"NO";"6a58fc065a946967e4842914d64b2e3259305021";"This commit was manufactured by cvs2svn to create tag 'ANT_15_FINAL'.  git-svn-id: https://svn.apache.org/repos/asf/ant/core/tags/ANT_15_FINAL@273079 13f79535-47bb-0310-9956-ffa450edef68 ";"1";"-1"
"WeblogicDeploymentTool.java";"org.apache.tools.ant.taskdefs.optional.ejb";"NO";"NO";"NO";"NO";"NO";"NO";"YES";"NO";"NO";"NO";"NO";"NO";"NO";"cb3bc5fa53684533f42385432e356fea9a4eec19";"This commit was manufactured by cvs2svn to create tag 'ANT_151_FINAL'.  git-svn-id: https://svn.apache.org/repos/asf/ant/core/tags/ANT_151_FINAL@273395 13f79535-47bb-0310-9956-ffa450edef68 ";"1";"-1"
"WeblogicDeploymentTool.java";"org.apache.tools.ant.taskdefs.optional.ejb";"NO";"NO";"NO";"NO";"NO";"NO";"YES";"NO";"NO";"NO";"NO";"NO";"NO";"6a58fc065a946967e4842914d64b2e3259305021";"This commit was manufactured by cvs2svn to create tag 'ANT_15_FINAL'.  git-svn-id: https://svn.apache.org/repos/asf/ant/core/tags/ANT_15_FINAL@273079 13f79535-47bb-0310-9956-ffa450edef68 ";"1";"-1"
"CBZip2InputStream.java";"org.apache.tools.bzip2";"NO";"NO";"NO";"NO";"NO";"NO";"YES";"YES";"NO";"NO";"NO";"YES";"NO";"";"";"0";"0"
"IntrospectionHelper.java";"org.apache.tools.ant";"NO";"NO";"NO";"NO";"NO";"NO";"YES";"NO";"NO";"NO";"NO";"NO";"NO";"";"";"0";"0"
"WebsphereDeploymentTool.java";"org.apache.tools.ant.taskdefs.optional.ejb";"NO";"NO";"NO";"NO";"NO";"NO";"YES";"NO";"NO";"NO";"NO";"NO";"NO";"cb3bc5fa53684533f42385432e356fea9a4eec19";"This commit was manufactured by cvs2svn to create tag 'ANT_151_FINAL'.  git-svn-id: https://svn.apache.org/repos/asf/ant/core/tags/ANT_151_FINAL@273395 13f79535-47bb-0310-9956-ffa450edef68 ";"1";"-1"
"WebsphereDeploymentTool.java";"org.apache.tools.ant.taskdefs.optional.ejb";"NO";"NO";"NO";"NO";"NO";"NO";"YES";"NO";"NO";"NO";"NO";"NO";"NO";"6a58fc065a946967e4842914d64b2e3259305021";"This commit was manufactured by cvs2svn to create tag 'ANT_15_FINAL'.  git-svn-id: https://svn.apache.org/repos/asf/ant/core/tags/ANT_15_FINAL@273079 13f79535-47bb-0310-9956-ffa450edef68 ";"1";"-1"
"Get.java";"org.apache.tools.ant.taskdefs";"NO";"NO";"NO";"NO";"NO";"NO";"YES";"NO";"NO";"NO";"NO";"YES";"NO";"cb3bc5fa53684533f42385432e356fea9a4eec19";"This commit was manufactured by cvs2svn to create tag 'ANT_151_FINAL'.  git-svn-id: https://svn.apache.org/repos/asf/ant/core/tags/ANT_151_FINAL@273395 13f79535-47bb-0310-9956-ffa450edef68 ";"1";"-1"
"Get.java";"org.apache.tools.ant.taskdefs";"NO";"NO";"NO";"NO";"NO";"NO";"YES";"NO";"NO";"NO";"NO";"YES";"NO";"6a58fc065a946967e4842914d64b2e3259305021";"This commit was manufactured by cvs2svn to create tag 'ANT_15_FINAL'.  git-svn-id: https://svn.apache.org/repos/asf/ant/core/tags/ANT_15_FINAL@273079 13f79535-47bb-0310-9956-ffa450edef68 ";"1";"-1"
"DependSet.java";"org.apache.tools.ant.taskdefs";"NO";"NO";"NO";"NO";"NO";"NO";"YES";"NO";"NO";"NO";"NO";"YES";"NO";"cb3bc5fa53684533f42385432e356fea9a4eec19";"This commit was manufactured by cvs2svn to create tag 'ANT_151_FINAL'.  git-svn-id: https://svn.apache.org/repos/asf/ant/core/tags/ANT_151_FINAL@273395 13f79535-47bb-0310-9956-ffa450edef68 ";"1";"-1"
"DependSet.java";"org.apache.tools.ant.taskdefs";"NO";"NO";"NO";"NO";"NO";"NO";"YES";"NO";"NO";"NO";"NO";"YES";"NO";"6a58fc065a946967e4842914d64b2e3259305021";"This commit was manufactured by cvs2svn to create tag 'ANT_15_FINAL'.  git-svn-id: https://svn.apache.org/repos/asf/ant/core/tags/ANT_15_FINAL@273079 13f79535-47bb-0310-9956-ffa450edef68 ";"1";"-1"
"Zip.java";"org.apache.tools.ant.taskdefs";"NO";"NO";"NO";"NO";"NO";"NO";"YES";"NO";"NO";"NO";"NO";"YES";"NO";"cb3bc5fa53684533f42385432e356fea9a4eec19";"This commit was manufactured by cvs2svn to create tag 'ANT_151_FINAL'.  git-svn-id: https://svn.apache.org/repos/asf/ant/core/tags/ANT_151_FINAL@273395 13f79535-47bb-0310-9956-ffa450edef68 ";"1";"-1"
"Zip.java";"org.apache.tools.ant.taskdefs";"NO";"NO";"NO";"NO";"NO";"NO";"YES";"NO";"NO";"NO";"NO";"YES";"NO";"6a58fc065a946967e4842914d64b2e3259305021";"This commit was manufactured by cvs2svn to create tag 'ANT_15_FINAL'.  git-svn-id: https://svn.apache.org/repos/asf/ant/core/tags/ANT_15_FINAL@273079 13f79535-47bb-0310-9956-ffa450edef68 ";"1";"-1"
"SelectorUtils.java";"org.apache.tools.ant.types.selectors";"NO";"NO";"NO";"NO";"NO";"NO";"YES";"NO";"NO";"NO";"NO";"NO";"NO";"cb3bc5fa53684533f42385432e356fea9a4eec19";"This commit was manufactured by cvs2svn to create tag 'ANT_151_FINAL'.  git-svn-id: https://svn.apache.org/repos/asf/ant/core/tags/ANT_151_FINAL@273395 13f79535-47bb-0310-9956-ffa450edef68 ";"1";"-1"
"SelectorUtils.java";"org.apache.tools.ant.types.selectors";"NO";"NO";"NO";"NO";"NO";"NO";"YES";"NO";"NO";"NO";"NO";"NO";"NO";"6a58fc065a946967e4842914d64b2e3259305021";"This commit was manufactured by cvs2svn to create tag 'ANT_15_FINAL'.  git-svn-id: https://svn.apache.org/repos/asf/ant/core/tags/ANT_15_FINAL@273079 13f79535-47bb-0310-9956-ffa450edef68 ";"1";"-1"
"Jikes.java";"org.apache.tools.ant.taskdefs.compilers";"NO";"NO";"NO";"NO";"NO";"NO";"YES";"NO";"NO";"NO";"NO";"NO";"NO";"cb3bc5fa53684533f42385432e356fea9a4eec19";"This commit was manufactured by cvs2svn to create tag 'ANT_151_FINAL'.  git-svn-id: https://svn.apache.org/repos/asf/ant/core/tags/ANT_151_FINAL@273395 13f79535-47bb-0310-9956-ffa450edef68 ";"1";"-1"
"Jikes.java";"org.apache.tools.ant.taskdefs.compilers";"NO";"NO";"NO";"NO";"NO";"NO";"YES";"NO";"NO";"NO";"NO";"NO";"NO";"6a58fc065a946967e4842914d64b2e3259305021";"This commit was manufactured by cvs2svn to create tag 'ANT_15_FINAL'.  git-svn-id: https://svn.apache.org/repos/asf/ant/core/tags/ANT_15_FINAL@273079 13f79535-47bb-0310-9956-ffa450edef68 ";"1";"-1"
"JonasDeploymentTool.java";"org.apache.tools.ant.taskdefs.optional.ejb";"NO";"NO";"NO";"NO";"NO";"NO";"YES";"NO";"NO";"NO";"NO";"NO";"NO";"cb3bc5fa53684533f42385432e356fea9a4eec19";"This commit was manufactured by cvs2svn to create tag 'ANT_151_FINAL'.  git-svn-id: https://svn.apache.org/repos/asf/ant/core/tags/ANT_151_FINAL@273395 13f79535-47bb-0310-9956-ffa450edef68 ";"1";"-1"
"JonasDeploymentTool.java";"org.apache.tools.ant.taskdefs.optional.ejb";"NO";"NO";"NO";"NO";"NO";"NO";"YES";"NO";"NO";"NO";"NO";"NO";"NO";"6a58fc065a946967e4842914d64b2e3259305021";"This commit was manufactured by cvs2svn to create tag 'ANT_15_FINAL'.  git-svn-id: https://svn.apache.org/repos/asf/ant/core/tags/ANT_15_FINAL@273079 13f79535-47bb-0310-9956-ffa450edef68 ";"1";"-1"
"Concat.java";"org.apache.tools.ant.taskdefs";"NO";"NO";"NO";"NO";"NO";"NO";"YES";"NO";"NO";"NO";"NO";"NO";"NO";"cb3bc5fa53684533f42385432e356fea9a4eec19";"This commit was manufactured by cvs2svn to create tag 'ANT_151_FINAL'.  git-svn-id: https://svn.apache.org/repos/asf/ant/core/tags/ANT_151_FINAL@273395 13f79535-47bb-0310-9956-ffa450edef68 ";"1";"-1"
"Concat.java";"org.apache.tools.ant.taskdefs";"NO";"NO";"NO";"NO";"NO";"NO";"YES";"NO";"NO";"NO";"NO";"NO";"NO";"6a58fc065a946967e4842914d64b2e3259305021";"This commit was manufactured by cvs2svn to create tag 'ANT_15_FINAL'.  git-svn-id: https://svn.apache.org/repos/asf/ant/core/tags/ANT_15_FINAL@273079 13f79535-47bb-0310-9956-ffa450edef68 ";"1";"-1"
"Depend.java";"org.apache.tools.ant.taskdefs.optional.depend";"NO";"NO";"NO";"NO";"NO";"NO";"YES";"NO";"NO";"NO";"NO";"YES";"NO";"cb3bc5fa53684533f42385432e356fea9a4eec19";"This commit was manufactured by cvs2svn to create tag 'ANT_151_FINAL'.  git-svn-id: https://svn.apache.org/repos/asf/ant/core/tags/ANT_151_FINAL@273395 13f79535-47bb-0310-9956-ffa450edef68 ";"1";"-1"
"Depend.java";"org.apache.tools.ant.taskdefs.optional.depend";"NO";"NO";"NO";"NO";"NO";"NO";"YES";"NO";"NO";"NO";"NO";"YES";"NO";"6a58fc065a946967e4842914d64b2e3259305021";"This commit was manufactured by cvs2svn to create tag 'ANT_15_FINAL'.  git-svn-id: https://svn.apache.org/repos/asf/ant/core/tags/ANT_15_FINAL@273079 13f79535-47bb-0310-9956-ffa450edef68 ";"1";"-1"
"Pvcs.java";"org.apache.tools.ant.taskdefs.optional.pvcs";"NO";"NO";"NO";"NO";"NO";"NO";"YES";"NO";"NO";"NO";"NO";"YES";"NO";"cb3bc5fa53684533f42385432e356fea9a4eec19";"This commit was manufactured by cvs2svn to create tag 'ANT_151_FINAL'.  git-svn-id: https://svn.apache.org/repos/asf/ant/core/tags/ANT_151_FINAL@273395 13f79535-47bb-0310-9956-ffa450edef68 ";"1";"-1"
"Pvcs.java";"org.apache.tools.ant.taskdefs.optional.pvcs";"NO";"NO";"NO";"NO";"NO";"NO";"YES";"NO";"NO";"NO";"NO";"YES";"NO";"6a58fc065a946967e4842914d64b2e3259305021";"This commit was manufactured by cvs2svn to create tag 'ANT_15_FINAL'.  git-svn-id: https://svn.apache.org/repos/asf/ant/core/tags/ANT_15_FINAL@273079 13f79535-47bb-0310-9956-ffa450edef68 ";"1";"-1"
"EmailTask.java";"org.apache.tools.ant.taskdefs.email";"NO";"NO";"NO";"NO";"NO";"NO";"YES";"NO";"NO";"NO";"NO";"YES";"NO";"cb3bc5fa53684533f42385432e356fea9a4eec19";"This commit was manufactured by cvs2svn to create tag 'ANT_151_FINAL'.  git-svn-id: https://svn.apache.org/repos/asf/ant/core/tags/ANT_151_FINAL@273395 13f79535-47bb-0310-9956-ffa450edef68 ";"1";"-1"
"EmailTask.java";"org.apache.tools.ant.taskdefs.email";"NO";"NO";"NO";"NO";"NO";"NO";"YES";"NO";"NO";"NO";"NO";"YES";"NO";"6a58fc065a946967e4842914d64b2e3259305021";"This commit was manufactured by cvs2svn to create tag 'ANT_15_FINAL'.  git-svn-id: https://svn.apache.org/repos/asf/ant/core/tags/ANT_15_FINAL@273079 13f79535-47bb-0310-9956-ffa450edef68 ";"1";"-1"
"DefaultCompilerAdapter.java";"org.apache.tools.ant.taskdefs.compilers";"NO";"NO";"NO";"NO";"NO";"NO";"YES";"NO";"NO";"NO";"NO";"NO";"NO";"cb3bc5fa53684533f42385432e356fea9a4eec19";"This commit was manufactured by cvs2svn to create tag 'ANT_151_FINAL'.  git-svn-id: https://svn.apache.org/repos/asf/ant/core/tags/ANT_151_FINAL@273395 13f79535-47bb-0310-9956-ffa450edef68 ";"1";"-1"
"DefaultCompilerAdapter.java";"org.apache.tools.ant.taskdefs.compilers";"NO";"NO";"NO";"NO";"NO";"NO";"YES";"NO";"NO";"NO";"NO";"NO";"NO";"6a58fc065a946967e4842914d64b2e3259305021";"This commit was manufactured by cvs2svn to create tag 'ANT_15_FINAL'.  git-svn-id: https://svn.apache.org/repos/asf/ant/core/tags/ANT_15_FINAL@273079 13f79535-47bb-0310-9956-ffa450edef68 ";"1";"-1"
"Move.java";"org.apache.tools.ant.taskdefs";"NO";"NO";"NO";"NO";"NO";"NO";"YES";"NO";"NO";"NO";"NO";"NO";"NO";"cb3bc5fa53684533f42385432e356fea9a4eec19";"This commit was manufactured by cvs2svn to create tag 'ANT_151_FINAL'.  git-svn-id: https://svn.apache.org/repos/asf/ant/core/tags/ANT_151_FINAL@273395 13f79535-47bb-0310-9956-ffa450edef68 ";"1";"-1"
"Move.java";"org.apache.tools.ant.taskdefs";"NO";"NO";"NO";"NO";"NO";"NO";"YES";"NO";"NO";"NO";"NO";"NO";"NO";"6a58fc065a946967e4842914d64b2e3259305021";"This commit was manufactured by cvs2svn to create tag 'ANT_15_FINAL'.  git-svn-id: https://svn.apache.org/repos/asf/ant/core/tags/ANT_15_FINAL@273079 13f79535-47bb-0310-9956-ffa450edef68 ";"1";"-1"
"FileUtils.java";"org.apache.tools.ant.util";"NO";"NO";"NO";"NO";"NO";"NO";"NO";"YES";"NO";"NO";"NO";"NO";"NO";"cb3bc5fa53684533f42385432e356fea9a4eec19";"This commit was manufactured by cvs2svn to create tag 'ANT_151_FINAL'.  git-svn-id: https://svn.apache.org/repos/asf/ant/core/tags/ANT_151_FINAL@273395 13f79535-47bb-0310-9956-ffa450edef68 ";"1";"-1"
"FileUtils.java";"org.apache.tools.ant.util";"NO";"NO";"NO";"NO";"NO";"NO";"NO";"YES";"NO";"NO";"NO";"NO";"NO";"6a58fc065a946967e4842914d64b2e3259305021";"This commit was manufactured by cvs2svn to create tag 'ANT_15_FINAL'.  git-svn-id: https://svn.apache.org/repos/asf/ant/core/tags/ANT_15_FINAL@273079 13f79535-47bb-0310-9956-ffa450edef68 ";"1";"-1"
"VAJLocalUtil.java";"org.apache.tools.ant.taskdefs.optional.ide";"NO";"NO";"NO";"NO";"NO";"NO";"NO";"YES";"NO";"NO";"NO";"NO";"NO";"";"";"0";"0"
"VAJRemoteUtil.java";"org.apache.tools.ant.taskdefs.optional.ide";"NO";"NO";"NO";"NO";"NO";"NO";"NO";"YES";"NO";"NO";"NO";"NO";"NO";"";"";"0";"0"
"Extension.java";"org.apache.tools.ant.taskdefs.optional.extension";"NO";"NO";"NO";"NO";"NO";"NO";"NO";"YES";"NO";"NO";"NO";"NO";"NO";"cb3bc5fa53684533f42385432e356fea9a4eec19";"This commit was manufactured by cvs2svn to create tag 'ANT_151_FINAL'.  git-svn-id: https://svn.apache.org/repos/asf/ant/core/tags/ANT_151_FINAL@273395 13f79535-47bb-0310-9956-ffa450edef68 ";"1";"-1"
"Extension.java";"org.apache.tools.ant.taskdefs.optional.extension";"NO";"NO";"NO";"NO";"NO";"NO";"NO";"YES";"NO";"NO";"NO";"NO";"NO";"6a58fc065a946967e4842914d64b2e3259305021";"This commit was manufactured by cvs2svn to create tag 'ANT_15_FINAL'.  git-svn-id: https://svn.apache.org/repos/asf/ant/core/tags/ANT_15_FINAL@273079 13f79535-47bb-0310-9956-ffa450edef68 ";"1";"-1"
"AntStarTeamCheckOut.java";"org.apache.tools.ant.taskdefs.optional.scm";"NO";"NO";"NO";"NO";"NO";"NO";"NO";"YES";"NO";"NO";"NO";"NO";"NO";"cb3bc5fa53684533f42385432e356fea9a4eec19";"This commit was manufactured by cvs2svn to create tag 'ANT_151_FINAL'.  git-svn-id: https://svn.apache.org/repos/asf/ant/core/tags/ANT_151_FINAL@273395 13f79535-47bb-0310-9956-ffa450edef68 ";"1";"-1"
"AntStarTeamCheckOut.java";"org.apache.tools.ant.taskdefs.optional.scm";"NO";"NO";"NO";"NO";"NO";"NO";"NO";"YES";"NO";"NO";"NO";"NO";"NO";"6a58fc065a946967e4842914d64b2e3259305021";"This commit was manufactured by cvs2svn to create tag 'ANT_15_FINAL'.  git-svn-id: https://svn.apache.org/repos/asf/ant/core/tags/ANT_15_FINAL@273079 13f79535-47bb-0310-9956-ffa450edef68 ";"1";"-1"
"Specification.java";"org.apache.tools.ant.taskdefs.optional.extension";"NO";"NO";"NO";"NO";"NO";"NO";"NO";"YES";"NO";"NO";"NO";"NO";"NO";"cb3bc5fa53684533f42385432e356fea9a4eec19";"This commit was manufactured by cvs2svn to create tag 'ANT_151_FINAL'.  git-svn-id: https://svn.apache.org/repos/asf/ant/core/tags/ANT_151_FINAL@273395 13f79535-47bb-0310-9956-ffa450edef68 ";"1";"-1"
"Specification.java";"org.apache.tools.ant.taskdefs.optional.extension";"NO";"NO";"NO";"NO";"NO";"NO";"NO";"YES";"NO";"NO";"NO";"NO";"NO";"6a58fc065a946967e4842914d64b2e3259305021";"This commit was manufactured by cvs2svn to create tag 'ANT_15_FINAL'.  git-svn-id: https://svn.apache.org/repos/asf/ant/core/tags/ANT_15_FINAL@273079 13f79535-47bb-0310-9956-ffa450edef68 ";"1";"-1"
"Expand.java";"org.apache.tools.ant.taskdefs";"NO";"NO";"NO";"NO";"NO";"NO";"NO";"YES";"NO";"NO";"NO";"NO";"NO";"cb3bc5fa53684533f42385432e356fea9a4eec19";"This commit was manufactured by cvs2svn to create tag 'ANT_151_FINAL'.  git-svn-id: https://svn.apache.org/repos/asf/ant/core/tags/ANT_151_FINAL@273395 13f79535-47bb-0310-9956-ffa450edef68 ";"1";"-1"
"Expand.java";"org.apache.tools.ant.taskdefs";"NO";"NO";"NO";"NO";"NO";"NO";"NO";"YES";"NO";"NO";"NO";"NO";"NO";"6a58fc065a946967e4842914d64b2e3259305021";"This commit was manufactured by cvs2svn to create tag 'ANT_15_FINAL'.  git-svn-id: https://svn.apache.org/repos/asf/ant/core/tags/ANT_15_FINAL@273079 13f79535-47bb-0310-9956-ffa450edef68 ";"1";"-1"
"Available.java";"org.apache.tools.ant.taskdefs";"NO";"NO";"NO";"NO";"NO";"NO";"NO";"NO";"YES";"NO";"NO";"NO";"NO";"cb3bc5fa53684533f42385432e356fea9a4eec19";"This commit was manufactured by cvs2svn to create tag 'ANT_151_FINAL'.  git-svn-id: https://svn.apache.org/repos/asf/ant/core/tags/ANT_151_FINAL@273395 13f79535-47bb-0310-9956-ffa450edef68 ";"1";"-1"
"Available.java";"org.apache.tools.ant.taskdefs";"NO";"NO";"NO";"NO";"NO";"NO";"NO";"NO";"YES";"NO";"NO";"NO";"NO";"6a58fc065a946967e4842914d64b2e3259305021";"This commit was manufactured by cvs2svn to create tag 'ANT_15_FINAL'.  git-svn-id: https://svn.apache.org/repos/asf/ant/core/tags/ANT_15_FINAL@273079 13f79535-47bb-0310-9956-ffa450edef68 ";"1";"-1"
"AbstractMetamataTask.java";"org.apache.tools.ant.taskdefs.optional.metamata";"NO";"NO";"NO";"NO";"NO";"NO";"NO";"NO";"YES";"NO";"NO";"NO";"NO";"cb3bc5fa53684533f42385432e356fea9a4eec19";"This commit was manufactured by cvs2svn to create tag 'ANT_151_FINAL'.  git-svn-id: https://svn.apache.org/repos/asf/ant/core/tags/ANT_151_FINAL@273395 13f79535-47bb-0310-9956-ffa450edef68 ";"1";"-1"
"AbstractMetamataTask.java";"org.apache.tools.ant.taskdefs.optional.metamata";"NO";"NO";"NO";"NO";"NO";"NO";"NO";"NO";"YES";"NO";"NO";"NO";"NO";"6a58fc065a946967e4842914d64b2e3259305021";"This commit was manufactured by cvs2svn to create tag 'ANT_15_FINAL'.  git-svn-id: https://svn.apache.org/repos/asf/ant/core/tags/ANT_15_FINAL@273079 13f79535-47bb-0310-9956-ffa450edef68 ";"1";"-1"
"MatchingTask.java";"org.apache.tools.ant.taskdefs";"NO";"NO";"NO";"NO";"NO";"NO";"NO";"NO";"NO";"YES";"NO";"NO";"NO";"cb3bc5fa53684533f42385432e356fea9a4eec19";"This commit was manufactured by cvs2svn to create tag 'ANT_151_FINAL'.  git-svn-id: https://svn.apache.org/repos/asf/ant/core/tags/ANT_151_FINAL@273395 13f79535-47bb-0310-9956-ffa450edef68 ";"1";"-1"
"MatchingTask.java";"org.apache.tools.ant.taskdefs";"NO";"NO";"NO";"NO";"NO";"NO";"NO";"NO";"NO";"YES";"NO";"NO";"NO";"6a58fc065a946967e4842914d64b2e3259305021";"This commit was manufactured by cvs2svn to create tag 'ANT_15_FINAL'.  git-svn-id: https://svn.apache.org/repos/asf/ant/core/tags/ANT_15_FINAL@273079 13f79535-47bb-0310-9956-ffa450edef68 ";"1";"-1"
"MultipleChoiceInputRequest.java";"org.apache.tools.ant.input";"NO";"NO";"NO";"NO";"NO";"NO";"NO";"NO";"NO";"NO";"YES";"NO";"NO";"";"";"0";"0"
"InputRequest.java";"org.apache.tools.ant.input";"NO";"NO";"NO";"NO";"NO";"NO";"NO";"NO";"NO";"NO";"YES";"NO";"NO";"";"";"0";"0"
"MailLogger.java";"org.apache.tools.ant.listener";"NO";"NO";"NO";"NO";"NO";"NO";"NO";"NO";"NO";"NO";"YES";"NO";"NO";"";"";"0";"0"
"DefaultLogger.java";"org.apache.tools.ant";"NO";"NO";"NO";"NO";"NO";"NO";"NO";"NO";"NO";"NO";"YES";"NO";"NO";"cb3bc5fa53684533f42385432e356fea9a4eec19";"This commit was manufactured by cvs2svn to create tag 'ANT_151_FINAL'.  git-svn-id: https://svn.apache.org/repos/asf/ant/core/tags/ANT_151_FINAL@273395 13f79535-47bb-0310-9956-ffa450edef68 ";"1";"-1"
"DefaultLogger.java";"org.apache.tools.ant";"NO";"NO";"NO";"NO";"NO";"NO";"NO";"NO";"NO";"NO";"YES";"NO";"NO";"6a58fc065a946967e4842914d64b2e3259305021";"This commit was manufactured by cvs2svn to create tag 'ANT_15_FINAL'.  git-svn-id: https://svn.apache.org/repos/asf/ant/core/tags/ANT_15_FINAL@273079 13f79535-47bb-0310-9956-ffa450edef68 ";"1";"-1"
"Transform.java";"org.apache.tools.ant.taskdefs";"NO";"NO";"NO";"NO";"NO";"NO";"NO";"NO";"NO";"NO";"YES";"NO";"NO";"cb3bc5fa53684533f42385432e356fea9a4eec19";"This commit was manufactured by cvs2svn to create tag 'ANT_151_FINAL'.  git-svn-id: https://svn.apache.org/repos/asf/ant/core/tags/ANT_151_FINAL@273395 13f79535-47bb-0310-9956-ffa450edef68 ";"1";"-1"
"Transform.java";"org.apache.tools.ant.taskdefs";"NO";"NO";"NO";"NO";"NO";"NO";"NO";"NO";"NO";"NO";"YES";"NO";"NO";"6a58fc065a946967e4842914d64b2e3259305021";"This commit was manufactured by cvs2svn to create tag 'ANT_15_FINAL'.  git-svn-id: https://svn.apache.org/repos/asf/ant/core/tags/ANT_15_FINAL@273079 13f79535-47bb-0310-9956-ffa450edef68 ";"1";"-1"
"ExecuteOn.java";"org.apache.tools.ant.taskdefs";"NO";"NO";"NO";"NO";"NO";"NO";"NO";"NO";"NO";"NO";"YES";"NO";"NO";"cb3bc5fa53684533f42385432e356fea9a4eec19";"This commit was manufactured by cvs2svn to create tag 'ANT_151_FINAL'.  git-svn-id: https://svn.apache.org/repos/asf/ant/core/tags/ANT_151_FINAL@273395 13f79535-47bb-0310-9956-ffa450edef68 ";"1";"-1"
"ExecuteOn.java";"org.apache.tools.ant.taskdefs";"NO";"NO";"NO";"NO";"NO";"NO";"NO";"NO";"NO";"NO";"YES";"NO";"NO";"6a58fc065a946967e4842914d64b2e3259305021";"This commit was manufactured by cvs2svn to create tag 'ANT_15_FINAL'.  git-svn-id: https://svn.apache.org/repos/asf/ant/core/tags/ANT_15_FINAL@273079 13f79535-47bb-0310-9956-ffa450edef68 ";"1";"-1"
"LogStreamHandler.java";"org.apache.tools.ant.taskdefs";"NO";"NO";"NO";"NO";"NO";"NO";"NO";"NO";"NO";"NO";"YES";"NO";"NO";"";"";"0";"0"
"PumpStreamHandler.java";"org.apache.tools.ant.taskdefs";"NO";"NO";"NO";"NO";"NO";"NO";"NO";"NO";"NO";"NO";"YES";"NO";"NO";"";"";"0";"0"
"SQLExec.java";"org.apache.tools.ant.taskdefs";"NO";"NO";"NO";"NO";"NO";"NO";"NO";"NO";"NO";"NO";"NO";"YES";"NO";"cb3bc5fa53684533f42385432e356fea9a4eec19";"This commit was manufactured by cvs2svn to create tag 'ANT_151_FINAL'.  git-svn-id: https://svn.apache.org/repos/asf/ant/core/tags/ANT_151_FINAL@273395 13f79535-47bb-0310-9956-ffa450edef68 ";"1";"-1"
"SQLExec.java";"org.apache.tools.ant.taskdefs";"NO";"NO";"NO";"NO";"NO";"NO";"NO";"NO";"NO";"NO";"NO";"YES";"NO";"6a58fc065a946967e4842914d64b2e3259305021";"This commit was manufactured by cvs2svn to create tag 'ANT_15_FINAL'.  git-svn-id: https://svn.apache.org/repos/asf/ant/core/tags/ANT_15_FINAL@273079 13f79535-47bb-0310-9956-ffa450edef68 ";"1";"-1"
"Tar.java";"org.apache.tools.ant.taskdefs";"NO";"NO";"NO";"NO";"NO";"NO";"NO";"NO";"NO";"NO";"NO";"YES";"NO";"cb3bc5fa53684533f42385432e356fea9a4eec19";"This commit was manufactured by cvs2svn to create tag 'ANT_151_FINAL'.  git-svn-id: https://svn.apache.org/repos/asf/ant/core/tags/ANT_151_FINAL@273395 13f79535-47bb-0310-9956-ffa450edef68 ";"1";"-1"
"Tar.java";"org.apache.tools.ant.taskdefs";"NO";"NO";"NO";"NO";"NO";"NO";"NO";"NO";"NO";"NO";"NO";"YES";"NO";"6a58fc065a946967e4842914d64b2e3259305021";"This commit was manufactured by cvs2svn to create tag 'ANT_15_FINAL'.  git-svn-id: https://svn.apache.org/repos/asf/ant/core/tags/ANT_15_FINAL@273079 13f79535-47bb-0310-9956-ffa450edef68 ";"1";"-1"
"Checksum.java";"org.apache.tools.ant.taskdefs";"NO";"NO";"NO";"NO";"NO";"NO";"NO";"NO";"NO";"NO";"NO";"YES";"NO";"cb3bc5fa53684533f42385432e356fea9a4eec19";"This commit was manufactured by cvs2svn to create tag 'ANT_151_FINAL'.  git-svn-id: https://svn.apache.org/repos/asf/ant/core/tags/ANT_151_FINAL@273395 13f79535-47bb-0310-9956-ffa450edef68 ";"1";"-1"
"Checksum.java";"org.apache.tools.ant.taskdefs";"NO";"NO";"NO";"NO";"NO";"NO";"NO";"NO";"NO";"NO";"NO";"YES";"NO";"6a58fc065a946967e4842914d64b2e3259305021";"This commit was manufactured by cvs2svn to create tag 'ANT_15_FINAL'.  git-svn-id: https://svn.apache.org/repos/asf/ant/core/tags/ANT_15_FINAL@273079 13f79535-47bb-0310-9956-ffa450edef68 ";"1";"-1"
"PathConvert.java";"org.apache.tools.ant.taskdefs";"NO";"NO";"NO";"NO";"NO";"NO";"NO";"NO";"NO";"NO";"NO";"YES";"NO";"cb3bc5fa53684533f42385432e356fea9a4eec19";"This commit was manufactured by cvs2svn to create tag 'ANT_151_FINAL'.  git-svn-id: https://svn.apache.org/repos/asf/ant/core/tags/ANT_151_FINAL@273395 13f79535-47bb-0310-9956-ffa450edef68 ";"1";"-1"
"PathConvert.java";"org.apache.tools.ant.taskdefs";"NO";"NO";"NO";"NO";"NO";"NO";"NO";"NO";"NO";"NO";"NO";"YES";"NO";"6a58fc065a946967e4842914d64b2e3259305021";"This commit was manufactured by cvs2svn to create tag 'ANT_15_FINAL'.  git-svn-id: https://svn.apache.org/repos/asf/ant/core/tags/ANT_15_FINAL@273079 13f79535-47bb-0310-9956-ffa450edef68 ";"1";"-1"
"Delete.java";"org.apache.tools.ant.taskdefs";"NO";"NO";"NO";"NO";"NO";"NO";"NO";"NO";"NO";"NO";"NO";"YES";"NO";"cb3bc5fa53684533f42385432e356fea9a4eec19";"This commit was manufactured by cvs2svn to create tag 'ANT_151_FINAL'.  git-svn-id: https://svn.apache.org/repos/asf/ant/core/tags/ANT_151_FINAL@273395 13f79535-47bb-0310-9956-ffa450edef68 ";"1";"-1"
"Delete.java";"org.apache.tools.ant.taskdefs";"NO";"NO";"NO";"NO";"NO";"NO";"NO";"NO";"NO";"NO";"NO";"YES";"NO";"6a58fc065a946967e4842914d64b2e3259305021";"This commit was manufactured by cvs2svn to create tag 'ANT_15_FINAL'.  git-svn-id: https://svn.apache.org/repos/asf/ant/core/tags/ANT_15_FINAL@273079 13f79535-47bb-0310-9956-ffa450edef68 ";"1";"-1"
"Translate.java";"org.apache.tools.ant.taskdefs.optional.i18n";"NO";"NO";"NO";"NO";"NO";"NO";"NO";"NO";"NO";"NO";"NO";"YES";"NO";"cb3bc5fa53684533f42385432e356fea9a4eec19";"This commit was manufactured by cvs2svn to create tag 'ANT_151_FINAL'.  git-svn-id: https://svn.apache.org/repos/asf/ant/core/tags/ANT_151_FINAL@273395 13f79535-47bb-0310-9956-ffa450edef68 ";"1";"-1"
"Translate.java";"org.apache.tools.ant.taskdefs.optional.i18n";"NO";"NO";"NO";"NO";"NO";"NO";"NO";"NO";"NO";"NO";"NO";"YES";"NO";"6a58fc065a946967e4842914d64b2e3259305021";"This commit was manufactured by cvs2svn to create tag 'ANT_15_FINAL'.  git-svn-id: https://svn.apache.org/repos/asf/ant/core/tags/ANT_15_FINAL@273079 13f79535-47bb-0310-9956-ffa450edef68 ";"1";"-1"
"SplashTask.java";"org.apache.tools.ant.taskdefs.optional.splash";"NO";"NO";"NO";"NO";"NO";"NO";"NO";"NO";"NO";"NO";"NO";"YES";"NO";"cb3bc5fa53684533f42385432e356fea9a4eec19";"This commit was manufactured by cvs2svn to create tag 'ANT_151_FINAL'.  git-svn-id: https://svn.apache.org/repos/asf/ant/core/tags/ANT_151_FINAL@273395 13f79535-47bb-0310-9956-ffa450edef68 ";"1";"-1"
"SplashTask.java";"org.apache.tools.ant.taskdefs.optional.splash";"NO";"NO";"NO";"NO";"NO";"NO";"NO";"NO";"NO";"NO";"NO";"YES";"NO";"6a58fc065a946967e4842914d64b2e3259305021";"This commit was manufactured by cvs2svn to create tag 'ANT_15_FINAL'.  git-svn-id: https://svn.apache.org/repos/asf/ant/core/tags/ANT_15_FINAL@273079 13f79535-47bb-0310-9956-ffa450edef68 ";"1";"-1"
"AbstractCvsTask.java";"org.apache.tools.ant.taskdefs";"NO";"NO";"NO";"NO";"NO";"NO";"NO";"NO";"NO";"NO";"NO";"NO";"YES";"cb3bc5fa53684533f42385432e356fea9a4eec19";"This commit was manufactured by cvs2svn to create tag 'ANT_151_FINAL'.  git-svn-id: https://svn.apache.org/repos/asf/ant/core/tags/ANT_151_FINAL@273395 13f79535-47bb-0310-9956-ffa450edef68 ";"1";"-1"
"AbstractCvsTask.java";"org.apache.tools.ant.taskdefs";"NO";"NO";"NO";"NO";"NO";"NO";"NO";"NO";"NO";"NO";"NO";"NO";"YES";"6a58fc065a946967e4842914d64b2e3259305021";"This commit was manufactured by cvs2svn to create tag 'ANT_15_FINAL'.  git-svn-id: https://svn.apache.org/repos/asf/ant/core/tags/ANT_15_FINAL@273079 13f79535-47bb-0310-9956-ffa450edef68 ";"1";"-1"
"DefaultJspCompilerAdapter.java";"org.apache.tools.ant.taskdefs.optional.jsp.compilers";"NO";"NO";"NO";"NO";"NO";"NO";"NO";"NO";"NO";"NO";"NO";"NO";"YES";"cb3bc5fa53684533f42385432e356fea9a4eec19";"This commit was manufactured by cvs2svn to create tag 'ANT_151_FINAL'.  git-svn-id: https://svn.apache.org/repos/asf/ant/core/tags/ANT_151_FINAL@273395 13f79535-47bb-0310-9956-ffa450edef68 ";"1";"-1"
"DefaultJspCompilerAdapter.java";"org.apache.tools.ant.taskdefs.optional.jsp.compilers";"NO";"NO";"NO";"NO";"NO";"NO";"NO";"NO";"NO";"NO";"NO";"NO";"YES";"6a58fc065a946967e4842914d64b2e3259305021";"This commit was manufactured by cvs2svn to create tag 'ANT_15_FINAL'.  git-svn-id: https://svn.apache.org/repos/asf/ant/core/tags/ANT_15_FINAL@273079 13f79535-47bb-0310-9956-ffa450edef68 ";"1";"-1"
"P4HandlerAdapter.java";"org.apache.tools.ant.taskdefs.optional.perforce";"NO";"NO";"NO";"NO";"NO";"NO";"NO";"NO";"NO";"NO";"NO";"NO";"YES";"";"";"0";"0"
"AntClassLoader.java";"org.apache.tools.ant";"NO";"NO";"NO";"NO";"NO";"NO";"NO";"NO";"NO";"NO";"NO";"NO";"NO";"cb3bc5fa53684533f42385432e356fea9a4eec19";"This commit was manufactured by cvs2svn to create tag 'ANT_151_FINAL'.  git-svn-id: https://svn.apache.org/repos/asf/ant/core/tags/ANT_151_FINAL@273395 13f79535-47bb-0310-9956-ffa450edef68 ";"1";"-1"
"AntClassLoader.java";"org.apache.tools.ant";"NO";"NO";"NO";"NO";"NO";"NO";"NO";"NO";"NO";"NO";"NO";"NO";"NO";"6a58fc065a946967e4842914d64b2e3259305021";"This commit was manufactured by cvs2svn to create tag 'ANT_15_FINAL'.  git-svn-id: https://svn.apache.org/repos/asf/ant/core/tags/ANT_15_FINAL@273079 13f79535-47bb-0310-9956-ffa450edef68 ";"1";"-1"
"BuildEvent.java";"org.apache.tools.ant";"NO";"NO";"NO";"NO";"NO";"NO";"NO";"NO";"NO";"NO";"NO";"NO";"NO";"";"";"0";"0"
"BuildException.java";"org.apache.tools.ant";"NO";"NO";"NO";"NO";"NO";"NO";"NO";"NO";"NO";"NO";"NO";"NO";"NO";"cb3bc5fa53684533f42385432e356fea9a4eec19";"This commit was manufactured by cvs2svn to create tag 'ANT_151_FINAL'.  git-svn-id: https://svn.apache.org/repos/asf/ant/core/tags/ANT_151_FINAL@273395 13f79535-47bb-0310-9956-ffa450edef68 ";"1";"-1"
"BuildListener.java";"org.apache.tools.ant";"NO";"NO";"NO";"NO";"NO";"NO";"NO";"NO";"NO";"NO";"NO";"NO";"NO";"";"";"0";"0"
"BuildLogger.java";"org.apache.tools.ant";"NO";"NO";"NO";"NO";"NO";"NO";"NO";"NO";"NO";"NO";"NO";"NO";"NO";"";"";"0";"0"
"DesirableFilter.java";"org.apache.tools.ant";"NO";"NO";"NO";"NO";"NO";"NO";"NO";"NO";"NO";"NO";"NO";"NO";"NO";"";"";"0";"0"
"DirectoryScanner.java";"org.apache.tools.ant";"NO";"NO";"NO";"NO";"NO";"NO";"NO";"NO";"NO";"NO";"NO";"NO";"NO";"cb3bc5fa53684533f42385432e356fea9a4eec19";"This commit was manufactured by cvs2svn to create tag 'ANT_151_FINAL'.  git-svn-id: https://svn.apache.org/repos/asf/ant/core/tags/ANT_151_FINAL@273395 13f79535-47bb-0310-9956-ffa450edef68 ";"1";"-1"
"DirectoryScanner.java";"org.apache.tools.ant";"NO";"NO";"NO";"NO";"NO";"NO";"NO";"NO";"NO";"NO";"NO";"NO";"NO";"6a58fc065a946967e4842914d64b2e3259305021";"This commit was manufactured by cvs2svn to create tag 'ANT_15_FINAL'.  git-svn-id: https://svn.apache.org/repos/asf/ant/core/tags/ANT_15_FINAL@273079 13f79535-47bb-0310-9956-ffa450edef68 ";"1";"-1"
"FileScanner.java";"org.apache.tools.ant";"NO";"NO";"NO";"NO";"NO";"NO";"NO";"NO";"NO";"NO";"NO";"NO";"NO";"";"";"0";"0"
"Location.java";"org.apache.tools.ant";"NO";"NO";"NO";"NO";"NO";"NO";"NO";"NO";"NO";"NO";"NO";"NO";"NO";"";"";"0";"0"
"Map.java";"org.apache.tools.ant";"NO";"NO";"NO";"NO";"NO";"NO";"NO";"NO";"NO";"NO";"NO";"NO";"NO";"";"";"0";"0"
"PathTokenizer.java";"org.apache.tools.ant";"NO";"NO";"NO";"NO";"NO";"NO";"NO";"NO";"NO";"NO";"NO";"NO";"NO";"cb3bc5fa53684533f42385432e356fea9a4eec19";"This commit was manufactured by cvs2svn to create tag 'ANT_151_FINAL'.  git-svn-id: https://svn.apache.org/repos/asf/ant/core/tags/ANT_151_FINAL@273395 13f79535-47bb-0310-9956-ffa450edef68 ";"1";"-1"
"PathTokenizer.java";"org.apache.tools.ant";"NO";"NO";"NO";"NO";"NO";"NO";"NO";"NO";"NO";"NO";"NO";"NO";"NO";"6a58fc065a946967e4842914d64b2e3259305021";"This commit was manufactured by cvs2svn to create tag 'ANT_15_FINAL'.  git-svn-id: https://svn.apache.org/repos/asf/ant/core/tags/ANT_15_FINAL@273079 13f79535-47bb-0310-9956-ffa450edef68 ";"1";"-1"
"ProjectHelper.java";"org.apache.tools.ant";"NO";"NO";"NO";"NO";"NO";"NO";"NO";"NO";"NO";"NO";"NO";"NO";"NO";"cb3bc5fa53684533f42385432e356fea9a4eec19";"This commit was manufactured by cvs2svn to create tag 'ANT_151_FINAL'.  git-svn-id: https://svn.apache.org/repos/asf/ant/core/tags/ANT_151_FINAL@273395 13f79535-47bb-0310-9956-ffa450edef68 ";"1";"-1"
"ProjectHelper.java";"org.apache.tools.ant";"NO";"NO";"NO";"NO";"NO";"NO";"NO";"NO";"NO";"NO";"NO";"NO";"NO";"6a58fc065a946967e4842914d64b2e3259305021";"This commit was manufactured by cvs2svn to create tag 'ANT_15_FINAL'.  git-svn-id: https://svn.apache.org/repos/asf/ant/core/tags/ANT_15_FINAL@273079 13f79535-47bb-0310-9956-ffa450edef68 ";"1";"-1"
"RuntimeConfigurable.java";"org.apache.tools.ant";"NO";"NO";"NO";"NO";"NO";"NO";"NO";"NO";"NO";"NO";"NO";"NO";"NO";"cb3bc5fa53684533f42385432e356fea9a4eec19";"This commit was manufactured by cvs2svn to create tag 'ANT_151_FINAL'.  git-svn-id: https://svn.apache.org/repos/asf/ant/core/tags/ANT_151_FINAL@273395 13f79535-47bb-0310-9956-ffa450edef68 ";"1";"-1"
"RuntimeConfigurable.java";"org.apache.tools.ant";"NO";"NO";"NO";"NO";"NO";"NO";"NO";"NO";"NO";"NO";"NO";"NO";"NO";"6a58fc065a946967e4842914d64b2e3259305021";"This commit was manufactured by cvs2svn to create tag 'ANT_15_FINAL'.  git-svn-id: https://svn.apache.org/repos/asf/ant/core/tags/ANT_15_FINAL@273079 13f79535-47bb-0310-9956-ffa450edef68 ";"1";"-1"
"Task.java";"org.apache.tools.ant";"NO";"NO";"NO";"NO";"NO";"NO";"NO";"NO";"NO";"NO";"NO";"NO";"NO";"cb3bc5fa53684533f42385432e356fea9a4eec19";"This commit was manufactured by cvs2svn to create tag 'ANT_151_FINAL'.  git-svn-id: https://svn.apache.org/repos/asf/ant/core/tags/ANT_151_FINAL@273395 13f79535-47bb-0310-9956-ffa450edef68 ";"1";"-1"
"Task.java";"org.apache.tools.ant";"NO";"NO";"NO";"NO";"NO";"NO";"NO";"NO";"NO";"NO";"NO";"NO";"NO";"6a58fc065a946967e4842914d64b2e3259305021";"This commit was manufactured by cvs2svn to create tag 'ANT_15_FINAL'.  git-svn-id: https://svn.apache.org/repos/asf/ant/core/tags/ANT_15_FINAL@273079 13f79535-47bb-0310-9956-ffa450edef68 ";"1";"-1"
"TaskAdapter.java";"org.apache.tools.ant";"NO";"NO";"NO";"NO";"NO";"NO";"NO";"NO";"NO";"NO";"NO";"NO";"NO";"";"";"0";"0"
"Ant.java";"org.apache.tools.ant.taskdefs";"NO";"NO";"NO";"NO";"NO";"NO";"NO";"NO";"NO";"NO";"NO";"NO";"NO";"cb3bc5fa53684533f42385432e356fea9a4eec19";"This commit was manufactured by cvs2svn to create tag 'ANT_151_FINAL'.  git-svn-id: https://svn.apache.org/repos/asf/ant/core/tags/ANT_151_FINAL@273395 13f79535-47bb-0310-9956-ffa450edef68 ";"1";"-1"
"Ant.java";"org.apache.tools.ant.taskdefs";"NO";"NO";"NO";"NO";"NO";"NO";"NO";"NO";"NO";"NO";"NO";"NO";"NO";"6a58fc065a946967e4842914d64b2e3259305021";"This commit was manufactured by cvs2svn to create tag 'ANT_15_FINAL'.  git-svn-id: https://svn.apache.org/repos/asf/ant/core/tags/ANT_15_FINAL@273079 13f79535-47bb-0310-9956-ffa450edef68 ";"1";"-1"
"CallTarget.java";"org.apache.tools.ant.taskdefs";"NO";"NO";"NO";"NO";"NO";"NO";"NO";"NO";"NO";"NO";"NO";"NO";"NO";"cb3bc5fa53684533f42385432e356fea9a4eec19";"This commit was manufactured by cvs2svn to create tag 'ANT_151_FINAL'.  git-svn-id: https://svn.apache.org/repos/asf/ant/core/tags/ANT_151_FINAL@273395 13f79535-47bb-0310-9956-ffa450edef68 ";"1";"-1"
"CallTarget.java";"org.apache.tools.ant.taskdefs";"NO";"NO";"NO";"NO";"NO";"NO";"NO";"NO";"NO";"NO";"NO";"NO";"NO";"6a58fc065a946967e4842914d64b2e3259305021";"This commit was manufactured by cvs2svn to create tag 'ANT_15_FINAL'.  git-svn-id: https://svn.apache.org/repos/asf/ant/core/tags/ANT_15_FINAL@273079 13f79535-47bb-0310-9956-ffa450edef68 ";"1";"-1"
"Chmod.java";"org.apache.tools.ant.taskdefs";"NO";"NO";"NO";"NO";"NO";"NO";"NO";"NO";"NO";"NO";"NO";"NO";"NO";"cb3bc5fa53684533f42385432e356fea9a4eec19";"This commit was manufactured by cvs2svn to create tag 'ANT_151_FINAL'.  git-svn-id: https://svn.apache.org/repos/asf/ant/core/tags/ANT_151_FINAL@273395 13f79535-47bb-0310-9956-ffa450edef68 ";"1";"-1"
"Chmod.java";"org.apache.tools.ant.taskdefs";"NO";"NO";"NO";"NO";"NO";"NO";"NO";"NO";"NO";"NO";"NO";"NO";"NO";"6a58fc065a946967e4842914d64b2e3259305021";"This commit was manufactured by cvs2svn to create tag 'ANT_15_FINAL'.  git-svn-id: https://svn.apache.org/repos/asf/ant/core/tags/ANT_15_FINAL@273079 13f79535-47bb-0310-9956-ffa450edef68 ";"1";"-1"
"CompileTask.java";"org.apache.tools.ant.taskdefs";"NO";"NO";"NO";"NO";"NO";"NO";"NO";"NO";"NO";"NO";"NO";"NO";"NO";"";"";"0";"0"
"Copy.java";"org.apache.tools.ant.taskdefs";"NO";"NO";"NO";"NO";"NO";"NO";"NO";"NO";"NO";"NO";"NO";"NO";"NO";"cb3bc5fa53684533f42385432e356fea9a4eec19";"This commit was manufactured by cvs2svn to create tag 'ANT_151_FINAL'.  git-svn-id: https://svn.apache.org/repos/asf/ant/core/tags/ANT_151_FINAL@273395 13f79535-47bb-0310-9956-ffa450edef68 ";"1";"-1"
"Copy.java";"org.apache.tools.ant.taskdefs";"NO";"NO";"NO";"NO";"NO";"NO";"NO";"NO";"NO";"NO";"NO";"NO";"NO";"6a58fc065a946967e4842914d64b2e3259305021";"This commit was manufactured by cvs2svn to create tag 'ANT_15_FINAL'.  git-svn-id: https://svn.apache.org/repos/asf/ant/core/tags/ANT_15_FINAL@273079 13f79535-47bb-0310-9956-ffa450edef68 ";"1";"-1"
"Copydir.java";"org.apache.tools.ant.taskdefs";"NO";"NO";"NO";"NO";"NO";"NO";"NO";"NO";"NO";"NO";"NO";"NO";"NO";"";"";"0";"0"
"Copyfile.java";"org.apache.tools.ant.taskdefs";"NO";"NO";"NO";"NO";"NO";"NO";"NO";"NO";"NO";"NO";"NO";"NO";"NO";"";"";"0";"0"
"Cvs.java";"org.apache.tools.ant.taskdefs";"NO";"NO";"NO";"NO";"NO";"NO";"NO";"NO";"NO";"NO";"NO";"NO";"NO";"cb3bc5fa53684533f42385432e356fea9a4eec19";"This commit was manufactured by cvs2svn to create tag 'ANT_151_FINAL'.  git-svn-id: https://svn.apache.org/repos/asf/ant/core/tags/ANT_151_FINAL@273395 13f79535-47bb-0310-9956-ffa450edef68 ";"1";"-1"
"Cvs.java";"org.apache.tools.ant.taskdefs";"NO";"NO";"NO";"NO";"NO";"NO";"NO";"NO";"NO";"NO";"NO";"NO";"NO";"6a58fc065a946967e4842914d64b2e3259305021";"This commit was manufactured by cvs2svn to create tag 'ANT_15_FINAL'.  git-svn-id: https://svn.apache.org/repos/asf/ant/core/tags/ANT_15_FINAL@273079 13f79535-47bb-0310-9956-ffa450edef68 ";"1";"-1"
"Deltree.java";"org.apache.tools.ant.taskdefs";"NO";"NO";"NO";"NO";"NO";"NO";"NO";"NO";"NO";"NO";"NO";"NO";"NO";"";"";"0";"0"
"Echo.java";"org.apache.tools.ant.taskdefs";"NO";"NO";"NO";"NO";"NO";"NO";"NO";"NO";"NO";"NO";"NO";"NO";"NO";"cb3bc5fa53684533f42385432e356fea9a4eec19";"This commit was manufactured by cvs2svn to create tag 'ANT_151_FINAL'.  git-svn-id: https://svn.apache.org/repos/asf/ant/core/tags/ANT_151_FINAL@273395 13f79535-47bb-0310-9956-ffa450edef68 ";"1";"-1"
"Echo.java";"org.apache.tools.ant.taskdefs";"NO";"NO";"NO";"NO";"NO";"NO";"NO";"NO";"NO";"NO";"NO";"NO";"NO";"6a58fc065a946967e4842914d64b2e3259305021";"This commit was manufactured by cvs2svn to create tag 'ANT_15_FINAL'.  git-svn-id: https://svn.apache.org/repos/asf/ant/core/tags/ANT_15_FINAL@273079 13f79535-47bb-0310-9956-ffa450edef68 ";"1";"-1"
"Exec.java";"org.apache.tools.ant.taskdefs";"NO";"NO";"NO";"NO";"NO";"NO";"NO";"NO";"NO";"NO";"NO";"NO";"NO";"";"";"0";"0"
"ExecTask.java";"org.apache.tools.ant.taskdefs";"NO";"NO";"NO";"NO";"NO";"NO";"NO";"NO";"NO";"NO";"NO";"NO";"NO";"cb3bc5fa53684533f42385432e356fea9a4eec19";"This commit was manufactured by cvs2svn to create tag 'ANT_151_FINAL'.  git-svn-id: https://svn.apache.org/repos/asf/ant/core/tags/ANT_151_FINAL@273395 13f79535-47bb-0310-9956-ffa450edef68 ";"1";"-1"
"ExecTask.java";"org.apache.tools.ant.taskdefs";"NO";"NO";"NO";"NO";"NO";"NO";"NO";"NO";"NO";"NO";"NO";"NO";"NO";"6a58fc065a946967e4842914d64b2e3259305021";"This commit was manufactured by cvs2svn to create tag 'ANT_15_FINAL'.  git-svn-id: https://svn.apache.org/repos/asf/ant/core/tags/ANT_15_FINAL@273079 13f79535-47bb-0310-9956-ffa450edef68 ";"1";"-1"
"Execute.java";"org.apache.tools.ant.taskdefs";"NO";"NO";"NO";"NO";"NO";"NO";"NO";"NO";"NO";"NO";"NO";"NO";"NO";"cb3bc5fa53684533f42385432e356fea9a4eec19";"This commit was manufactured by cvs2svn to create tag 'ANT_151_FINAL'.  git-svn-id: https://svn.apache.org/repos/asf/ant/core/tags/ANT_151_FINAL@273395 13f79535-47bb-0310-9956-ffa450edef68 ";"1";"-1"
"Execute.java";"org.apache.tools.ant.taskdefs";"NO";"NO";"NO";"NO";"NO";"NO";"NO";"NO";"NO";"NO";"NO";"NO";"NO";"6a58fc065a946967e4842914d64b2e3259305021";"This commit was manufactured by cvs2svn to create tag 'ANT_15_FINAL'.  git-svn-id: https://svn.apache.org/repos/asf/ant/core/tags/ANT_15_FINAL@273079 13f79535-47bb-0310-9956-ffa450edef68 ";"1";"-1"
"ExecuteJava.java";"org.apache.tools.ant.taskdefs";"NO";"NO";"NO";"NO";"NO";"NO";"NO";"NO";"NO";"NO";"NO";"NO";"NO";"";"";"0";"0"
"ExecuteStreamHandler.java";"org.apache.tools.ant.taskdefs";"NO";"NO";"NO";"NO";"NO";"NO";"NO";"NO";"NO";"NO";"NO";"NO";"NO";"";"";"0";"0"
"ExecuteWatchdog.java";"org.apache.tools.ant.taskdefs";"NO";"NO";"NO";"NO";"NO";"NO";"NO";"NO";"NO";"NO";"NO";"NO";"NO";"cb3bc5fa53684533f42385432e356fea9a4eec19";"This commit was manufactured by cvs2svn to create tag 'ANT_151_FINAL'.  git-svn-id: https://svn.apache.org/repos/asf/ant/core/tags/ANT_151_FINAL@273395 13f79535-47bb-0310-9956-ffa450edef68 ";"1";"-1"
"Exit.java";"org.apache.tools.ant.taskdefs";"NO";"NO";"NO";"NO";"NO";"NO";"NO";"NO";"NO";"NO";"NO";"NO";"NO";"cb3bc5fa53684533f42385432e356fea9a4eec19";"This commit was manufactured by cvs2svn to create tag 'ANT_151_FINAL'.  git-svn-id: https://svn.apache.org/repos/asf/ant/core/tags/ANT_151_FINAL@273395 13f79535-47bb-0310-9956-ffa450edef68 ";"1";"-1"
"Exit.java";"org.apache.tools.ant.taskdefs";"NO";"NO";"NO";"NO";"NO";"NO";"NO";"NO";"NO";"NO";"NO";"NO";"NO";"6a58fc065a946967e4842914d64b2e3259305021";"This commit was manufactured by cvs2svn to create tag 'ANT_15_FINAL'.  git-svn-id: https://svn.apache.org/repos/asf/ant/core/tags/ANT_15_FINAL@273079 13f79535-47bb-0310-9956-ffa450edef68 ";"1";"-1"
"Filter.java";"org.apache.tools.ant.taskdefs";"NO";"NO";"NO";"NO";"NO";"NO";"NO";"NO";"NO";"NO";"NO";"NO";"NO";"cb3bc5fa53684533f42385432e356fea9a4eec19";"This commit was manufactured by cvs2svn to create tag 'ANT_151_FINAL'.  git-svn-id: https://svn.apache.org/repos/asf/ant/core/tags/ANT_151_FINAL@273395 13f79535-47bb-0310-9956-ffa450edef68 ";"1";"-1"
"Filter.java";"org.apache.tools.ant.taskdefs";"NO";"NO";"NO";"NO";"NO";"NO";"NO";"NO";"NO";"NO";"NO";"NO";"NO";"6a58fc065a946967e4842914d64b2e3259305021";"This commit was manufactured by cvs2svn to create tag 'ANT_15_FINAL'.  git-svn-id: https://svn.apache.org/repos/asf/ant/core/tags/ANT_15_FINAL@273079 13f79535-47bb-0310-9956-ffa450edef68 ";"1";"-1"
"GUnzip.java";"org.apache.tools.ant.taskdefs";"NO";"NO";"NO";"NO";"NO";"NO";"NO";"NO";"NO";"NO";"NO";"NO";"NO";"";"";"0";"0"
"GZip.java";"org.apache.tools.ant.taskdefs";"NO";"NO";"NO";"NO";"NO";"NO";"NO";"NO";"NO";"NO";"NO";"NO";"NO";"";"";"0";"0"
"Jar.java";"org.apache.tools.ant.taskdefs";"NO";"NO";"NO";"NO";"NO";"NO";"NO";"NO";"NO";"NO";"NO";"NO";"NO";"cb3bc5fa53684533f42385432e356fea9a4eec19";"This commit was manufactured by cvs2svn to create tag 'ANT_151_FINAL'.  git-svn-id: https://svn.apache.org/repos/asf/ant/core/tags/ANT_151_FINAL@273395 13f79535-47bb-0310-9956-ffa450edef68 ";"1";"-1"
"Jar.java";"org.apache.tools.ant.taskdefs";"NO";"NO";"NO";"NO";"NO";"NO";"NO";"NO";"NO";"NO";"NO";"NO";"NO";"6a58fc065a946967e4842914d64b2e3259305021";"This commit was manufactured by cvs2svn to create tag 'ANT_15_FINAL'.  git-svn-id: https://svn.apache.org/repos/asf/ant/core/tags/ANT_15_FINAL@273079 13f79535-47bb-0310-9956-ffa450edef68 ";"1";"-1"
"Java.java";"org.apache.tools.ant.taskdefs";"NO";"NO";"NO";"NO";"NO";"NO";"NO";"NO";"NO";"NO";"NO";"NO";"NO";"cb3bc5fa53684533f42385432e356fea9a4eec19";"This commit was manufactured by cvs2svn to create tag 'ANT_151_FINAL'.  git-svn-id: https://svn.apache.org/repos/asf/ant/core/tags/ANT_151_FINAL@273395 13f79535-47bb-0310-9956-ffa450edef68 ";"1";"-1"
"Java.java";"org.apache.tools.ant.taskdefs";"NO";"NO";"NO";"NO";"NO";"NO";"NO";"NO";"NO";"NO";"NO";"NO";"NO";"6a58fc065a946967e4842914d64b2e3259305021";"This commit was manufactured by cvs2svn to create tag 'ANT_15_FINAL'.  git-svn-id: https://svn.apache.org/repos/asf/ant/core/tags/ANT_15_FINAL@273079 13f79535-47bb-0310-9956-ffa450edef68 ";"1";"-1"
"Javac.java";"org.apache.tools.ant.taskdefs";"NO";"NO";"NO";"NO";"NO";"NO";"NO";"NO";"NO";"NO";"NO";"NO";"NO";"cb3bc5fa53684533f42385432e356fea9a4eec19";"This commit was manufactured by cvs2svn to create tag 'ANT_151_FINAL'.  git-svn-id: https://svn.apache.org/repos/asf/ant/core/tags/ANT_151_FINAL@273395 13f79535-47bb-0310-9956-ffa450edef68 ";"1";"-1"
"Javac.java";"org.apache.tools.ant.taskdefs";"NO";"NO";"NO";"NO";"NO";"NO";"NO";"NO";"NO";"NO";"NO";"NO";"NO";"6a58fc065a946967e4842914d64b2e3259305021";"This commit was manufactured by cvs2svn to create tag 'ANT_15_FINAL'.  git-svn-id: https://svn.apache.org/repos/asf/ant/core/tags/ANT_15_FINAL@273079 13f79535-47bb-0310-9956-ffa450edef68 ";"1";"-1"
"JavacOutputStream.java";"org.apache.tools.ant.taskdefs";"NO";"NO";"NO";"NO";"NO";"NO";"NO";"NO";"NO";"NO";"NO";"NO";"NO";"";"";"0";"0"
"Jikes.java";"org.apache.tools.ant.taskdefs";"NO";"NO";"NO";"NO";"NO";"NO";"NO";"NO";"NO";"NO";"NO";"NO";"NO";"";"";"0";"0"
"JikesOutputParser.java";"org.apache.tools.ant.taskdefs";"NO";"NO";"NO";"NO";"NO";"NO";"NO";"NO";"NO";"NO";"NO";"NO";"NO";"";"";"0";"0"
"KeySubst.java";"org.apache.tools.ant.taskdefs";"NO";"NO";"NO";"NO";"NO";"NO";"NO";"NO";"NO";"NO";"NO";"NO";"NO";"";"";"0";"0"
"LogOutputStream.java";"org.apache.tools.ant.taskdefs";"NO";"NO";"NO";"NO";"NO";"NO";"NO";"NO";"NO";"NO";"NO";"NO";"NO";"";"";"0";"0"
"Mkdir.java";"org.apache.tools.ant.taskdefs";"NO";"NO";"NO";"NO";"NO";"NO";"NO";"NO";"NO";"NO";"NO";"NO";"NO";"cb3bc5fa53684533f42385432e356fea9a4eec19";"This commit was manufactured by cvs2svn to create tag 'ANT_151_FINAL'.  git-svn-id: https://svn.apache.org/repos/asf/ant/core/tags/ANT_151_FINAL@273395 13f79535-47bb-0310-9956-ffa450edef68 ";"1";"-1"
"Mkdir.java";"org.apache.tools.ant.taskdefs";"NO";"NO";"NO";"NO";"NO";"NO";"NO";"NO";"NO";"NO";"NO";"NO";"NO";"6a58fc065a946967e4842914d64b2e3259305021";"This commit was manufactured by cvs2svn to create tag 'ANT_15_FINAL'.  git-svn-id: https://svn.apache.org/repos/asf/ant/core/tags/ANT_15_FINAL@273079 13f79535-47bb-0310-9956-ffa450edef68 ";"1";"-1"
"Cab.java";"org.apache.tools.ant.taskdefs.optional";"NO";"NO";"NO";"NO";"NO";"NO";"NO";"NO";"NO";"NO";"NO";"NO";"NO";"cb3bc5fa53684533f42385432e356fea9a4eec19";"This commit was manufactured by cvs2svn to create tag 'ANT_151_FINAL'.  git-svn-id: https://svn.apache.org/repos/asf/ant/core/tags/ANT_151_FINAL@273395 13f79535-47bb-0310-9956-ffa450edef68 ";"1";"-1"
"Cab.java";"org.apache.tools.ant.taskdefs.optional";"NO";"NO";"NO";"NO";"NO";"NO";"NO";"NO";"NO";"NO";"NO";"NO";"NO";"6a58fc065a946967e4842914d64b2e3259305021";"This commit was manufactured by cvs2svn to create tag 'ANT_15_FINAL'.  git-svn-id: https://svn.apache.org/repos/asf/ant/core/tags/ANT_15_FINAL@273079 13f79535-47bb-0310-9956-ffa450edef68 ";"1";"-1"
"DDCreator.java";"org.apache.tools.ant.taskdefs.optional.ejb";"NO";"NO";"NO";"NO";"NO";"NO";"NO";"NO";"NO";"NO";"NO";"NO";"NO";"cb3bc5fa53684533f42385432e356fea9a4eec19";"This commit was manufactured by cvs2svn to create tag 'ANT_151_FINAL'.  git-svn-id: https://svn.apache.org/repos/asf/ant/core/tags/ANT_151_FINAL@273395 13f79535-47bb-0310-9956-ffa450edef68 ";"1";"-1"
"DDCreator.java";"org.apache.tools.ant.taskdefs.optional.ejb";"NO";"NO";"NO";"NO";"NO";"NO";"NO";"NO";"NO";"NO";"NO";"NO";"NO";"6a58fc065a946967e4842914d64b2e3259305021";"This commit was manufactured by cvs2svn to create tag 'ANT_15_FINAL'.  git-svn-id: https://svn.apache.org/repos/asf/ant/core/tags/ANT_15_FINAL@273079 13f79535-47bb-0310-9956-ffa450edef68 ";"1";"-1"
"DDCreatorHelper.java";"org.apache.tools.ant.taskdefs.optional.ejb";"NO";"NO";"NO";"NO";"NO";"NO";"NO";"NO";"NO";"NO";"NO";"NO";"NO";"";"";"0";"0"
"DescriptorHandler.java";"org.apache.tools.ant.taskdefs.optional.ejb";"NO";"NO";"NO";"NO";"NO";"NO";"NO";"NO";"NO";"NO";"NO";"NO";"NO";"";"";"0";"0"
"Ejbc.java";"org.apache.tools.ant.taskdefs.optional.ejb";"NO";"NO";"NO";"NO";"NO";"NO";"NO";"NO";"NO";"NO";"NO";"NO";"NO";"cb3bc5fa53684533f42385432e356fea9a4eec19";"This commit was manufactured by cvs2svn to create tag 'ANT_151_FINAL'.  git-svn-id: https://svn.apache.org/repos/asf/ant/core/tags/ANT_151_FINAL@273395 13f79535-47bb-0310-9956-ffa450edef68 ";"1";"-1"
"Ejbc.java";"org.apache.tools.ant.taskdefs.optional.ejb";"NO";"NO";"NO";"NO";"NO";"NO";"NO";"NO";"NO";"NO";"NO";"NO";"NO";"6a58fc065a946967e4842914d64b2e3259305021";"This commit was manufactured by cvs2svn to create tag 'ANT_15_FINAL'.  git-svn-id: https://svn.apache.org/repos/asf/ant/core/tags/ANT_15_FINAL@273079 13f79535-47bb-0310-9956-ffa450edef68 ";"1";"-1"
"EjbcHelper.java";"org.apache.tools.ant.taskdefs.optional.ejb";"NO";"NO";"NO";"NO";"NO";"NO";"NO";"NO";"NO";"NO";"NO";"NO";"NO";"";"";"0";"0"
"EJBDeploymentTool.java";"org.apache.tools.ant.taskdefs.optional.ejb";"NO";"NO";"NO";"NO";"NO";"NO";"NO";"NO";"NO";"NO";"NO";"NO";"NO";"";"";"0";"0"
"EjbJar.java";"org.apache.tools.ant.taskdefs.optional.ejb";"NO";"NO";"NO";"NO";"NO";"NO";"NO";"NO";"NO";"NO";"NO";"NO";"NO";"cb3bc5fa53684533f42385432e356fea9a4eec19";"This commit was manufactured by cvs2svn to create tag 'ANT_151_FINAL'.  git-svn-id: https://svn.apache.org/repos/asf/ant/core/tags/ANT_151_FINAL@273395 13f79535-47bb-0310-9956-ffa450edef68 ";"1";"-1"
"EjbJar.java";"org.apache.tools.ant.taskdefs.optional.ejb";"NO";"NO";"NO";"NO";"NO";"NO";"NO";"NO";"NO";"NO";"NO";"NO";"NO";"6a58fc065a946967e4842914d64b2e3259305021";"This commit was manufactured by cvs2svn to create tag 'ANT_15_FINAL'.  git-svn-id: https://svn.apache.org/repos/asf/ant/core/tags/ANT_15_FINAL@273079 13f79535-47bb-0310-9956-ffa450edef68 ";"1";"-1"
"GenericDeploymentTool.java";"org.apache.tools.ant.taskdefs.optional.ejb";"NO";"NO";"NO";"NO";"NO";"NO";"NO";"NO";"NO";"NO";"NO";"NO";"NO";"cb3bc5fa53684533f42385432e356fea9a4eec19";"This commit was manufactured by cvs2svn to create tag 'ANT_151_FINAL'.  git-svn-id: https://svn.apache.org/repos/asf/ant/core/tags/ANT_151_FINAL@273395 13f79535-47bb-0310-9956-ffa450edef68 ";"1";"-1"
"GenericDeploymentTool.java";"org.apache.tools.ant.taskdefs.optional.ejb";"NO";"NO";"NO";"NO";"NO";"NO";"NO";"NO";"NO";"NO";"NO";"NO";"NO";"6a58fc065a946967e4842914d64b2e3259305021";"This commit was manufactured by cvs2svn to create tag 'ANT_15_FINAL'.  git-svn-id: https://svn.apache.org/repos/asf/ant/core/tags/ANT_15_FINAL@273079 13f79535-47bb-0310-9956-ffa450edef68 ";"1";"-1"
"InnerClassFilenameFilter.java";"org.apache.tools.ant.taskdefs.optional.ejb";"NO";"NO";"NO";"NO";"NO";"NO";"NO";"NO";"NO";"NO";"NO";"NO";"NO";"";"";"0";"0"
"WeblogicTOPLinkDeploymentTool.java";"org.apache.tools.ant.taskdefs.optional.ejb";"NO";"NO";"NO";"NO";"NO";"NO";"NO";"NO";"NO";"NO";"NO";"NO";"NO";"";"";"0";"0"
"WLRun.java";"org.apache.tools.ant.taskdefs.optional.ejb";"NO";"NO";"NO";"NO";"NO";"NO";"NO";"NO";"NO";"NO";"NO";"NO";"NO";"cb3bc5fa53684533f42385432e356fea9a4eec19";"This commit was manufactured by cvs2svn to create tag 'ANT_151_FINAL'.  git-svn-id: https://svn.apache.org/repos/asf/ant/core/tags/ANT_151_FINAL@273395 13f79535-47bb-0310-9956-ffa450edef68 ";"1";"-1"
"WLRun.java";"org.apache.tools.ant.taskdefs.optional.ejb";"NO";"NO";"NO";"NO";"NO";"NO";"NO";"NO";"NO";"NO";"NO";"NO";"NO";"6a58fc065a946967e4842914d64b2e3259305021";"This commit was manufactured by cvs2svn to create tag 'ANT_15_FINAL'.  git-svn-id: https://svn.apache.org/repos/asf/ant/core/tags/ANT_15_FINAL@273079 13f79535-47bb-0310-9956-ffa450edef68 ";"1";"-1"
"WLStop.java";"org.apache.tools.ant.taskdefs.optional.ejb";"NO";"NO";"NO";"NO";"NO";"NO";"NO";"NO";"NO";"NO";"NO";"NO";"NO";"cb3bc5fa53684533f42385432e356fea9a4eec19";"This commit was manufactured by cvs2svn to create tag 'ANT_151_FINAL'.  git-svn-id: https://svn.apache.org/repos/asf/ant/core/tags/ANT_151_FINAL@273395 13f79535-47bb-0310-9956-ffa450edef68 ";"1";"-1"
"WLStop.java";"org.apache.tools.ant.taskdefs.optional.ejb";"NO";"NO";"NO";"NO";"NO";"NO";"NO";"NO";"NO";"NO";"NO";"NO";"NO";"6a58fc065a946967e4842914d64b2e3259305021";"This commit was manufactured by cvs2svn to create tag 'ANT_15_FINAL'.  git-svn-id: https://svn.apache.org/repos/asf/ant/core/tags/ANT_15_FINAL@273079 13f79535-47bb-0310-9956-ffa450edef68 ";"1";"-1"
"FTP.java";"org.apache.tools.ant.taskdefs.optional";"NO";"NO";"NO";"NO";"NO";"NO";"NO";"NO";"NO";"NO";"NO";"NO";"NO";"";"";"0";"0"
"JavaCC.java";"org.apache.tools.ant.taskdefs.optional.javacc";"NO";"NO";"NO";"NO";"NO";"NO";"NO";"NO";"NO";"NO";"NO";"NO";"NO";"cb3bc5fa53684533f42385432e356fea9a4eec19";"This commit was manufactured by cvs2svn to create tag 'ANT_151_FINAL'.  git-svn-id: https://svn.apache.org/repos/asf/ant/core/tags/ANT_151_FINAL@273395 13f79535-47bb-0310-9956-ffa450edef68 ";"1";"-1"
"JavaCC.java";"org.apache.tools.ant.taskdefs.optional.javacc";"NO";"NO";"NO";"NO";"NO";"NO";"NO";"NO";"NO";"NO";"NO";"NO";"NO";"6a58fc065a946967e4842914d64b2e3259305021";"This commit was manufactured by cvs2svn to create tag 'ANT_15_FINAL'.  git-svn-id: https://svn.apache.org/repos/asf/ant/core/tags/ANT_15_FINAL@273079 13f79535-47bb-0310-9956-ffa450edef68 ";"1";"-1"
"JJTree.java";"org.apache.tools.ant.taskdefs.optional.javacc";"NO";"NO";"NO";"NO";"NO";"NO";"NO";"NO";"NO";"NO";"NO";"NO";"NO";"cb3bc5fa53684533f42385432e356fea9a4eec19";"This commit was manufactured by cvs2svn to create tag 'ANT_151_FINAL'.  git-svn-id: https://svn.apache.org/repos/asf/ant/core/tags/ANT_151_FINAL@273395 13f79535-47bb-0310-9956-ffa450edef68 ";"1";"-1"
"JJTree.java";"org.apache.tools.ant.taskdefs.optional.javacc";"NO";"NO";"NO";"NO";"NO";"NO";"NO";"NO";"NO";"NO";"NO";"NO";"NO";"6a58fc065a946967e4842914d64b2e3259305021";"This commit was manufactured by cvs2svn to create tag 'ANT_15_FINAL'.  git-svn-id: https://svn.apache.org/repos/asf/ant/core/tags/ANT_15_FINAL@273079 13f79535-47bb-0310-9956-ffa450edef68 ";"1";"-1"
"ClassNameReader.java";"org.apache.tools.ant.taskdefs.optional.jlink";"NO";"NO";"NO";"NO";"NO";"NO";"NO";"NO";"NO";"NO";"NO";"NO";"NO";"";"";"0";"0"
"jlink.java";"org.apache.tools.ant.taskdefs.optional.jlink";"NO";"NO";"NO";"NO";"NO";"NO";"NO";"NO";"NO";"NO";"NO";"NO";"NO";"";"";"0";"0"
"JlinkTask.java";"org.apache.tools.ant.taskdefs.optional.jlink";"NO";"NO";"NO";"NO";"NO";"NO";"NO";"NO";"NO";"NO";"NO";"NO";"NO";"cb3bc5fa53684533f42385432e356fea9a4eec19";"This commit was manufactured by cvs2svn to create tag 'ANT_151_FINAL'.  git-svn-id: https://svn.apache.org/repos/asf/ant/core/tags/ANT_151_FINAL@273395 13f79535-47bb-0310-9956-ffa450edef68 ";"1";"-1"
"JlinkTask.java";"org.apache.tools.ant.taskdefs.optional.jlink";"NO";"NO";"NO";"NO";"NO";"NO";"NO";"NO";"NO";"NO";"NO";"NO";"NO";"6a58fc065a946967e4842914d64b2e3259305021";"This commit was manufactured by cvs2svn to create tag 'ANT_15_FINAL'.  git-svn-id: https://svn.apache.org/repos/asf/ant/core/tags/ANT_15_FINAL@273079 13f79535-47bb-0310-9956-ffa450edef68 ";"1";"-1"
"WLJspc.java";"org.apache.tools.ant.taskdefs.optional.jsp";"NO";"NO";"NO";"NO";"NO";"NO";"NO";"NO";"NO";"NO";"NO";"NO";"NO";"cb3bc5fa53684533f42385432e356fea9a4eec19";"This commit was manufactured by cvs2svn to create tag 'ANT_151_FINAL'.  git-svn-id: https://svn.apache.org/repos/asf/ant/core/tags/ANT_151_FINAL@273395 13f79535-47bb-0310-9956-ffa450edef68 ";"1";"-1"
"WLJspc.java";"org.apache.tools.ant.taskdefs.optional.jsp";"NO";"NO";"NO";"NO";"NO";"NO";"NO";"NO";"NO";"NO";"NO";"NO";"NO";"6a58fc065a946967e4842914d64b2e3259305021";"This commit was manufactured by cvs2svn to create tag 'ANT_15_FINAL'.  git-svn-id: https://svn.apache.org/repos/asf/ant/core/tags/ANT_15_FINAL@273079 13f79535-47bb-0310-9956-ffa450edef68 ";"1";"-1"
"BaseTest.java";"org.apache.tools.ant.taskdefs.optional.junit";"NO";"NO";"NO";"NO";"NO";"NO";"NO";"NO";"NO";"NO";"NO";"NO";"NO";"";"";"0";"0"
"BatchTest.java";"org.apache.tools.ant.taskdefs.optional.junit";"NO";"NO";"NO";"NO";"NO";"NO";"NO";"NO";"NO";"NO";"NO";"NO";"NO";"";"";"0";"0"
"FormatterElement.java";"org.apache.tools.ant.taskdefs.optional.junit";"NO";"NO";"NO";"NO";"NO";"NO";"NO";"NO";"NO";"NO";"NO";"NO";"NO";"";"";"0";"0"
"JUnitResultFormatter.java";"org.apache.tools.ant.taskdefs.optional.junit";"NO";"NO";"NO";"NO";"NO";"NO";"NO";"NO";"NO";"NO";"NO";"NO";"NO";"";"";"0";"0"
"JUnitTask.java";"org.apache.tools.ant.taskdefs.optional.junit";"NO";"NO";"NO";"NO";"NO";"NO";"NO";"NO";"NO";"NO";"NO";"NO";"NO";"cb3bc5fa53684533f42385432e356fea9a4eec19";"This commit was manufactured by cvs2svn to create tag 'ANT_151_FINAL'.  git-svn-id: https://svn.apache.org/repos/asf/ant/core/tags/ANT_151_FINAL@273395 13f79535-47bb-0310-9956-ffa450edef68 ";"1";"-1"
"JUnitTask.java";"org.apache.tools.ant.taskdefs.optional.junit";"NO";"NO";"NO";"NO";"NO";"NO";"NO";"NO";"NO";"NO";"NO";"NO";"NO";"6a58fc065a946967e4842914d64b2e3259305021";"This commit was manufactured by cvs2svn to create tag 'ANT_15_FINAL'.  git-svn-id: https://svn.apache.org/repos/asf/ant/core/tags/ANT_15_FINAL@273079 13f79535-47bb-0310-9956-ffa450edef68 ";"1";"-1"
"JUnitTest.java";"org.apache.tools.ant.taskdefs.optional.junit";"NO";"NO";"NO";"NO";"NO";"NO";"NO";"NO";"NO";"NO";"NO";"NO";"NO";"";"";"0";"0"
"JUnitTestRunner.java";"org.apache.tools.ant.taskdefs.optional.junit";"NO";"NO";"NO";"NO";"NO";"NO";"NO";"NO";"NO";"NO";"NO";"NO";"NO";"cb3bc5fa53684533f42385432e356fea9a4eec19";"This commit was manufactured by cvs2svn to create tag 'ANT_151_FINAL'.  git-svn-id: https://svn.apache.org/repos/asf/ant/core/tags/ANT_151_FINAL@273395 13f79535-47bb-0310-9956-ffa450edef68 ";"1";"-1"
"JUnitTestRunner.java";"org.apache.tools.ant.taskdefs.optional.junit";"NO";"NO";"NO";"NO";"NO";"NO";"NO";"NO";"NO";"NO";"NO";"NO";"NO";"6a58fc065a946967e4842914d64b2e3259305021";"This commit was manufactured by cvs2svn to create tag 'ANT_15_FINAL'.  git-svn-id: https://svn.apache.org/repos/asf/ant/core/tags/ANT_15_FINAL@273079 13f79535-47bb-0310-9956-ffa450edef68 ";"1";"-1"
"PlainJUnitResultFormatter.java";"org.apache.tools.ant.taskdefs.optional.junit";"NO";"NO";"NO";"NO";"NO";"NO";"NO";"NO";"NO";"NO";"NO";"NO";"NO";"";"";"0";"0"
"SummaryJUnitResultFormatter.java";"org.apache.tools.ant.taskdefs.optional.junit";"NO";"NO";"NO";"NO";"NO";"NO";"NO";"NO";"NO";"NO";"NO";"NO";"NO";"";"";"0";"0"
"XMLJUnitResultFormatter.java";"org.apache.tools.ant.taskdefs.optional.junit";"NO";"NO";"NO";"NO";"NO";"NO";"NO";"NO";"NO";"NO";"NO";"NO";"NO";"";"";"0";"0"
"MParse.java";"org.apache.tools.ant.taskdefs.optional.metamata";"NO";"NO";"NO";"NO";"NO";"NO";"NO";"NO";"NO";"NO";"NO";"NO";"NO";"cb3bc5fa53684533f42385432e356fea9a4eec19";"This commit was manufactured by cvs2svn to create tag 'ANT_151_FINAL'.  git-svn-id: https://svn.apache.org/repos/asf/ant/core/tags/ANT_151_FINAL@273395 13f79535-47bb-0310-9956-ffa450edef68 ";"1";"-1"
"MParse.java";"org.apache.tools.ant.taskdefs.optional.metamata";"NO";"NO";"NO";"NO";"NO";"NO";"NO";"NO";"NO";"NO";"NO";"NO";"NO";"6a58fc065a946967e4842914d64b2e3259305021";"This commit was manufactured by cvs2svn to create tag 'ANT_15_FINAL'.  git-svn-id: https://svn.apache.org/repos/asf/ant/core/tags/ANT_15_FINAL@273079 13f79535-47bb-0310-9956-ffa450edef68 ";"1";"-1"
"Native2Ascii.java";"org.apache.tools.ant.taskdefs.optional";"NO";"NO";"NO";"NO";"NO";"NO";"NO";"NO";"NO";"NO";"NO";"NO";"NO";"cb3bc5fa53684533f42385432e356fea9a4eec19";"This commit was manufactured by cvs2svn to create tag 'ANT_151_FINAL'.  git-svn-id: https://svn.apache.org/repos/asf/ant/core/tags/ANT_151_FINAL@273395 13f79535-47bb-0310-9956-ffa450edef68 ";"1";"-1"
"Native2Ascii.java";"org.apache.tools.ant.taskdefs.optional";"NO";"NO";"NO";"NO";"NO";"NO";"NO";"NO";"NO";"NO";"NO";"NO";"NO";"6a58fc065a946967e4842914d64b2e3259305021";"This commit was manufactured by cvs2svn to create tag 'ANT_15_FINAL'.  git-svn-id: https://svn.apache.org/repos/asf/ant/core/tags/ANT_15_FINAL@273079 13f79535-47bb-0310-9956-ffa450edef68 ";"1";"-1"
"P4sync.java";"org.apache.tools.ant.taskdefs.optional.perforce";"NO";"NO";"NO";"NO";"NO";"NO";"NO";"NO";"NO";"NO";"NO";"NO";"NO";"";"";"0";"0"
"RenameExtensions.java";"org.apache.tools.ant.taskdefs.optional";"NO";"NO";"NO";"NO";"NO";"NO";"NO";"NO";"NO";"NO";"NO";"NO";"NO";"cb3bc5fa53684533f42385432e356fea9a4eec19";"This commit was manufactured by cvs2svn to create tag 'ANT_151_FINAL'.  git-svn-id: https://svn.apache.org/repos/asf/ant/core/tags/ANT_151_FINAL@273395 13f79535-47bb-0310-9956-ffa450edef68 ";"1";"-1"
"RenameExtensions.java";"org.apache.tools.ant.taskdefs.optional";"NO";"NO";"NO";"NO";"NO";"NO";"NO";"NO";"NO";"NO";"NO";"NO";"NO";"6a58fc065a946967e4842914d64b2e3259305021";"This commit was manufactured by cvs2svn to create tag 'ANT_15_FINAL'.  git-svn-id: https://svn.apache.org/repos/asf/ant/core/tags/ANT_15_FINAL@273079 13f79535-47bb-0310-9956-ffa450edef68 ";"1";"-1"
"Script.java";"org.apache.tools.ant.taskdefs.optional";"NO";"NO";"NO";"NO";"NO";"NO";"NO";"NO";"NO";"NO";"NO";"NO";"NO";"cb3bc5fa53684533f42385432e356fea9a4eec19";"This commit was manufactured by cvs2svn to create tag 'ANT_151_FINAL'.  git-svn-id: https://svn.apache.org/repos/asf/ant/core/tags/ANT_151_FINAL@273395 13f79535-47bb-0310-9956-ffa450edef68 ";"1";"-1"
"Script.java";"org.apache.tools.ant.taskdefs.optional";"NO";"NO";"NO";"NO";"NO";"NO";"NO";"NO";"NO";"NO";"NO";"NO";"NO";"6a58fc065a946967e4842914d64b2e3259305021";"This commit was manufactured by cvs2svn to create tag 'ANT_15_FINAL'.  git-svn-id: https://svn.apache.org/repos/asf/ant/core/tags/ANT_15_FINAL@273079 13f79535-47bb-0310-9956-ffa450edef68 ";"1";"-1"
"MSVSS.java";"org.apache.tools.ant.taskdefs.optional.vss";"NO";"NO";"NO";"NO";"NO";"NO";"NO";"NO";"NO";"NO";"NO";"NO";"NO";"cb3bc5fa53684533f42385432e356fea9a4eec19";"This commit was manufactured by cvs2svn to create tag 'ANT_151_FINAL'.  git-svn-id: https://svn.apache.org/repos/asf/ant/core/tags/ANT_151_FINAL@273395 13f79535-47bb-0310-9956-ffa450edef68 ";"1";"-1"
"MSVSS.java";"org.apache.tools.ant.taskdefs.optional.vss";"NO";"NO";"NO";"NO";"NO";"NO";"NO";"NO";"NO";"NO";"NO";"NO";"NO";"6a58fc065a946967e4842914d64b2e3259305021";"This commit was manufactured by cvs2svn to create tag 'ANT_15_FINAL'.  git-svn-id: https://svn.apache.org/repos/asf/ant/core/tags/ANT_15_FINAL@273079 13f79535-47bb-0310-9956-ffa450edef68 ";"1";"-1"
"MSVSSGET.java";"org.apache.tools.ant.taskdefs.optional.vss";"NO";"NO";"NO";"NO";"NO";"NO";"NO";"NO";"NO";"NO";"NO";"NO";"NO";"cb3bc5fa53684533f42385432e356fea9a4eec19";"This commit was manufactured by cvs2svn to create tag 'ANT_151_FINAL'.  git-svn-id: https://svn.apache.org/repos/asf/ant/core/tags/ANT_151_FINAL@273395 13f79535-47bb-0310-9956-ffa450edef68 ";"1";"-1"
"MSVSSGET.java";"org.apache.tools.ant.taskdefs.optional.vss";"NO";"NO";"NO";"NO";"NO";"NO";"NO";"NO";"NO";"NO";"NO";"NO";"NO";"6a58fc065a946967e4842914d64b2e3259305021";"This commit was manufactured by cvs2svn to create tag 'ANT_15_FINAL'.  git-svn-id: https://svn.apache.org/repos/asf/ant/core/tags/ANT_15_FINAL@273079 13f79535-47bb-0310-9956-ffa450edef68 ";"1";"-1"
"XalanLiaison.java";"org.apache.tools.ant.taskdefs.optional";"NO";"NO";"NO";"NO";"NO";"NO";"NO";"NO";"NO";"NO";"NO";"NO";"NO";"cb3bc5fa53684533f42385432e356fea9a4eec19";"This commit was manufactured by cvs2svn to create tag 'ANT_151_FINAL'.  git-svn-id: https://svn.apache.org/repos/asf/ant/core/tags/ANT_151_FINAL@273395 13f79535-47bb-0310-9956-ffa450edef68 ";"1";"-1"
"XalanLiaison.java";"org.apache.tools.ant.taskdefs.optional";"NO";"NO";"NO";"NO";"NO";"NO";"NO";"NO";"NO";"NO";"NO";"NO";"NO";"6a58fc065a946967e4842914d64b2e3259305021";"This commit was manufactured by cvs2svn to create tag 'ANT_15_FINAL'.  git-svn-id: https://svn.apache.org/repos/asf/ant/core/tags/ANT_15_FINAL@273079 13f79535-47bb-0310-9956-ffa450edef68 ";"1";"-1"
"XslpLiaison.java";"org.apache.tools.ant.taskdefs.optional";"NO";"NO";"NO";"NO";"NO";"NO";"NO";"NO";"NO";"NO";"NO";"NO";"NO";"cb3bc5fa53684533f42385432e356fea9a4eec19";"This commit was manufactured by cvs2svn to create tag 'ANT_151_FINAL'.  git-svn-id: https://svn.apache.org/repos/asf/ant/core/tags/ANT_151_FINAL@273395 13f79535-47bb-0310-9956-ffa450edef68 ";"1";"-1"
"XslpLiaison.java";"org.apache.tools.ant.taskdefs.optional";"NO";"NO";"NO";"NO";"NO";"NO";"NO";"NO";"NO";"NO";"NO";"NO";"NO";"6a58fc065a946967e4842914d64b2e3259305021";"This commit was manufactured by cvs2svn to create tag 'ANT_15_FINAL'.  git-svn-id: https://svn.apache.org/repos/asf/ant/core/tags/ANT_15_FINAL@273079 13f79535-47bb-0310-9956-ffa450edef68 ";"1";"-1"
"Patch.java";"org.apache.tools.ant.taskdefs";"NO";"NO";"NO";"NO";"NO";"NO";"NO";"NO";"NO";"NO";"NO";"NO";"NO";"cb3bc5fa53684533f42385432e356fea9a4eec19";"This commit was manufactured by cvs2svn to create tag 'ANT_151_FINAL'.  git-svn-id: https://svn.apache.org/repos/asf/ant/core/tags/ANT_151_FINAL@273395 13f79535-47bb-0310-9956-ffa450edef68 ";"1";"-1"
"Patch.java";"org.apache.tools.ant.taskdefs";"NO";"NO";"NO";"NO";"NO";"NO";"NO";"NO";"NO";"NO";"NO";"NO";"NO";"6a58fc065a946967e4842914d64b2e3259305021";"This commit was manufactured by cvs2svn to create tag 'ANT_15_FINAL'.  git-svn-id: https://svn.apache.org/repos/asf/ant/core/tags/ANT_15_FINAL@273079 13f79535-47bb-0310-9956-ffa450edef68 ";"1";"-1"
"Property.java";"org.apache.tools.ant.taskdefs";"NO";"NO";"NO";"NO";"NO";"NO";"NO";"NO";"NO";"NO";"NO";"NO";"NO";"cb3bc5fa53684533f42385432e356fea9a4eec19";"This commit was manufactured by cvs2svn to create tag 'ANT_151_FINAL'.  git-svn-id: https://svn.apache.org/repos/asf/ant/core/tags/ANT_151_FINAL@273395 13f79535-47bb-0310-9956-ffa450edef68 ";"1";"-1"
"Property.java";"org.apache.tools.ant.taskdefs";"NO";"NO";"NO";"NO";"NO";"NO";"NO";"NO";"NO";"NO";"NO";"NO";"NO";"6a58fc065a946967e4842914d64b2e3259305021";"This commit was manufactured by cvs2svn to create tag 'ANT_15_FINAL'.  git-svn-id: https://svn.apache.org/repos/asf/ant/core/tags/ANT_15_FINAL@273079 13f79535-47bb-0310-9956-ffa450edef68 ";"1";"-1"
"Rename.java";"org.apache.tools.ant.taskdefs";"NO";"NO";"NO";"NO";"NO";"NO";"NO";"NO";"NO";"NO";"NO";"NO";"NO";"";"";"0";"0"
"Replace.java";"org.apache.tools.ant.taskdefs";"NO";"NO";"NO";"NO";"NO";"NO";"NO";"NO";"NO";"NO";"NO";"NO";"NO";"cb3bc5fa53684533f42385432e356fea9a4eec19";"This commit was manufactured by cvs2svn to create tag 'ANT_151_FINAL'.  git-svn-id: https://svn.apache.org/repos/asf/ant/core/tags/ANT_151_FINAL@273395 13f79535-47bb-0310-9956-ffa450edef68 ";"1";"-1"
"Replace.java";"org.apache.tools.ant.taskdefs";"NO";"NO";"NO";"NO";"NO";"NO";"NO";"NO";"NO";"NO";"NO";"NO";"NO";"6a58fc065a946967e4842914d64b2e3259305021";"This commit was manufactured by cvs2svn to create tag 'ANT_15_FINAL'.  git-svn-id: https://svn.apache.org/repos/asf/ant/core/tags/ANT_15_FINAL@273079 13f79535-47bb-0310-9956-ffa450edef68 ";"1";"-1"
"Rmic.java";"org.apache.tools.ant.taskdefs";"NO";"NO";"NO";"NO";"NO";"NO";"NO";"NO";"NO";"NO";"NO";"NO";"NO";"cb3bc5fa53684533f42385432e356fea9a4eec19";"This commit was manufactured by cvs2svn to create tag 'ANT_151_FINAL'.  git-svn-id: https://svn.apache.org/repos/asf/ant/core/tags/ANT_151_FINAL@273395 13f79535-47bb-0310-9956-ffa450edef68 ";"1";"-1"
"Rmic.java";"org.apache.tools.ant.taskdefs";"NO";"NO";"NO";"NO";"NO";"NO";"NO";"NO";"NO";"NO";"NO";"NO";"NO";"6a58fc065a946967e4842914d64b2e3259305021";"This commit was manufactured by cvs2svn to create tag 'ANT_15_FINAL'.  git-svn-id: https://svn.apache.org/repos/asf/ant/core/tags/ANT_15_FINAL@273079 13f79535-47bb-0310-9956-ffa450edef68 ";"1";"-1"
"SendEmail.java";"org.apache.tools.ant.taskdefs";"NO";"NO";"NO";"NO";"NO";"NO";"NO";"NO";"NO";"NO";"NO";"NO";"NO";"cb3bc5fa53684533f42385432e356fea9a4eec19";"This commit was manufactured by cvs2svn to create tag 'ANT_151_FINAL'.  git-svn-id: https://svn.apache.org/repos/asf/ant/core/tags/ANT_151_FINAL@273395 13f79535-47bb-0310-9956-ffa450edef68 ";"1";"-1"
"SendEmail.java";"org.apache.tools.ant.taskdefs";"NO";"NO";"NO";"NO";"NO";"NO";"NO";"NO";"NO";"NO";"NO";"NO";"NO";"6a58fc065a946967e4842914d64b2e3259305021";"This commit was manufactured by cvs2svn to create tag 'ANT_15_FINAL'.  git-svn-id: https://svn.apache.org/repos/asf/ant/core/tags/ANT_15_FINAL@273079 13f79535-47bb-0310-9956-ffa450edef68 ";"1";"-1"
"SignJar.java";"org.apache.tools.ant.taskdefs";"NO";"NO";"NO";"NO";"NO";"NO";"NO";"NO";"NO";"NO";"NO";"NO";"NO";"cb3bc5fa53684533f42385432e356fea9a4eec19";"This commit was manufactured by cvs2svn to create tag 'ANT_151_FINAL'.  git-svn-id: https://svn.apache.org/repos/asf/ant/core/tags/ANT_151_FINAL@273395 13f79535-47bb-0310-9956-ffa450edef68 ";"1";"-1"
"SignJar.java";"org.apache.tools.ant.taskdefs";"NO";"NO";"NO";"NO";"NO";"NO";"NO";"NO";"NO";"NO";"NO";"NO";"NO";"6a58fc065a946967e4842914d64b2e3259305021";"This commit was manufactured by cvs2svn to create tag 'ANT_15_FINAL'.  git-svn-id: https://svn.apache.org/repos/asf/ant/core/tags/ANT_15_FINAL@273079 13f79535-47bb-0310-9956-ffa450edef68 ";"1";"-1"
"StreamPumper.java";"org.apache.tools.ant.taskdefs";"NO";"NO";"NO";"NO";"NO";"NO";"NO";"NO";"NO";"NO";"NO";"NO";"NO";"";"";"0";"0"
"Taskdef.java";"org.apache.tools.ant.taskdefs";"NO";"NO";"NO";"NO";"NO";"NO";"NO";"NO";"NO";"NO";"NO";"NO";"NO";"cb3bc5fa53684533f42385432e356fea9a4eec19";"This commit was manufactured by cvs2svn to create tag 'ANT_151_FINAL'.  git-svn-id: https://svn.apache.org/repos/asf/ant/core/tags/ANT_151_FINAL@273395 13f79535-47bb-0310-9956-ffa450edef68 ";"1";"-1"
"Taskdef.java";"org.apache.tools.ant.taskdefs";"NO";"NO";"NO";"NO";"NO";"NO";"NO";"NO";"NO";"NO";"NO";"NO";"NO";"6a58fc065a946967e4842914d64b2e3259305021";"This commit was manufactured by cvs2svn to create tag 'ANT_15_FINAL'.  git-svn-id: https://svn.apache.org/repos/asf/ant/core/tags/ANT_15_FINAL@273079 13f79535-47bb-0310-9956-ffa450edef68 ";"1";"-1"
"TaskOutputStream.java";"org.apache.tools.ant.taskdefs";"NO";"NO";"NO";"NO";"NO";"NO";"NO";"NO";"NO";"NO";"NO";"NO";"NO";"";"";"0";"0"
"Touch.java";"org.apache.tools.ant.taskdefs";"NO";"NO";"NO";"NO";"NO";"NO";"NO";"NO";"NO";"NO";"NO";"NO";"NO";"cb3bc5fa53684533f42385432e356fea9a4eec19";"This commit was manufactured by cvs2svn to create tag 'ANT_151_FINAL'.  git-svn-id: https://svn.apache.org/repos/asf/ant/core/tags/ANT_151_FINAL@273395 13f79535-47bb-0310-9956-ffa450edef68 ";"1";"-1"
"Touch.java";"org.apache.tools.ant.taskdefs";"NO";"NO";"NO";"NO";"NO";"NO";"NO";"NO";"NO";"NO";"NO";"NO";"NO";"6a58fc065a946967e4842914d64b2e3259305021";"This commit was manufactured by cvs2svn to create tag 'ANT_15_FINAL'.  git-svn-id: https://svn.apache.org/repos/asf/ant/core/tags/ANT_15_FINAL@273079 13f79535-47bb-0310-9956-ffa450edef68 ";"1";"-1"
"Tstamp.java";"org.apache.tools.ant.taskdefs";"NO";"NO";"NO";"NO";"NO";"NO";"NO";"NO";"NO";"NO";"NO";"NO";"NO";"cb3bc5fa53684533f42385432e356fea9a4eec19";"This commit was manufactured by cvs2svn to create tag 'ANT_151_FINAL'.  git-svn-id: https://svn.apache.org/repos/asf/ant/core/tags/ANT_151_FINAL@273395 13f79535-47bb-0310-9956-ffa450edef68 ";"1";"-1"
"Tstamp.java";"org.apache.tools.ant.taskdefs";"NO";"NO";"NO";"NO";"NO";"NO";"NO";"NO";"NO";"NO";"NO";"NO";"NO";"6a58fc065a946967e4842914d64b2e3259305021";"This commit was manufactured by cvs2svn to create tag 'ANT_15_FINAL'.  git-svn-id: https://svn.apache.org/repos/asf/ant/core/tags/ANT_15_FINAL@273079 13f79535-47bb-0310-9956-ffa450edef68 ";"1";"-1"
"Untar.java";"org.apache.tools.ant.taskdefs";"NO";"NO";"NO";"NO";"NO";"NO";"NO";"NO";"NO";"NO";"NO";"NO";"NO";"cb3bc5fa53684533f42385432e356fea9a4eec19";"This commit was manufactured by cvs2svn to create tag 'ANT_151_FINAL'.  git-svn-id: https://svn.apache.org/repos/asf/ant/core/tags/ANT_151_FINAL@273395 13f79535-47bb-0310-9956-ffa450edef68 ";"1";"-1"
"Untar.java";"org.apache.tools.ant.taskdefs";"NO";"NO";"NO";"NO";"NO";"NO";"NO";"NO";"NO";"NO";"NO";"NO";"NO";"6a58fc065a946967e4842914d64b2e3259305021";"This commit was manufactured by cvs2svn to create tag 'ANT_15_FINAL'.  git-svn-id: https://svn.apache.org/repos/asf/ant/core/tags/ANT_15_FINAL@273079 13f79535-47bb-0310-9956-ffa450edef68 ";"1";"-1"
"UpToDate.java";"org.apache.tools.ant.taskdefs";"NO";"NO";"NO";"NO";"NO";"NO";"NO";"NO";"NO";"NO";"NO";"NO";"NO";"cb3bc5fa53684533f42385432e356fea9a4eec19";"This commit was manufactured by cvs2svn to create tag 'ANT_151_FINAL'.  git-svn-id: https://svn.apache.org/repos/asf/ant/core/tags/ANT_151_FINAL@273395 13f79535-47bb-0310-9956-ffa450edef68 ";"1";"-1"
"UpToDate.java";"org.apache.tools.ant.taskdefs";"NO";"NO";"NO";"NO";"NO";"NO";"NO";"NO";"NO";"NO";"NO";"NO";"NO";"6a58fc065a946967e4842914d64b2e3259305021";"This commit was manufactured by cvs2svn to create tag 'ANT_15_FINAL'.  git-svn-id: https://svn.apache.org/repos/asf/ant/core/tags/ANT_15_FINAL@273079 13f79535-47bb-0310-9956-ffa450edef68 ";"1";"-1"
"War.java";"org.apache.tools.ant.taskdefs";"NO";"NO";"NO";"NO";"NO";"NO";"NO";"NO";"NO";"NO";"NO";"NO";"NO";"cb3bc5fa53684533f42385432e356fea9a4eec19";"This commit was manufactured by cvs2svn to create tag 'ANT_151_FINAL'.  git-svn-id: https://svn.apache.org/repos/asf/ant/core/tags/ANT_151_FINAL@273395 13f79535-47bb-0310-9956-ffa450edef68 ";"1";"-1"
"War.java";"org.apache.tools.ant.taskdefs";"NO";"NO";"NO";"NO";"NO";"NO";"NO";"NO";"NO";"NO";"NO";"NO";"NO";"6a58fc065a946967e4842914d64b2e3259305021";"This commit was manufactured by cvs2svn to create tag 'ANT_15_FINAL'.  git-svn-id: https://svn.apache.org/repos/asf/ant/core/tags/ANT_15_FINAL@273079 13f79535-47bb-0310-9956-ffa450edef68 ";"1";"-1"
"XSLTLiaison.java";"org.apache.tools.ant.taskdefs";"NO";"NO";"NO";"NO";"NO";"NO";"NO";"NO";"NO";"NO";"NO";"NO";"NO";"cb3bc5fa53684533f42385432e356fea9a4eec19";"This commit was manufactured by cvs2svn to create tag 'ANT_151_FINAL'.  git-svn-id: https://svn.apache.org/repos/asf/ant/core/tags/ANT_151_FINAL@273395 13f79535-47bb-0310-9956-ffa450edef68 ";"1";"-1"
"XSLTLiaison.java";"org.apache.tools.ant.taskdefs";"NO";"NO";"NO";"NO";"NO";"NO";"NO";"NO";"NO";"NO";"NO";"NO";"NO";"6a58fc065a946967e4842914d64b2e3259305021";"This commit was manufactured by cvs2svn to create tag 'ANT_15_FINAL'.  git-svn-id: https://svn.apache.org/repos/asf/ant/core/tags/ANT_15_FINAL@273079 13f79535-47bb-0310-9956-ffa450edef68 ";"1";"-1"
"XSLTProcess.java";"org.apache.tools.ant.taskdefs";"NO";"NO";"NO";"NO";"NO";"NO";"NO";"NO";"NO";"NO";"NO";"NO";"NO";"cb3bc5fa53684533f42385432e356fea9a4eec19";"This commit was manufactured by cvs2svn to create tag 'ANT_151_FINAL'.  git-svn-id: https://svn.apache.org/repos/asf/ant/core/tags/ANT_151_FINAL@273395 13f79535-47bb-0310-9956-ffa450edef68 ";"1";"-1"
"XSLTProcess.java";"org.apache.tools.ant.taskdefs";"NO";"NO";"NO";"NO";"NO";"NO";"NO";"NO";"NO";"NO";"NO";"NO";"NO";"6a58fc065a946967e4842914d64b2e3259305021";"This commit was manufactured by cvs2svn to create tag 'ANT_15_FINAL'.  git-svn-id: https://svn.apache.org/repos/asf/ant/core/tags/ANT_15_FINAL@273079 13f79535-47bb-0310-9956-ffa450edef68 ";"1";"-1"
"DataType.java";"org.apache.tools.ant.types";"NO";"NO";"NO";"NO";"NO";"NO";"NO";"NO";"NO";"NO";"NO";"NO";"NO";"";"";"0";"0"
"EnumeratedAttribute.java";"org.apache.tools.ant.types";"NO";"NO";"NO";"NO";"NO";"NO";"NO";"NO";"NO";"NO";"NO";"NO";"NO";"";"";"0";"0"
"Environment.java";"org.apache.tools.ant.types";"NO";"NO";"NO";"NO";"NO";"NO";"NO";"NO";"NO";"NO";"NO";"NO";"NO";"";"";"0";"0"
"FileSet.java";"org.apache.tools.ant.types";"NO";"NO";"NO";"NO";"NO";"NO";"NO";"NO";"NO";"NO";"NO";"NO";"NO";"";"";"0";"0"
"Path.java";"org.apache.tools.ant.types";"NO";"NO";"NO";"NO";"NO";"NO";"NO";"NO";"NO";"NO";"NO";"NO";"NO";"cb3bc5fa53684533f42385432e356fea9a4eec19";"This commit was manufactured by cvs2svn to create tag 'ANT_151_FINAL'.  git-svn-id: https://svn.apache.org/repos/asf/ant/core/tags/ANT_151_FINAL@273395 13f79535-47bb-0310-9956-ffa450edef68 ";"1";"-1"
"Path.java";"org.apache.tools.ant.types";"NO";"NO";"NO";"NO";"NO";"NO";"NO";"NO";"NO";"NO";"NO";"NO";"NO";"6a58fc065a946967e4842914d64b2e3259305021";"This commit was manufactured by cvs2svn to create tag 'ANT_15_FINAL'.  git-svn-id: https://svn.apache.org/repos/asf/ant/core/tags/ANT_15_FINAL@273079 13f79535-47bb-0310-9956-ffa450edef68 ";"1";"-1"
"PatternSet.java";"org.apache.tools.ant.types";"NO";"NO";"NO";"NO";"NO";"NO";"NO";"NO";"NO";"NO";"NO";"NO";"NO";"cb3bc5fa53684533f42385432e356fea9a4eec19";"This commit was manufactured by cvs2svn to create tag 'ANT_151_FINAL'.  git-svn-id: https://svn.apache.org/repos/asf/ant/core/tags/ANT_151_FINAL@273395 13f79535-47bb-0310-9956-ffa450edef68 ";"1";"-1"
"PatternSet.java";"org.apache.tools.ant.types";"NO";"NO";"NO";"NO";"NO";"NO";"NO";"NO";"NO";"NO";"NO";"NO";"NO";"6a58fc065a946967e4842914d64b2e3259305021";"This commit was manufactured by cvs2svn to create tag 'ANT_15_FINAL'.  git-svn-id: https://svn.apache.org/repos/asf/ant/core/tags/ANT_15_FINAL@273079 13f79535-47bb-0310-9956-ffa450edef68 ";"1";"-1"
"Reference.java";"org.apache.tools.ant.types";"NO";"NO";"NO";"NO";"NO";"NO";"NO";"NO";"NO";"NO";"NO";"NO";"NO";"";"";"0";"0"
"UnknownElement.java";"org.apache.tools.ant";"NO";"NO";"NO";"NO";"NO";"NO";"NO";"NO";"NO";"NO";"NO";"NO";"NO";"cb3bc5fa53684533f42385432e356fea9a4eec19";"This commit was manufactured by cvs2svn to create tag 'ANT_151_FINAL'.  git-svn-id: https://svn.apache.org/repos/asf/ant/core/tags/ANT_151_FINAL@273395 13f79535-47bb-0310-9956-ffa450edef68 ";"1";"-1"
"UnknownElement.java";"org.apache.tools.ant";"NO";"NO";"NO";"NO";"NO";"NO";"NO";"NO";"NO";"NO";"NO";"NO";"NO";"6a58fc065a946967e4842914d64b2e3259305021";"This commit was manufactured by cvs2svn to create tag 'ANT_15_FINAL'.  git-svn-id: https://svn.apache.org/repos/asf/ant/core/tags/ANT_15_FINAL@273079 13f79535-47bb-0310-9956-ffa450edef68 ";"1";"-1"
"XmlLogger.java";"org.apache.tools.ant";"NO";"NO";"NO";"NO";"NO";"NO";"NO";"NO";"NO";"NO";"NO";"NO";"NO";"";"";"0";"0"
"MailMessage.java";"org.apache.tools.mail";"NO";"NO";"NO";"NO";"NO";"NO";"NO";"NO";"NO";"NO";"NO";"NO";"NO";"cb3bc5fa53684533f42385432e356fea9a4eec19";"This commit was manufactured by cvs2svn to create tag 'ANT_151_FINAL'.  git-svn-id: https://svn.apache.org/repos/asf/ant/core/tags/ANT_151_FINAL@273395 13f79535-47bb-0310-9956-ffa450edef68 ";"1";"-1"
"MailMessage.java";"org.apache.tools.mail";"NO";"NO";"NO";"NO";"NO";"NO";"NO";"NO";"NO";"NO";"NO";"NO";"NO";"6a58fc065a946967e4842914d64b2e3259305021";"This commit was manufactured by cvs2svn to create tag 'ANT_15_FINAL'.  git-svn-id: https://svn.apache.org/repos/asf/ant/core/tags/ANT_15_FINAL@273079 13f79535-47bb-0310-9956-ffa450edef68 ";"1";"-1"
"TarBuffer.java";"org.apache.tools.tar";"NO";"NO";"NO";"NO";"NO";"NO";"NO";"NO";"NO";"NO";"NO";"NO";"NO";"";"";"0";"0"
"TarConstants.java";"org.apache.tools.tar";"NO";"NO";"NO";"NO";"NO";"NO";"NO";"NO";"NO";"NO";"NO";"NO";"NO";"";"";"0";"0"
"TarEntry.java";"org.apache.tools.tar";"NO";"NO";"NO";"NO";"NO";"NO";"NO";"NO";"NO";"NO";"NO";"NO";"NO";"";"";"0";"0"
"TarInputStream.java";"org.apache.tools.tar";"NO";"NO";"NO";"NO";"NO";"NO";"NO";"NO";"NO";"NO";"NO";"NO";"NO";"";"";"0";"0"
"TarOutputStream.java";"org.apache.tools.tar";"NO";"NO";"NO";"NO";"NO";"NO";"NO";"NO";"NO";"NO";"NO";"NO";"NO";"";"";"0";"0"
"TarUtils.java";"org.apache.tools.tar";"NO";"NO";"NO";"NO";"NO";"NO";"NO";"NO";"NO";"NO";"NO";"NO";"NO";"";"";"0";"0"
