"CLASS NAME";"PACKAGE";"CLASS DATA SHOULD BE PRIVATE";"COMPLEX CLASS";"FEATURE ENVY";"INAPPROPRIATE INTIMACY";"LARGE CLASS";"LAZY CLASS";"LONG METHODS";"LONG PARAMETER LIST";"MESSAGE CHAIN";"MIDDLE MAN";"REFUSED BEQUEST";"SPAGHETTI CODE";"SPECULATIVE GENERALITY";"SHA-1";"COMMIT MESSAGE";"POSITIVITY";"NEGATIVITY"
"Launcher.java";"org.apache.tools.ant.launch";"YES";"NO";"NO";"NO";"NO";"NO";"YES";"NO";"NO";"NO";"NO";"NO";"NO";"";"";"0";"0"
"HotDeploymentTool.java";"org.apache.tools.ant.taskdefs.optional.j2ee";"YES";"NO";"NO";"NO";"NO";"NO";"NO";"NO";"NO";"NO";"NO";"NO";"NO";"";"";"0";"0"
"P4Counter.java";"org.apache.tools.ant.taskdefs.optional.perforce";"YES";"NO";"NO";"NO";"NO";"NO";"NO";"NO";"NO";"NO";"NO";"NO";"NO";"";"";"0";"0"
"Utils.java";"org.apache.tools.ant.taskdefs.optional.sitraka.bytecode";"YES";"NO";"NO";"NO";"NO";"NO";"NO";"NO";"NO";"NO";"NO";"NO";"NO";"";"";"0";"0"
"ColorMapper.java";"org.apache.tools.ant.types.optional.image";"YES";"NO";"NO";"NO";"NO";"NO";"NO";"NO";"NO";"NO";"NO";"NO";"NO";"";"";"0";"0"
"DepthSelector.java";"org.apache.tools.ant.types.selectors";"YES";"NO";"NO";"NO";"NO";"NO";"NO";"NO";"NO";"NO";"NO";"NO";"NO";"";"";"0";"0"
"IntrospectionHelper.java";"org.apache.tools.ant";"NO";"YES";"NO";"NO";"NO";"NO";"YES";"NO";"NO";"NO";"NO";"NO";"NO";"";"";"0";"0"
"FTP.java";"org.apache.tools.ant.taskdefs.optional.net";"NO";"YES";"NO";"NO";"YES";"NO";"NO";"NO";"NO";"NO";"NO";"NO";"NO";"710c9d428d2ab64dd65e704a000937c16e3d2de7";"fix defect 34941 on the 1.6 branch PR: 34941 Obtained from: Submitted by: Reviewed by: CVS: ---------------------------------------------------------------------- CVS: PR: CVS:   If this change addresses a PR in the problem report tracking CVS:   database, then enter the PR number(s) here. CVS: Obtained from: CVS:   If this change has been taken from another system, such as NCSA, CVS:   then name the system in this line, otherwise delete it. CVS: Submitted by: CVS:   If this code has been contributed to Apache by someone else; i.e., CVS:   they sent us a patch or a new module, then include their name/email CVS:   address here. If this is your work then delete this line. CVS: Reviewed by: CVS:   If we are doing pre-commit code reviews and someone else has CVS:   reviewed your changes, include their name(s) here. CVS:   If you have not had it reviewed then delete this line.   git-svn-id: https://svn.apache.org/repos/asf/ant/core/branches/ANT_16_BRANCH@278294 13f79535-47bb-0310-9956-ffa450edef68 ";"1";"-1"
"AntStructure.java";"org.apache.tools.ant.taskdefs";"NO";"NO";"YES";"NO";"NO";"NO";"NO";"NO";"NO";"NO";"NO";"NO";"NO";"";"";"0";"0"
"GenerateKey.java";"org.apache.tools.ant.taskdefs";"NO";"NO";"YES";"NO";"NO";"NO";"NO";"NO";"NO";"NO";"NO";"YES";"NO";"";"";"0";"0"
"Project.java";"org.apache.tools.ant";"NO";"NO";"NO";"YES";"NO";"NO";"NO";"NO";"NO";"NO";"NO";"NO";"NO";"";"";"0";"0"
"XMLCatalog.java";"org.apache.tools.ant.types";"NO";"NO";"NO";"YES";"NO";"NO";"NO";"NO";"NO";"NO";"NO";"NO";"NO";"";"";"0";"0"
"RecorderEntry.java";"org.apache.tools.ant.taskdefs";"NO";"NO";"NO";"YES";"NO";"NO";"NO";"NO";"NO";"NO";"NO";"NO";"NO";"";"";"0";"0"
"ProjectComponent.java";"org.apache.tools.ant";"NO";"NO";"NO";"YES";"NO";"NO";"NO";"NO";"NO";"NO";"NO";"NO";"NO";"";"";"0";"0"
"CommandlineJava.java";"org.apache.tools.ant.types";"NO";"NO";"NO";"YES";"NO";"NO";"NO";"NO";"NO";"NO";"NO";"NO";"NO";"a7bd2ad72c1791724edd60b4cc9d3c2117d7dd85";"merge   git-svn-id: https://svn.apache.org/repos/asf/ant/core/branches/ANT_16_BRANCH@278222 13f79535-47bb-0310-9956-ffa450edef68 ";"1";"-1"
"Commandline.java";"org.apache.tools.ant.types";"NO";"NO";"NO";"YES";"NO";"NO";"NO";"NO";"NO";"NO";"NO";"NO";"NO";"";"";"0";"0"
"JDependTask.java";"org.apache.tools.ant.taskdefs.optional.jdepend";"NO";"NO";"NO";"YES";"NO";"NO";"NO";"NO";"NO";"NO";"NO";"NO";"NO";"";"";"0";"0"
"BorlandDeploymentTool.java";"org.apache.tools.ant.taskdefs.optional.ejb";"NO";"NO";"NO";"YES";"NO";"NO";"NO";"NO";"NO";"NO";"YES";"NO";"NO";"";"";"0";"0"
"Target.java";"org.apache.tools.ant";"NO";"NO";"NO";"YES";"NO";"NO";"NO";"NO";"NO";"NO";"NO";"NO";"NO";"";"";"0";"0"
"Javadoc.java";"org.apache.tools.ant.taskdefs";"NO";"NO";"NO";"YES";"YES";"NO";"NO";"NO";"NO";"NO";"NO";"YES";"NO";"";"";"0";"0"
"Task.java";"org.apache.tools.ant";"NO";"NO";"NO";"YES";"NO";"NO";"NO";"NO";"NO";"NO";"NO";"NO";"NO";"";"";"0";"0"
"CBZip2OutputStream.java";"org.apache.tools.bzip2";"NO";"NO";"NO";"NO";"YES";"NO";"YES";"NO";"NO";"NO";"NO";"YES";"NO";"";"";"0";"0"
"DirectoryScanner.java";"org.apache.tools.ant";"NO";"NO";"NO";"NO";"YES";"NO";"NO";"NO";"NO";"NO";"NO";"NO";"NO";"adeedcae4cf141fe17dbc85a8939529fc46a6056";"merge   git-svn-id: https://svn.apache.org/repos/asf/ant/core/branches/ANT_16_BRANCH@278240 13f79535-47bb-0310-9956-ffa450edef68 ";"1";"-1"
"DirectoryScanner.java";"org.apache.tools.ant";"NO";"NO";"NO";"NO";"YES";"NO";"NO";"NO";"NO";"NO";"NO";"NO";"NO";"87b4367bfe87cbfc35d95993458035beac30d137";"Merge PR: 34722   git-svn-id: https://svn.apache.org/repos/asf/ant/core/branches/ANT_16_BRANCH@278220 13f79535-47bb-0310-9956-ffa450edef68 ";"1";"-1"
"Main.java";"org.apache.tools.ant";"NO";"NO";"NO";"NO";"NO";"NO";"YES";"NO";"NO";"NO";"NO";"NO";"NO";"";"";"0";"0"
"Zip.java";"org.apache.tools.ant.taskdefs";"NO";"NO";"NO";"NO";"NO";"NO";"YES";"NO";"NO";"NO";"NO";"YES";"NO";"";"";"0";"0"
"WeblogicDeploymentTool.java";"org.apache.tools.ant.taskdefs.optional.ejb";"NO";"NO";"NO";"NO";"NO";"NO";"YES";"NO";"NO";"NO";"YES";"NO";"NO";"";"";"0";"0"
"WebsphereDeploymentTool.java";"org.apache.tools.ant.taskdefs.optional.ejb";"NO";"NO";"NO";"NO";"NO";"NO";"YES";"NO";"NO";"NO";"YES";"NO";"NO";"";"";"0";"0"
"CBZip2InputStream.java";"org.apache.tools.bzip2";"NO";"NO";"NO";"NO";"NO";"NO";"YES";"YES";"NO";"NO";"NO";"YES";"NO";"";"";"0";"0"
"IContract.java";"org.apache.tools.ant.taskdefs.optional";"NO";"NO";"NO";"NO";"NO";"NO";"YES";"NO";"NO";"NO";"NO";"YES";"NO";"";"";"0";"0"
"FixCRLF.java";"org.apache.tools.ant.taskdefs";"NO";"NO";"NO";"NO";"NO";"NO";"YES";"NO";"NO";"NO";"NO";"NO";"NO";"";"";"0";"0"
"Jikes.java";"org.apache.tools.ant.taskdefs.compilers";"NO";"NO";"NO";"NO";"NO";"NO";"YES";"NO";"NO";"NO";"NO";"NO";"NO";"";"";"0";"0"
"Get.java";"org.apache.tools.ant.taskdefs";"NO";"NO";"NO";"NO";"NO";"NO";"YES";"NO";"NO";"NO";"NO";"NO";"NO";"972f662b8742809db6a733ab85547f9e18733bda";"Sync with HEAD   git-svn-id: https://svn.apache.org/repos/asf/ant/core/branches/ANT_16_BRANCH@278232 13f79535-47bb-0310-9956-ffa450edef68 ";"1";"-1"
"FileUtils.java";"org.apache.tools.ant.util";"NO";"NO";"NO";"NO";"NO";"NO";"YES";"YES";"NO";"NO";"NO";"NO";"NO";"";"";"0";"0"
"SelectorUtils.java";"org.apache.tools.ant.types.selectors";"NO";"NO";"NO";"NO";"NO";"NO";"YES";"NO";"NO";"NO";"NO";"NO";"NO";"";"";"0";"0"
"EmailTask.java";"org.apache.tools.ant.taskdefs.email";"NO";"NO";"NO";"NO";"NO";"NO";"YES";"NO";"NO";"NO";"NO";"YES";"NO";"";"";"0";"0"
"ReplaceRegExp.java";"org.apache.tools.ant.taskdefs.optional";"NO";"NO";"NO";"NO";"NO";"NO";"YES";"NO";"NO";"NO";"NO";"NO";"NO";"";"";"0";"0"
"ExecuteOn.java";"org.apache.tools.ant.taskdefs";"NO";"NO";"NO";"NO";"NO";"NO";"YES";"NO";"NO";"NO";"NO";"NO";"NO";"";"";"0";"0"
"JonasDeploymentTool.java";"org.apache.tools.ant.taskdefs.optional.ejb";"NO";"NO";"NO";"NO";"NO";"NO";"YES";"NO";"NO";"NO";"YES";"NO";"NO";"";"";"0";"0"
"Redirector.java";"org.apache.tools.ant.taskdefs";"NO";"NO";"NO";"NO";"NO";"NO";"YES";"NO";"NO";"NO";"NO";"YES";"NO";"";"";"0";"0"
"DependSet.java";"org.apache.tools.ant.taskdefs";"NO";"NO";"NO";"NO";"NO";"NO";"YES";"NO";"NO";"NO";"NO";"YES";"NO";"";"";"0";"0"
"Pvcs.java";"org.apache.tools.ant.taskdefs.optional.pvcs";"NO";"NO";"NO";"NO";"NO";"NO";"YES";"NO";"NO";"NO";"NO";"YES";"NO";"";"";"0";"0"
"Depend.java";"org.apache.tools.ant.taskdefs.optional.depend";"NO";"NO";"NO";"NO";"NO";"NO";"YES";"NO";"NO";"NO";"NO";"YES";"NO";"";"";"0";"0"
"Ant.java";"org.apache.tools.ant.taskdefs";"NO";"NO";"NO";"NO";"NO";"NO";"YES";"NO";"NO";"NO";"NO";"YES";"NO";"";"";"0";"0"
"Parallel.java";"org.apache.tools.ant.taskdefs";"NO";"NO";"NO";"NO";"NO";"NO";"YES";"NO";"NO";"NO";"NO";"YES";"NO";"";"";"0";"0"
"Translate.java";"org.apache.tools.ant.taskdefs.optional.i18n";"NO";"NO";"NO";"NO";"NO";"NO";"YES";"NO";"NO";"NO";"NO";"YES";"NO";"";"";"0";"0"
"DefaultCompilerAdapter.java";"org.apache.tools.ant.taskdefs.compilers";"NO";"NO";"NO";"NO";"NO";"NO";"YES";"NO";"NO";"NO";"NO";"NO";"NO";"";"";"0";"0"
"VAJUtil.java";"org.apache.tools.ant.taskdefs.optional.ide";"NO";"NO";"NO";"NO";"NO";"NO";"NO";"YES";"NO";"NO";"NO";"NO";"NO";"";"";"0";"0"
"VAJRemoteUtil.java";"org.apache.tools.ant.taskdefs.optional.ide";"NO";"NO";"NO";"NO";"NO";"NO";"NO";"YES";"NO";"NO";"NO";"NO";"NO";"";"";"0";"0"
"AntStarTeamCheckOut.java";"org.apache.tools.ant.taskdefs.optional.scm";"NO";"NO";"NO";"NO";"NO";"NO";"NO";"YES";"NO";"NO";"NO";"NO";"NO";"";"";"0";"0"
"Specification.java";"org.apache.tools.ant.taskdefs.optional.extension";"NO";"NO";"NO";"NO";"NO";"NO";"NO";"YES";"NO";"NO";"NO";"NO";"NO";"";"";"0";"0"
"Extension.java";"org.apache.tools.ant.taskdefs.optional.extension";"NO";"NO";"NO";"NO";"NO";"NO";"NO";"YES";"NO";"NO";"NO";"NO";"NO";"";"";"0";"0"
"Expand.java";"org.apache.tools.ant.taskdefs";"NO";"NO";"NO";"NO";"NO";"NO";"NO";"YES";"NO";"NO";"NO";"NO";"NO";"";"";"0";"0"
"MailLogger.java";"org.apache.tools.ant.listener";"NO";"NO";"NO";"NO";"NO";"NO";"NO";"YES";"NO";"NO";"NO";"NO";"NO";"";"";"0";"0"
"CovBase.java";"org.apache.tools.ant.taskdefs.optional.sitraka";"NO";"NO";"NO";"NO";"NO";"NO";"NO";"NO";"YES";"NO";"NO";"NO";"NO";"";"";"0";"0"
"Available.java";"org.apache.tools.ant.taskdefs";"NO";"NO";"NO";"NO";"NO";"NO";"NO";"NO";"YES";"NO";"NO";"NO";"NO";"";"";"0";"0"
"MatchingTask.java";"org.apache.tools.ant.taskdefs";"NO";"NO";"NO";"NO";"NO";"NO";"NO";"NO";"NO";"YES";"NO";"NO";"NO";"";"";"0";"0"
"MacroDef.java";"org.apache.tools.ant.taskdefs";"NO";"NO";"NO";"NO";"NO";"NO";"NO";"NO";"NO";"NO";"YES";"NO";"NO";"";"";"0";"0"
"AntlibDefinition.java";"org.apache.tools.ant.taskdefs";"NO";"NO";"NO";"NO";"NO";"NO";"NO";"NO";"NO";"NO";"YES";"NO";"NO";"";"";"0";"0"
"Ilasm.java";"org.apache.tools.ant.taskdefs.optional.dotnet";"NO";"NO";"NO";"NO";"NO";"NO";"NO";"NO";"NO";"NO";"YES";"NO";"NO";"";"";"0";"0"
"DotnetBaseMatchingTask.java";"org.apache.tools.ant.taskdefs.optional.dotnet";"NO";"NO";"NO";"NO";"NO";"NO";"NO";"NO";"NO";"NO";"YES";"NO";"NO";"";"";"0";"0"
"DotnetCompile.java";"org.apache.tools.ant.taskdefs.optional.dotnet";"NO";"NO";"NO";"NO";"NO";"NO";"NO";"NO";"NO";"NO";"YES";"NO";"NO";"";"";"0";"0"
"GenericDeploymentTool.java";"org.apache.tools.ant.taskdefs.optional.ejb";"NO";"NO";"NO";"NO";"NO";"NO";"NO";"NO";"NO";"NO";"YES";"NO";"NO";"";"";"0";"0"
"IPlanetDeploymentTool.java";"org.apache.tools.ant.taskdefs.optional.ejb";"NO";"NO";"NO";"NO";"NO";"NO";"NO";"NO";"NO";"NO";"YES";"NO";"NO";"";"";"0";"0"
"ZipFileSet.java";"org.apache.tools.ant.types";"NO";"NO";"NO";"NO";"NO";"NO";"NO";"NO";"NO";"NO";"YES";"NO";"NO";"";"";"0";"0"
"FileSet.java";"org.apache.tools.ant.types";"NO";"NO";"NO";"NO";"NO";"NO";"NO";"NO";"NO";"NO";"YES";"NO";"NO";"";"";"0";"0"
"Concat.java";"org.apache.tools.ant.taskdefs";"NO";"NO";"NO";"NO";"NO";"NO";"NO";"NO";"NO";"NO";"NO";"YES";"NO";"";"";"0";"0"
"Java.java";"org.apache.tools.ant.taskdefs";"NO";"NO";"NO";"NO";"NO";"NO";"NO";"NO";"NO";"NO";"NO";"YES";"NO";"";"";"0";"0"
"LoadProperties.java";"org.apache.tools.ant.taskdefs";"NO";"NO";"NO";"NO";"NO";"NO";"NO";"NO";"NO";"NO";"NO";"YES";"NO";"";"";"0";"0"
"SQLExec.java";"org.apache.tools.ant.taskdefs";"NO";"NO";"NO";"NO";"NO";"NO";"NO";"NO";"NO";"NO";"NO";"YES";"NO";"";"";"0";"0"
"Delete.java";"org.apache.tools.ant.taskdefs";"NO";"NO";"NO";"NO";"NO";"NO";"NO";"NO";"NO";"NO";"NO";"YES";"NO";"";"";"0";"0"
"Checksum.java";"org.apache.tools.ant.taskdefs";"NO";"NO";"NO";"NO";"NO";"NO";"NO";"NO";"NO";"NO";"NO";"YES";"NO";"";"";"0";"0"
"Tar.java";"org.apache.tools.ant.taskdefs";"NO";"NO";"NO";"NO";"NO";"NO";"NO";"NO";"NO";"NO";"NO";"YES";"NO";"";"";"0";"0"
"MimeMailer.java";"org.apache.tools.ant.taskdefs.email";"NO";"NO";"NO";"NO";"NO";"NO";"NO";"NO";"NO";"NO";"NO";"YES";"NO";"";"";"0";"0"
"Cab.java";"org.apache.tools.ant.taskdefs.optional";"NO";"NO";"NO";"NO";"NO";"NO";"NO";"NO";"NO";"NO";"NO";"YES";"NO";"";"";"0";"0"
"NetRexxC.java";"org.apache.tools.ant.taskdefs.optional";"NO";"NO";"NO";"NO";"NO";"NO";"NO";"NO";"NO";"NO";"NO";"YES";"NO";"";"";"0";"0"
"Rpm.java";"org.apache.tools.ant.taskdefs.optional";"NO";"NO";"NO";"NO";"NO";"NO";"NO";"NO";"NO";"NO";"NO";"YES";"NO";"";"";"0";"0"
"EchoProperties.java";"org.apache.tools.ant.taskdefs.optional";"NO";"NO";"NO";"NO";"NO";"NO";"NO";"NO";"NO";"NO";"NO";"YES";"NO";"";"";"0";"0"
"SplashTask.java";"org.apache.tools.ant.taskdefs.optional.splash";"NO";"NO";"NO";"NO";"NO";"NO";"NO";"NO";"NO";"NO";"NO";"YES";"NO";"";"";"0";"0"
"SSHExec.java";"org.apache.tools.ant.taskdefs.optional.ssh";"NO";"NO";"NO";"NO";"NO";"NO";"NO";"NO";"NO";"NO";"NO";"YES";"NO";"";"";"0";"0"
"Symlink.java";"org.apache.tools.ant.taskdefs.optional.unix";"NO";"NO";"NO";"NO";"NO";"NO";"NO";"NO";"NO";"NO";"NO";"YES";"NO";"";"";"0";"0"
"ModifiedSelector.java";"org.apache.tools.ant.types.selectors.modifiedselector";"NO";"NO";"NO";"NO";"NO";"NO";"NO";"NO";"NO";"NO";"NO";"YES";"NO";"";"";"0";"0"
"Definer.java";"org.apache.tools.ant.taskdefs";"NO";"NO";"NO";"NO";"NO";"NO";"NO";"NO";"NO";"NO";"NO";"NO";"YES";"";"";"0";"0"
"DefaultJspCompilerAdapter.java";"org.apache.tools.ant.taskdefs.optional.jsp.compilers";"NO";"NO";"NO";"NO";"NO";"NO";"NO";"NO";"NO";"NO";"NO";"NO";"YES";"";"";"0";"0"
"AbstractSelectorContainer.java";"org.apache.tools.ant.types.selectors";"NO";"NO";"NO";"NO";"NO";"NO";"NO";"NO";"NO";"NO";"NO";"NO";"YES";"";"";"0";"0"
"WeakishReference.java";"org.apache.tools.ant.util";"NO";"NO";"NO";"NO";"NO";"NO";"NO";"NO";"NO";"NO";"NO";"NO";"YES";"";"";"0";"0"
"AntClassLoader.java";"org.apache.tools.ant";"NO";"NO";"NO";"NO";"NO";"NO";"NO";"NO";"NO";"NO";"NO";"NO";"NO";"";"";"0";"0"
"BuildEvent.java";"org.apache.tools.ant";"NO";"NO";"NO";"NO";"NO";"NO";"NO";"NO";"NO";"NO";"NO";"NO";"NO";"";"";"0";"0"
"BuildException.java";"org.apache.tools.ant";"NO";"NO";"NO";"NO";"NO";"NO";"NO";"NO";"NO";"NO";"NO";"NO";"NO";"";"";"0";"0"
"BuildListener.java";"org.apache.tools.ant";"NO";"NO";"NO";"NO";"NO";"NO";"NO";"NO";"NO";"NO";"NO";"NO";"NO";"";"";"0";"0"
"BuildLogger.java";"org.apache.tools.ant";"NO";"NO";"NO";"NO";"NO";"NO";"NO";"NO";"NO";"NO";"NO";"NO";"NO";"";"";"0";"0"
"DefaultLogger.java";"org.apache.tools.ant";"NO";"NO";"NO";"NO";"NO";"NO";"NO";"NO";"NO";"NO";"NO";"NO";"NO";"";"";"0";"0"
"DesirableFilter.java";"org.apache.tools.ant";"NO";"NO";"NO";"NO";"NO";"NO";"NO";"NO";"NO";"NO";"NO";"NO";"NO";"";"";"0";"0"
"FileScanner.java";"org.apache.tools.ant";"NO";"NO";"NO";"NO";"NO";"NO";"NO";"NO";"NO";"NO";"NO";"NO";"NO";"";"";"0";"0"
"Location.java";"org.apache.tools.ant";"NO";"NO";"NO";"NO";"NO";"NO";"NO";"NO";"NO";"NO";"NO";"NO";"NO";"";"";"0";"0"
"Map.java";"org.apache.tools.ant";"NO";"NO";"NO";"NO";"NO";"NO";"NO";"NO";"NO";"NO";"NO";"NO";"NO";"";"";"0";"0"
"PathTokenizer.java";"org.apache.tools.ant";"NO";"NO";"NO";"NO";"NO";"NO";"NO";"NO";"NO";"NO";"NO";"NO";"NO";"";"";"0";"0"
"ProjectHelper.java";"org.apache.tools.ant";"NO";"NO";"NO";"NO";"NO";"NO";"NO";"NO";"NO";"NO";"NO";"NO";"NO";"";"";"0";"0"
"RuntimeConfigurable.java";"org.apache.tools.ant";"NO";"NO";"NO";"NO";"NO";"NO";"NO";"NO";"NO";"NO";"NO";"NO";"NO";"";"";"0";"0"
"TaskAdapter.java";"org.apache.tools.ant";"NO";"NO";"NO";"NO";"NO";"NO";"NO";"NO";"NO";"NO";"NO";"NO";"NO";"";"";"0";"0"
"CallTarget.java";"org.apache.tools.ant.taskdefs";"NO";"NO";"NO";"NO";"NO";"NO";"NO";"NO";"NO";"NO";"NO";"NO";"NO";"";"";"0";"0"
"Chmod.java";"org.apache.tools.ant.taskdefs";"NO";"NO";"NO";"NO";"NO";"NO";"NO";"NO";"NO";"NO";"NO";"NO";"NO";"";"";"0";"0"
"CompileTask.java";"org.apache.tools.ant.taskdefs";"NO";"NO";"NO";"NO";"NO";"NO";"NO";"NO";"NO";"NO";"NO";"NO";"NO";"";"";"0";"0"
"Copy.java";"org.apache.tools.ant.taskdefs";"NO";"NO";"NO";"NO";"NO";"NO";"NO";"NO";"NO";"NO";"NO";"NO";"NO";"";"";"0";"0"
"Copydir.java";"org.apache.tools.ant.taskdefs";"NO";"NO";"NO";"NO";"NO";"NO";"NO";"NO";"NO";"NO";"NO";"NO";"NO";"";"";"0";"0"
"Copyfile.java";"org.apache.tools.ant.taskdefs";"NO";"NO";"NO";"NO";"NO";"NO";"NO";"NO";"NO";"NO";"NO";"NO";"NO";"";"";"0";"0"
"Cvs.java";"org.apache.tools.ant.taskdefs";"NO";"NO";"NO";"NO";"NO";"NO";"NO";"NO";"NO";"NO";"NO";"NO";"NO";"";"";"0";"0"
"Deltree.java";"org.apache.tools.ant.taskdefs";"NO";"NO";"NO";"NO";"NO";"NO";"NO";"NO";"NO";"NO";"NO";"NO";"NO";"";"";"0";"0"
"Echo.java";"org.apache.tools.ant.taskdefs";"NO";"NO";"NO";"NO";"NO";"NO";"NO";"NO";"NO";"NO";"NO";"NO";"NO";"";"";"0";"0"
"Exec.java";"org.apache.tools.ant.taskdefs";"NO";"NO";"NO";"NO";"NO";"NO";"NO";"NO";"NO";"NO";"NO";"NO";"NO";"";"";"0";"0"
"ExecTask.java";"org.apache.tools.ant.taskdefs";"NO";"NO";"NO";"NO";"NO";"NO";"NO";"NO";"NO";"NO";"NO";"NO";"NO";"";"";"0";"0"
"Execute.java";"org.apache.tools.ant.taskdefs";"NO";"NO";"NO";"NO";"NO";"NO";"NO";"NO";"NO";"NO";"NO";"NO";"NO";"";"";"0";"0"
"ExecuteJava.java";"org.apache.tools.ant.taskdefs";"NO";"NO";"NO";"NO";"NO";"NO";"NO";"NO";"NO";"NO";"NO";"NO";"NO";"a7bd2ad72c1791724edd60b4cc9d3c2117d7dd85";"merge   git-svn-id: https://svn.apache.org/repos/asf/ant/core/branches/ANT_16_BRANCH@278222 13f79535-47bb-0310-9956-ffa450edef68 ";"1";"-1"
"ExecuteStreamHandler.java";"org.apache.tools.ant.taskdefs";"NO";"NO";"NO";"NO";"NO";"NO";"NO";"NO";"NO";"NO";"NO";"NO";"NO";"";"";"0";"0"
"ExecuteWatchdog.java";"org.apache.tools.ant.taskdefs";"NO";"NO";"NO";"NO";"NO";"NO";"NO";"NO";"NO";"NO";"NO";"NO";"NO";"";"";"0";"0"
"Exit.java";"org.apache.tools.ant.taskdefs";"NO";"NO";"NO";"NO";"NO";"NO";"NO";"NO";"NO";"NO";"NO";"NO";"NO";"";"";"0";"0"
"Filter.java";"org.apache.tools.ant.taskdefs";"NO";"NO";"NO";"NO";"NO";"NO";"NO";"NO";"NO";"NO";"NO";"NO";"NO";"";"";"0";"0"
"GUnzip.java";"org.apache.tools.ant.taskdefs";"NO";"NO";"NO";"NO";"NO";"NO";"NO";"NO";"NO";"NO";"NO";"NO";"NO";"";"";"0";"0"
"GZip.java";"org.apache.tools.ant.taskdefs";"NO";"NO";"NO";"NO";"NO";"NO";"NO";"NO";"NO";"NO";"NO";"NO";"NO";"";"";"0";"0"
"Jar.java";"org.apache.tools.ant.taskdefs";"NO";"NO";"NO";"NO";"NO";"NO";"NO";"NO";"NO";"NO";"NO";"NO";"NO";"";"";"0";"0"
"Javac.java";"org.apache.tools.ant.taskdefs";"NO";"NO";"NO";"NO";"NO";"NO";"NO";"NO";"NO";"NO";"NO";"NO";"NO";"";"";"0";"0"
"JavacOutputStream.java";"org.apache.tools.ant.taskdefs";"NO";"NO";"NO";"NO";"NO";"NO";"NO";"NO";"NO";"NO";"NO";"NO";"NO";"";"";"0";"0"
"Jikes.java";"org.apache.tools.ant.taskdefs";"NO";"NO";"NO";"NO";"NO";"NO";"NO";"NO";"NO";"NO";"NO";"NO";"NO";"";"";"0";"0"
"JikesOutputParser.java";"org.apache.tools.ant.taskdefs";"NO";"NO";"NO";"NO";"NO";"NO";"NO";"NO";"NO";"NO";"NO";"NO";"NO";"";"";"0";"0"
"KeySubst.java";"org.apache.tools.ant.taskdefs";"NO";"NO";"NO";"NO";"NO";"NO";"NO";"NO";"NO";"NO";"NO";"NO";"NO";"";"";"0";"0"
"LogOutputStream.java";"org.apache.tools.ant.taskdefs";"NO";"NO";"NO";"NO";"NO";"NO";"NO";"NO";"NO";"NO";"NO";"NO";"NO";"";"";"0";"0"
"LogStreamHandler.java";"org.apache.tools.ant.taskdefs";"NO";"NO";"NO";"NO";"NO";"NO";"NO";"NO";"NO";"NO";"NO";"NO";"NO";"";"";"0";"0"
"Mkdir.java";"org.apache.tools.ant.taskdefs";"NO";"NO";"NO";"NO";"NO";"NO";"NO";"NO";"NO";"NO";"NO";"NO";"NO";"";"";"0";"0"
"Move.java";"org.apache.tools.ant.taskdefs";"NO";"NO";"NO";"NO";"NO";"NO";"NO";"NO";"NO";"NO";"NO";"NO";"NO";"";"";"0";"0"
"DDCreator.java";"org.apache.tools.ant.taskdefs.optional.ejb";"NO";"NO";"NO";"NO";"NO";"NO";"NO";"NO";"NO";"NO";"NO";"NO";"NO";"";"";"0";"0"
"DDCreatorHelper.java";"org.apache.tools.ant.taskdefs.optional.ejb";"NO";"NO";"NO";"NO";"NO";"NO";"NO";"NO";"NO";"NO";"NO";"NO";"NO";"";"";"0";"0"
"DescriptorHandler.java";"org.apache.tools.ant.taskdefs.optional.ejb";"NO";"NO";"NO";"NO";"NO";"NO";"NO";"NO";"NO";"NO";"NO";"NO";"NO";"";"";"0";"0"
"Ejbc.java";"org.apache.tools.ant.taskdefs.optional.ejb";"NO";"NO";"NO";"NO";"NO";"NO";"NO";"NO";"NO";"NO";"NO";"NO";"NO";"";"";"0";"0"
"EjbcHelper.java";"org.apache.tools.ant.taskdefs.optional.ejb";"NO";"NO";"NO";"NO";"NO";"NO";"NO";"NO";"NO";"NO";"NO";"NO";"NO";"";"";"0";"0"
"EJBDeploymentTool.java";"org.apache.tools.ant.taskdefs.optional.ejb";"NO";"NO";"NO";"NO";"NO";"NO";"NO";"NO";"NO";"NO";"NO";"NO";"NO";"";"";"0";"0"
"EjbJar.java";"org.apache.tools.ant.taskdefs.optional.ejb";"NO";"NO";"NO";"NO";"NO";"NO";"NO";"NO";"NO";"NO";"NO";"NO";"NO";"";"";"0";"0"
"InnerClassFilenameFilter.java";"org.apache.tools.ant.taskdefs.optional.ejb";"NO";"NO";"NO";"NO";"NO";"NO";"NO";"NO";"NO";"NO";"NO";"NO";"NO";"";"";"0";"0"
"WeblogicTOPLinkDeploymentTool.java";"org.apache.tools.ant.taskdefs.optional.ejb";"NO";"NO";"NO";"NO";"NO";"NO";"NO";"NO";"NO";"NO";"NO";"NO";"NO";"";"";"0";"0"
"WLRun.java";"org.apache.tools.ant.taskdefs.optional.ejb";"NO";"NO";"NO";"NO";"NO";"NO";"NO";"NO";"NO";"NO";"NO";"NO";"NO";"";"";"0";"0"
"WLStop.java";"org.apache.tools.ant.taskdefs.optional.ejb";"NO";"NO";"NO";"NO";"NO";"NO";"NO";"NO";"NO";"NO";"NO";"NO";"NO";"";"";"0";"0"
"FTP.java";"org.apache.tools.ant.taskdefs.optional";"NO";"NO";"NO";"NO";"NO";"NO";"NO";"NO";"NO";"NO";"NO";"NO";"NO";"";"";"0";"0"
"JavaCC.java";"org.apache.tools.ant.taskdefs.optional.javacc";"NO";"NO";"NO";"NO";"NO";"NO";"NO";"NO";"NO";"NO";"NO";"NO";"NO";"";"";"0";"0"
"JJTree.java";"org.apache.tools.ant.taskdefs.optional.javacc";"NO";"NO";"NO";"NO";"NO";"NO";"NO";"NO";"NO";"NO";"NO";"NO";"NO";"";"";"0";"0"
"ClassNameReader.java";"org.apache.tools.ant.taskdefs.optional.jlink";"NO";"NO";"NO";"NO";"NO";"NO";"NO";"NO";"NO";"NO";"NO";"NO";"NO";"";"";"0";"0"
"jlink.java";"org.apache.tools.ant.taskdefs.optional.jlink";"NO";"NO";"NO";"NO";"NO";"NO";"NO";"NO";"NO";"NO";"NO";"NO";"NO";"";"";"0";"0"
"JlinkTask.java";"org.apache.tools.ant.taskdefs.optional.jlink";"NO";"NO";"NO";"NO";"NO";"NO";"NO";"NO";"NO";"NO";"NO";"NO";"NO";"";"";"0";"0"
"WLJspc.java";"org.apache.tools.ant.taskdefs.optional.jsp";"NO";"NO";"NO";"NO";"NO";"NO";"NO";"NO";"NO";"NO";"NO";"NO";"NO";"";"";"0";"0"
"BaseTest.java";"org.apache.tools.ant.taskdefs.optional.junit";"NO";"NO";"NO";"NO";"NO";"NO";"NO";"NO";"NO";"NO";"NO";"NO";"NO";"";"";"0";"0"
"BatchTest.java";"org.apache.tools.ant.taskdefs.optional.junit";"NO";"NO";"NO";"NO";"NO";"NO";"NO";"NO";"NO";"NO";"NO";"NO";"NO";"";"";"0";"0"
"FormatterElement.java";"org.apache.tools.ant.taskdefs.optional.junit";"NO";"NO";"NO";"NO";"NO";"NO";"NO";"NO";"NO";"NO";"NO";"NO";"NO";"";"";"0";"0"
"JUnitResultFormatter.java";"org.apache.tools.ant.taskdefs.optional.junit";"NO";"NO";"NO";"NO";"NO";"NO";"NO";"NO";"NO";"NO";"NO";"NO";"NO";"";"";"0";"0"
"JUnitTask.java";"org.apache.tools.ant.taskdefs.optional.junit";"NO";"NO";"NO";"NO";"NO";"NO";"NO";"NO";"NO";"NO";"NO";"NO";"NO";"";"";"0";"0"
"JUnitTest.java";"org.apache.tools.ant.taskdefs.optional.junit";"NO";"NO";"NO";"NO";"NO";"NO";"NO";"NO";"NO";"NO";"NO";"NO";"NO";"";"";"0";"0"
"JUnitTestRunner.java";"org.apache.tools.ant.taskdefs.optional.junit";"NO";"NO";"NO";"NO";"NO";"NO";"NO";"NO";"NO";"NO";"NO";"NO";"NO";"";"";"0";"0"
"PlainJUnitResultFormatter.java";"org.apache.tools.ant.taskdefs.optional.junit";"NO";"NO";"NO";"NO";"NO";"NO";"NO";"NO";"NO";"NO";"NO";"NO";"NO";"";"";"0";"0"
"SummaryJUnitResultFormatter.java";"org.apache.tools.ant.taskdefs.optional.junit";"NO";"NO";"NO";"NO";"NO";"NO";"NO";"NO";"NO";"NO";"NO";"NO";"NO";"";"";"0";"0"
"XMLJUnitResultFormatter.java";"org.apache.tools.ant.taskdefs.optional.junit";"NO";"NO";"NO";"NO";"NO";"NO";"NO";"NO";"NO";"NO";"NO";"NO";"NO";"";"";"0";"0"
"MParse.java";"org.apache.tools.ant.taskdefs.optional.metamata";"NO";"NO";"NO";"NO";"NO";"NO";"NO";"NO";"NO";"NO";"NO";"NO";"NO";"";"";"0";"0"
"Native2Ascii.java";"org.apache.tools.ant.taskdefs.optional";"NO";"NO";"NO";"NO";"NO";"NO";"NO";"NO";"NO";"NO";"NO";"NO";"NO";"";"";"0";"0"
"P4sync.java";"org.apache.tools.ant.taskdefs.optional.perforce";"NO";"NO";"NO";"NO";"NO";"NO";"NO";"NO";"NO";"NO";"NO";"NO";"NO";"";"";"0";"0"
"RenameExtensions.java";"org.apache.tools.ant.taskdefs.optional";"NO";"NO";"NO";"NO";"NO";"NO";"NO";"NO";"NO";"NO";"NO";"NO";"NO";"";"";"0";"0"
"Script.java";"org.apache.tools.ant.taskdefs.optional";"NO";"NO";"NO";"NO";"NO";"NO";"NO";"NO";"NO";"NO";"NO";"NO";"NO";"";"";"0";"0"
"MSVSS.java";"org.apache.tools.ant.taskdefs.optional.vss";"NO";"NO";"NO";"NO";"NO";"NO";"NO";"NO";"NO";"NO";"NO";"NO";"NO";"";"";"0";"0"
"MSVSSGET.java";"org.apache.tools.ant.taskdefs.optional.vss";"NO";"NO";"NO";"NO";"NO";"NO";"NO";"NO";"NO";"NO";"NO";"NO";"NO";"";"";"0";"0"
"XalanLiaison.java";"org.apache.tools.ant.taskdefs.optional";"NO";"NO";"NO";"NO";"NO";"NO";"NO";"NO";"NO";"NO";"NO";"NO";"NO";"";"";"0";"0"
"XslpLiaison.java";"org.apache.tools.ant.taskdefs.optional";"NO";"NO";"NO";"NO";"NO";"NO";"NO";"NO";"NO";"NO";"NO";"NO";"NO";"";"";"0";"0"
"Patch.java";"org.apache.tools.ant.taskdefs";"NO";"NO";"NO";"NO";"NO";"NO";"NO";"NO";"NO";"NO";"NO";"NO";"NO";"";"";"0";"0"
"Property.java";"org.apache.tools.ant.taskdefs";"NO";"NO";"NO";"NO";"NO";"NO";"NO";"NO";"NO";"NO";"NO";"NO";"NO";"";"";"0";"0"
"PumpStreamHandler.java";"org.apache.tools.ant.taskdefs";"NO";"NO";"NO";"NO";"NO";"NO";"NO";"NO";"NO";"NO";"NO";"NO";"NO";"";"";"0";"0"
"Rename.java";"org.apache.tools.ant.taskdefs";"NO";"NO";"NO";"NO";"NO";"NO";"NO";"NO";"NO";"NO";"NO";"NO";"NO";"";"";"0";"0"
"Replace.java";"org.apache.tools.ant.taskdefs";"NO";"NO";"NO";"NO";"NO";"NO";"NO";"NO";"NO";"NO";"NO";"NO";"NO";"";"";"0";"0"
"Rmic.java";"org.apache.tools.ant.taskdefs";"NO";"NO";"NO";"NO";"NO";"NO";"NO";"NO";"NO";"NO";"NO";"NO";"NO";"";"";"0";"0"
"SendEmail.java";"org.apache.tools.ant.taskdefs";"NO";"NO";"NO";"NO";"NO";"NO";"NO";"NO";"NO";"NO";"NO";"NO";"NO";"";"";"0";"0"
"SignJar.java";"org.apache.tools.ant.taskdefs";"NO";"NO";"NO";"NO";"NO";"NO";"NO";"NO";"NO";"NO";"NO";"NO";"NO";"";"";"0";"0"
"StreamPumper.java";"org.apache.tools.ant.taskdefs";"NO";"NO";"NO";"NO";"NO";"NO";"NO";"NO";"NO";"NO";"NO";"NO";"NO";"";"";"0";"0"
"Taskdef.java";"org.apache.tools.ant.taskdefs";"NO";"NO";"NO";"NO";"NO";"NO";"NO";"NO";"NO";"NO";"NO";"NO";"NO";"";"";"0";"0"
"TaskOutputStream.java";"org.apache.tools.ant.taskdefs";"NO";"NO";"NO";"NO";"NO";"NO";"NO";"NO";"NO";"NO";"NO";"NO";"NO";"";"";"0";"0"
"Touch.java";"org.apache.tools.ant.taskdefs";"NO";"NO";"NO";"NO";"NO";"NO";"NO";"NO";"NO";"NO";"NO";"NO";"NO";"";"";"0";"0"
"Tstamp.java";"org.apache.tools.ant.taskdefs";"NO";"NO";"NO";"NO";"NO";"NO";"NO";"NO";"NO";"NO";"NO";"NO";"NO";"";"";"0";"0"
"Untar.java";"org.apache.tools.ant.taskdefs";"NO";"NO";"NO";"NO";"NO";"NO";"NO";"NO";"NO";"NO";"NO";"NO";"NO";"00746b9e34b35ff23226f79650e88c8ae7a39850";"merge   git-svn-id: https://svn.apache.org/repos/asf/ant/core/branches/ANT_16_BRANCH@278255 13f79535-47bb-0310-9956-ffa450edef68 ";"1";"-1"
"UpToDate.java";"org.apache.tools.ant.taskdefs";"NO";"NO";"NO";"NO";"NO";"NO";"NO";"NO";"NO";"NO";"NO";"NO";"NO";"";"";"0";"0"
"War.java";"org.apache.tools.ant.taskdefs";"NO";"NO";"NO";"NO";"NO";"NO";"NO";"NO";"NO";"NO";"NO";"NO";"NO";"";"";"0";"0"
"XSLTLiaison.java";"org.apache.tools.ant.taskdefs";"NO";"NO";"NO";"NO";"NO";"NO";"NO";"NO";"NO";"NO";"NO";"NO";"NO";"";"";"0";"0"
"XSLTProcess.java";"org.apache.tools.ant.taskdefs";"NO";"NO";"NO";"NO";"NO";"NO";"NO";"NO";"NO";"NO";"NO";"NO";"NO";"";"";"0";"0"
"DataType.java";"org.apache.tools.ant.types";"NO";"NO";"NO";"NO";"NO";"NO";"NO";"NO";"NO";"NO";"NO";"NO";"NO";"";"";"0";"0"
"EnumeratedAttribute.java";"org.apache.tools.ant.types";"NO";"NO";"NO";"NO";"NO";"NO";"NO";"NO";"NO";"NO";"NO";"NO";"NO";"";"";"0";"0"
"Environment.java";"org.apache.tools.ant.types";"NO";"NO";"NO";"NO";"NO";"NO";"NO";"NO";"NO";"NO";"NO";"NO";"NO";"a7bd2ad72c1791724edd60b4cc9d3c2117d7dd85";"merge   git-svn-id: https://svn.apache.org/repos/asf/ant/core/branches/ANT_16_BRANCH@278222 13f79535-47bb-0310-9956-ffa450edef68 ";"1";"-1"
"Path.java";"org.apache.tools.ant.types";"NO";"NO";"NO";"NO";"NO";"NO";"NO";"NO";"NO";"NO";"NO";"NO";"NO";"";"";"0";"0"
"PatternSet.java";"org.apache.tools.ant.types";"NO";"NO";"NO";"NO";"NO";"NO";"NO";"NO";"NO";"NO";"NO";"NO";"NO";"";"";"0";"0"
"Reference.java";"org.apache.tools.ant.types";"NO";"NO";"NO";"NO";"NO";"NO";"NO";"NO";"NO";"NO";"NO";"NO";"NO";"";"";"0";"0"
"UnknownElement.java";"org.apache.tools.ant";"NO";"NO";"NO";"NO";"NO";"NO";"NO";"NO";"NO";"NO";"NO";"NO";"NO";"";"";"0";"0"
"XmlLogger.java";"org.apache.tools.ant";"NO";"NO";"NO";"NO";"NO";"NO";"NO";"NO";"NO";"NO";"NO";"NO";"NO";"";"";"0";"0"
"MailMessage.java";"org.apache.tools.mail";"NO";"NO";"NO";"NO";"NO";"NO";"NO";"NO";"NO";"NO";"NO";"NO";"NO";"";"";"0";"0"
"TarBuffer.java";"org.apache.tools.tar";"NO";"NO";"NO";"NO";"NO";"NO";"NO";"NO";"NO";"NO";"NO";"NO";"NO";"";"";"0";"0"
"TarConstants.java";"org.apache.tools.tar";"NO";"NO";"NO";"NO";"NO";"NO";"NO";"NO";"NO";"NO";"NO";"NO";"NO";"";"";"0";"0"
"TarEntry.java";"org.apache.tools.tar";"NO";"NO";"NO";"NO";"NO";"NO";"NO";"NO";"NO";"NO";"NO";"NO";"NO";"";"";"0";"0"
"TarInputStream.java";"org.apache.tools.tar";"NO";"NO";"NO";"NO";"NO";"NO";"NO";"NO";"NO";"NO";"NO";"NO";"NO";"";"";"0";"0"
"TarOutputStream.java";"org.apache.tools.tar";"NO";"NO";"NO";"NO";"NO";"NO";"NO";"NO";"NO";"NO";"NO";"NO";"NO";"";"";"0";"0"
"TarUtils.java";"org.apache.tools.tar";"NO";"NO";"NO";"NO";"NO";"NO";"NO";"NO";"NO";"NO";"NO";"NO";"NO";"";"";"0";"0"
