"CLASS NAME";"PACKAGE";"CLASS DATA SHOULD BE PRIVATE";"COMPLEX CLASS";"FEATURE ENVY";"INAPPROPRIATE INTIMACY";"LARGE CLASS";"LAZY CLASS";"LONG METHODS";"LONG PARAMETER LIST";"MESSAGE CHAIN";"MIDDLE MAN";"REFUSED BEQUEST";"SPAGHETTI CODE";"SPECULATIVE GENERALITY";"SHA-1";"COMMIT MESSAGE";"POSITIVITY";"NEGATIVITY"
"MagicNames.java";"org.apache.tools.ant";"YES";"NO";"NO";"NO";"NO";"NO";"NO";"NO";"NO";"NO";"NO";"NO";"NO";"";"";"0";"0"
"P4Counter.java";"org.apache.tools.ant.taskdefs.optional.perforce";"YES";"NO";"NO";"NO";"NO";"NO";"NO";"NO";"NO";"NO";"NO";"NO";"NO";"";"";"0";"0"
"SunRmic.java";"org.apache.tools.ant.taskdefs.rmic";"YES";"NO";"NO";"NO";"NO";"NO";"NO";"NO";"NO";"NO";"NO";"NO";"NO";"";"";"0";"0"
"WLRmic.java";"org.apache.tools.ant.taskdefs.rmic";"YES";"NO";"NO";"NO";"NO";"NO";"NO";"NO";"NO";"NO";"NO";"NO";"NO";"";"";"0";"0"
"ColorMapper.java";"org.apache.tools.ant.types.optional.image";"YES";"NO";"NO";"NO";"NO";"NO";"NO";"NO";"NO";"NO";"NO";"NO";"NO";"";"";"0";"0"
"DepthSelector.java";"org.apache.tools.ant.types.selectors";"YES";"NO";"NO";"NO";"NO";"NO";"NO";"NO";"NO";"NO";"NO";"NO";"NO";"";"";"0";"0"
"XmlConstants.java";"org.apache.tools.ant.util";"YES";"NO";"NO";"NO";"NO";"NO";"NO";"NO";"NO";"NO";"NO";"NO";"NO";"";"";"0";"0"
"IntrospectionHelper.java";"org.apache.tools.ant";"NO";"YES";"NO";"NO";"NO";"NO";"YES";"NO";"NO";"NO";"NO";"NO";"NO";"ec8453fec55d23b35f75593e40fa8001f73caea7";"FindBugs.  git-svn-id: https://svn.apache.org/repos/asf/ant/core/trunk@1148910 13f79535-47bb-0310-9956-ffa450edef68 ";"1";"-1"
"IntrospectionHelper.java";"org.apache.tools.ant";"NO";"YES";"NO";"NO";"NO";"NO";"YES";"NO";"NO";"NO";"NO";"NO";"NO";"5f20b99140fb4ec958a6d540b9df7b3c08312b40";"microoptimizations.  PR 50716  git-svn-id: https://svn.apache.org/repos/asf/ant/core/trunk@1066963 13f79535-47bb-0310-9956-ffa450edef68 ";"1";"-1"
"Zip.java";"org.apache.tools.ant.taskdefs";"NO";"YES";"NO";"NO";"YES";"NO";"YES";"YES";"NO";"NO";"NO";"YES";"NO";"5f20b99140fb4ec958a6d540b9df7b3c08312b40";"microoptimizations.  PR 50716  git-svn-id: https://svn.apache.org/repos/asf/ant/core/trunk@1066963 13f79535-47bb-0310-9956-ffa450edef68 ";"1";"-1"
"FTPTaskMirrorImpl.java";"org.apache.tools.ant.taskdefs.optional.net";"NO";"YES";"NO";"NO";"YES";"NO";"NO";"NO";"NO";"NO";"NO";"YES";"NO";"d2693fcfed2230ef91eb1cf56f9abbdcaab1aeb2";"commons-net trunk has removed all static final ints from FTPReply  git-svn-id: https://svn.apache.org/repos/asf/ant/core/trunk@1092610 13f79535-47bb-0310-9956-ffa450edef68 ";"1";"-1"
"FTPTaskMirrorImpl.java";"org.apache.tools.ant.taskdefs.optional.net";"NO";"YES";"NO";"NO";"YES";"NO";"NO";"NO";"NO";"NO";"NO";"YES";"NO";"5f20b99140fb4ec958a6d540b9df7b3c08312b40";"microoptimizations.  PR 50716  git-svn-id: https://svn.apache.org/repos/asf/ant/core/trunk@1066963 13f79535-47bb-0310-9956-ffa450edef68 ";"1";"-1"
"FTP.java";"org.apache.tools.ant.taskdefs.optional.net";"NO";"YES";"NO";"NO";"NO";"NO";"YES";"NO";"NO";"NO";"NO";"YES";"NO";"d2693fcfed2230ef91eb1cf56f9abbdcaab1aeb2";"commons-net trunk has removed all static final ints from FTPReply  git-svn-id: https://svn.apache.org/repos/asf/ant/core/trunk@1092610 13f79535-47bb-0310-9956-ffa450edef68 ";"1";"-1"
"FTP.java";"org.apache.tools.ant.taskdefs.optional.net";"NO";"YES";"NO";"NO";"NO";"NO";"YES";"NO";"NO";"NO";"NO";"YES";"NO";"5f20b99140fb4ec958a6d540b9df7b3c08312b40";"microoptimizations.  PR 50716  git-svn-id: https://svn.apache.org/repos/asf/ant/core/trunk@1066963 13f79535-47bb-0310-9956-ffa450edef68 ";"1";"-1"
"GenerateKey.java";"org.apache.tools.ant.taskdefs";"NO";"NO";"YES";"NO";"NO";"NO";"NO";"NO";"NO";"NO";"NO";"YES";"NO";"";"";"0";"0"
"Javac.java";"org.apache.tools.ant.taskdefs";"NO";"NO";"NO";"YES";"NO";"NO";"NO";"NO";"NO";"NO";"NO";"NO";"NO";"132fb32522052091d672208e63b418926e297bb2";"OpenJDK8 snaphot works, I have found a new class in java.lang.reflect and OpenJDK's javac defaults to -source 8.  No, I don't like the code in DefaultCompilerAdapter either.  git-svn-id: https://svn.apache.org/repos/asf/ant/core/trunk@1236803 13f79535-47bb-0310-9956-ffa450edef68 ";"1";"-2"
"Javac.java";"org.apache.tools.ant.taskdefs";"NO";"NO";"NO";"YES";"NO";"NO";"NO";"NO";"NO";"NO";"NO";"NO";"NO";"6923618f309e642f3bc0d475b524f0393892b25b";"whitespace only  git-svn-id: https://svn.apache.org/repos/asf/ant/core/trunk@1190244 13f79535-47bb-0310-9956-ffa450edef68 ";"1";"-1"
"Javac.java";"org.apache.tools.ant.taskdefs";"NO";"NO";"NO";"YES";"NO";"NO";"NO";"NO";"NO";"NO";"NO";"NO";"NO";"5ecf92bf58b97b706cc15d4fee480d1213dc4750";"add an option to suppress the artifical package-info.class files created by <javac>.  PR 52096  git-svn-id: https://svn.apache.org/repos/asf/ant/core/trunk@1190243 13f79535-47bb-0310-9956-ffa450edef68 ";"1";"-1"
"Javac.java";"org.apache.tools.ant.taskdefs";"NO";"NO";"NO";"YES";"NO";"NO";"NO";"NO";"NO";"NO";"NO";"NO";"NO";"28c651a95ac66940b0ea3830b955c012ea41ad66";"Empty package-info.class is created in wrong directory if no destdir is specified.  PR 51947  git-svn-id: https://svn.apache.org/repos/asf/ant/core/trunk@1178820 13f79535-47bb-0310-9956-ffa450edef68 ";"1";"-1"
"Path.java";"org.apache.tools.ant.types";"NO";"NO";"NO";"YES";"NO";"NO";"NO";"NO";"NO";"NO";"NO";"NO";"NO";"e36ab22599742bfd0a3a2c6522251e2fe4125920";"fall back to system properties for build.sysclasspath if there is no project instance  git-svn-id: https://svn.apache.org/repos/asf/ant/core/trunk@1061822 13f79535-47bb-0310-9956-ffa450edef68 ";"1";"-1"
"Project.java";"org.apache.tools.ant";"NO";"NO";"NO";"YES";"YES";"NO";"NO";"NO";"NO";"NO";"NO";"NO";"NO";"";"";"0";"0"
"XMLCatalog.java";"org.apache.tools.ant.types";"NO";"NO";"NO";"YES";"NO";"NO";"NO";"NO";"NO";"NO";"NO";"NO";"NO";"";"";"0";"0"
"RecorderEntry.java";"org.apache.tools.ant.taskdefs";"NO";"NO";"NO";"YES";"NO";"NO";"NO";"NO";"NO";"NO";"NO";"NO";"NO";"";"";"0";"0"
"ProjectComponent.java";"org.apache.tools.ant";"NO";"NO";"NO";"YES";"NO";"NO";"NO";"NO";"NO";"NO";"NO";"NO";"NO";"";"";"0";"0"
"CommandlineJava.java";"org.apache.tools.ant.types";"NO";"NO";"NO";"YES";"NO";"NO";"NO";"NO";"NO";"NO";"NO";"NO";"NO";"c737f55aabcfd3a00288ca6b33de392fe074e978";"Give build.sysclasspath a chance to influence a forked VM's bootclasspath even if the user didn't supply one herself  git-svn-id: https://svn.apache.org/repos/asf/ant/core/trunk@1061156 13f79535-47bb-0310-9956-ffa450edef68 ";"1";"-1"
"Commandline.java";"org.apache.tools.ant.types";"NO";"NO";"NO";"YES";"NO";"NO";"NO";"NO";"NO";"NO";"NO";"NO";"NO";"5f20b99140fb4ec958a6d540b9df7b3c08312b40";"microoptimizations.  PR 50716  git-svn-id: https://svn.apache.org/repos/asf/ant/core/trunk@1066963 13f79535-47bb-0310-9956-ffa450edef68 ";"1";"-1"
"JDependTask.java";"org.apache.tools.ant.taskdefs.optional.jdepend";"NO";"NO";"NO";"YES";"NO";"NO";"NO";"NO";"NO";"NO";"NO";"NO";"NO";"";"";"0";"0"
"BorlandDeploymentTool.java";"org.apache.tools.ant.taskdefs.optional.ejb";"NO";"NO";"NO";"YES";"NO";"NO";"NO";"NO";"NO";"NO";"YES";"NO";"NO";"";"";"0";"0"
"Target.java";"org.apache.tools.ant";"NO";"NO";"NO";"YES";"NO";"NO";"NO";"NO";"NO";"NO";"NO";"NO";"NO";"4427f8c1ed17b388ce759a0249c44464c7b9a971";"PR 50716. Here is a case where optimizing a loop by using a variable for the upper bound of the loop breaks an existing test case RhinoTest.  git-svn-id: https://svn.apache.org/repos/asf/ant/core/trunk@1075177 13f79535-47bb-0310-9956-ffa450edef68 ";"1";"-1"
"Target.java";"org.apache.tools.ant";"NO";"NO";"NO";"YES";"NO";"NO";"NO";"NO";"NO";"NO";"NO";"NO";"NO";"5f20b99140fb4ec958a6d540b9df7b3c08312b40";"microoptimizations.  PR 50716  git-svn-id: https://svn.apache.org/repos/asf/ant/core/trunk@1066963 13f79535-47bb-0310-9956-ffa450edef68 ";"1";"-1"
"Javadoc.java";"org.apache.tools.ant.taskdefs";"NO";"NO";"NO";"YES";"YES";"NO";"NO";"NO";"NO";"NO";"NO";"YES";"NO";"5f20b99140fb4ec958a6d540b9df7b3c08312b40";"microoptimizations.  PR 50716  git-svn-id: https://svn.apache.org/repos/asf/ant/core/trunk@1066963 13f79535-47bb-0310-9956-ffa450edef68 ";"1";"-1"
"Task.java";"org.apache.tools.ant";"NO";"NO";"NO";"YES";"NO";"NO";"NO";"NO";"NO";"NO";"NO";"NO";"NO";"";"";"0";"0"
"DirectoryScanner.java";"org.apache.tools.ant";"NO";"NO";"NO";"NO";"YES";"NO";"NO";"NO";"NO";"NO";"YES";"YES";"NO";"40a73d22b7ccb7255f74253fedd0545889bcb39d";"whitespace  git-svn-id: https://svn.apache.org/repos/asf/ant/core/trunk@1234277 13f79535-47bb-0310-9956-ffa450edef68 ";"1";"-1"
"DirectoryScanner.java";"org.apache.tools.ant";"NO";"NO";"NO";"NO";"YES";"NO";"NO";"NO";"NO";"NO";"YES";"YES";"NO";"379895a0223302a557295f9c61e7de414104cab5";"synchronize access to default excludes.  PR 52188.  git-svn-id: https://svn.apache.org/repos/asf/ant/core/trunk@1234276 13f79535-47bb-0310-9956-ffa450edef68 ";"1";"-1"
"CBZip2OutputStream.java";"org.apache.tools.bzip2";"NO";"NO";"NO";"NO";"YES";"NO";"YES";"NO";"NO";"NO";"NO";"YES";"NO";"";"";"0";"0"
"WebsphereDeploymentTool.java";"org.apache.tools.ant.taskdefs.optional.ejb";"NO";"NO";"NO";"NO";"NO";"NO";"YES";"NO";"NO";"NO";"YES";"NO";"NO";"";"";"0";"0"
"ResourceUtils.java";"org.apache.tools.ant.util";"NO";"NO";"NO";"NO";"NO";"NO";"YES";"YES";"NO";"NO";"NO";"NO";"NO";"";"";"0";"0"
"Main.java";"org.apache.tools.ant";"NO";"NO";"NO";"NO";"NO";"NO";"YES";"NO";"NO";"NO";"NO";"NO";"NO";"589af888eb8b6ea9c139272fac2bd69382e10ea0";"-f/-file/-buildfile accepts a directory containing build.xml.  git-svn-id: https://svn.apache.org/repos/asf/ant/core/trunk@1204655 13f79535-47bb-0310-9956-ffa450edef68 ";"1";"-1"
"Main.java";"org.apache.tools.ant";"NO";"NO";"NO";"NO";"NO";"NO";"YES";"NO";"NO";"NO";"NO";"NO";"NO";"5f20b99140fb4ec958a6d540b9df7b3c08312b40";"microoptimizations.  PR 50716  git-svn-id: https://svn.apache.org/repos/asf/ant/core/trunk@1066963 13f79535-47bb-0310-9956-ffa450edef68 ";"1";"-1"
"Delete.java";"org.apache.tools.ant.taskdefs";"NO";"NO";"NO";"NO";"NO";"NO";"YES";"NO";"NO";"NO";"NO";"YES";"NO";"ececc5c3e332b97f962b94a475408606433ee0e6";"Add an option to <delete> to run the GC before retrying a failed build on non-Windows OSes as well.  Might fix the NFS problem described in PR 45786  git-svn-id: https://svn.apache.org/repos/asf/ant/core/trunk@1177305 13f79535-47bb-0310-9956-ffa450edef68 ";"1";"-1"
"Delete.java";"org.apache.tools.ant.taskdefs";"NO";"NO";"NO";"NO";"NO";"NO";"YES";"NO";"NO";"NO";"NO";"YES";"NO";"5f20b99140fb4ec958a6d540b9df7b3c08312b40";"microoptimizations.  PR 50716  git-svn-id: https://svn.apache.org/repos/asf/ant/core/trunk@1066963 13f79535-47bb-0310-9956-ffa450edef68 ";"1";"-1"
"CBZip2InputStream.java";"org.apache.tools.bzip2";"NO";"NO";"NO";"NO";"NO";"NO";"YES";"YES";"NO";"NO";"NO";"YES";"NO";"";"";"0";"0"
"Copy.java";"org.apache.tools.ant.taskdefs";"NO";"NO";"NO";"NO";"NO";"NO";"YES";"NO";"NO";"NO";"NO";"YES";"NO";"309943afdb49fc7afe59d46a9035f73d2611a09e";"BR 41986  - add a quiet attribute to the copy task to not print warning messages Thanks to Timoteo Ohara   git-svn-id: https://svn.apache.org/repos/asf/ant/core/trunk@1150331 13f79535-47bb-0310-9956-ffa450edef68 ";"1";"-2"
"Copy.java";"org.apache.tools.ant.taskdefs";"NO";"NO";"NO";"NO";"NO";"NO";"YES";"NO";"NO";"NO";"NO";"YES";"NO";"5f20b99140fb4ec958a6d540b9df7b3c08312b40";"microoptimizations.  PR 50716  git-svn-id: https://svn.apache.org/repos/asf/ant/core/trunk@1066963 13f79535-47bb-0310-9956-ffa450edef68 ";"1";"-1"
"Depend.java";"org.apache.tools.ant.taskdefs.optional.depend";"NO";"NO";"NO";"NO";"NO";"NO";"YES";"NO";"NO";"NO";"NO";"YES";"NO";"";"";"0";"0"
"EmailTask.java";"org.apache.tools.ant.taskdefs.email";"NO";"NO";"NO";"NO";"NO";"NO";"YES";"NO";"NO";"NO";"NO";"YES";"NO";"";"";"0";"0"
"MimeMailer.java";"org.apache.tools.ant.taskdefs.email";"NO";"NO";"NO";"NO";"NO";"NO";"YES";"NO";"NO";"NO";"NO";"YES";"NO";"5f20b99140fb4ec958a6d540b9df7b3c08312b40";"microoptimizations.  PR 50716  git-svn-id: https://svn.apache.org/repos/asf/ant/core/trunk@1066963 13f79535-47bb-0310-9956-ffa450edef68 ";"1";"-1"
"JonasDeploymentTool.java";"org.apache.tools.ant.taskdefs.optional.ejb";"NO";"NO";"NO";"NO";"NO";"NO";"YES";"NO";"NO";"NO";"YES";"NO";"NO";"";"";"0";"0"
"ExecuteOn.java";"org.apache.tools.ant.taskdefs";"NO";"NO";"NO";"NO";"NO";"NO";"YES";"NO";"NO";"NO";"NO";"NO";"NO";"5f20b99140fb4ec958a6d540b9df7b3c08312b40";"microoptimizations.  PR 50716  git-svn-id: https://svn.apache.org/repos/asf/ant/core/trunk@1066963 13f79535-47bb-0310-9956-ffa450edef68 ";"1";"-1"
"ReplaceRegExp.java";"org.apache.tools.ant.taskdefs.optional";"NO";"NO";"NO";"NO";"NO";"NO";"YES";"NO";"NO";"NO";"NO";"NO";"NO";"";"";"0";"0"
"Pvcs.java";"org.apache.tools.ant.taskdefs.optional.pvcs";"NO";"NO";"NO";"NO";"NO";"NO";"YES";"NO";"NO";"NO";"NO";"YES";"NO";"";"";"0";"0"
"Launcher.java";"org.apache.tools.ant.launch";"NO";"NO";"NO";"NO";"NO";"NO";"YES";"NO";"NO";"NO";"NO";"NO";"NO";"cc47289e1e7aeb9411a95082d2132db128dfc262";"#48633: pass correct parent to loader.  git-svn-id: https://svn.apache.org/repos/asf/ant/core/trunk@1233420 13f79535-47bb-0310-9956-ffa450edef68 ";"1";"-1"
"Parallel.java";"org.apache.tools.ant.taskdefs";"NO";"NO";"NO";"NO";"NO";"NO";"YES";"NO";"NO";"NO";"NO";"YES";"NO";"";"";"0";"0"
"SelectorUtils.java";"org.apache.tools.ant.types.selectors";"NO";"NO";"NO";"NO";"NO";"NO";"YES";"NO";"NO";"NO";"NO";"NO";"NO";"";"";"0";"0"
"Ant.java";"org.apache.tools.ant.taskdefs";"NO";"NO";"NO";"NO";"NO";"NO";"YES";"NO";"NO";"NO";"NO";"YES";"NO";"";"";"0";"0"
"Tar.java";"org.apache.tools.ant.taskdefs";"NO";"NO";"NO";"NO";"NO";"NO";"YES";"NO";"NO";"NO";"NO";"YES";"NO";"";"";"0";"0"
"DefaultCompilerAdapter.java";"org.apache.tools.ant.taskdefs.compilers";"NO";"NO";"NO";"NO";"NO";"NO";"YES";"NO";"NO";"NO";"NO";"NO";"NO";"6d9e7cb56e1c3e3ffeedabf92486c9ff25054c9c";"another readablilty tweak  git-svn-id: https://svn.apache.org/repos/asf/ant/core/trunk@1237442 13f79535-47bb-0310-9956-ffa450edef68 ";"1";"-1"
"DefaultCompilerAdapter.java";"org.apache.tools.ant.taskdefs.compilers";"NO";"NO";"NO";"NO";"NO";"NO";"YES";"NO";"NO";"NO";"NO";"NO";"NO";"0ceef36b9097f2061ce321b85b654eba2bd82e52";"extract handling of -source 1.1 and 1.2  git-svn-id: https://svn.apache.org/repos/asf/ant/core/trunk@1237438 13f79535-47bb-0310-9956-ffa450edef68 ";"1";"-1"
"DefaultCompilerAdapter.java";"org.apache.tools.ant.taskdefs.compilers";"NO";"NO";"NO";"NO";"NO";"NO";"YES";"NO";"NO";"NO";"NO";"NO";"NO";"4a2da130a89cb00a8b2170a9514e26b06f1f5725";"Make the logic that implicitly sets -source more readable  git-svn-id: https://svn.apache.org/repos/asf/ant/core/trunk@1237434 13f79535-47bb-0310-9956-ffa450edef68 ";"1";"-1"
"DefaultCompilerAdapter.java";"org.apache.tools.ant.taskdefs.compilers";"NO";"NO";"NO";"NO";"NO";"NO";"YES";"NO";"NO";"NO";"NO";"NO";"NO";"ec4f3457422ecd2218feeb6181a56f6238b28144";"also set -source implicitly if -target uses 5 rather than 1.5 etc.  git-svn-id: https://svn.apache.org/repos/asf/ant/core/trunk@1237421 13f79535-47bb-0310-9956-ffa450edef68 ";"1";"-1"
"DefaultCompilerAdapter.java";"org.apache.tools.ant.taskdefs.compilers";"NO";"NO";"NO";"NO";"NO";"NO";"YES";"NO";"NO";"NO";"NO";"NO";"NO";"7a0427656df231a5c27339e4d1d3d5e49b9b6e04";"either Java 1.5 accepts -source 1.2 or it doesn't, be consistent  git-svn-id: https://svn.apache.org/repos/asf/ant/core/trunk@1237420 13f79535-47bb-0310-9956-ffa450edef68 ";"1";"-1"
"DefaultCompilerAdapter.java";"org.apache.tools.ant.taskdefs.compilers";"NO";"NO";"NO";"NO";"NO";"NO";"YES";"NO";"NO";"NO";"NO";"NO";"NO";"df7e0ca089cfb7acae1c006307eb3842e5637cf6";"five identical assumeJavaXY methods are enough  git-svn-id: https://svn.apache.org/repos/asf/ant/core/trunk@1236985 13f79535-47bb-0310-9956-ffa450edef68 ";"1";"-1"
"DefaultCompilerAdapter.java";"org.apache.tools.ant.taskdefs.compilers";"NO";"NO";"NO";"NO";"NO";"NO";"YES";"NO";"NO";"NO";"NO";"NO";"NO";"132fb32522052091d672208e63b418926e297bb2";"OpenJDK8 snaphot works, I have found a new class in java.lang.reflect and OpenJDK's javac defaults to -source 8.  No, I don't like the code in DefaultCompilerAdapter either.  git-svn-id: https://svn.apache.org/repos/asf/ant/core/trunk@1236803 13f79535-47bb-0310-9956-ffa450edef68 ";"1";"-2"
"DefaultCompilerAdapter.java";"org.apache.tools.ant.taskdefs.compilers";"NO";"NO";"NO";"NO";"NO";"NO";"YES";"NO";"NO";"NO";"NO";"NO";"NO";"5084636a1884682517657039eb51b520a581a9cc";"the -source magic was broken for 1.5 and 1.6.  PR 50578  git-svn-id: https://svn.apache.org/repos/asf/ant/core/trunk@1058854 13f79535-47bb-0310-9956-ffa450edef68 ";"1";"-1"
"ComponentHelper.java";"org.apache.tools.ant";"NO";"NO";"NO";"NO";"NO";"NO";"YES";"NO";"NO";"NO";"NO";"NO";"NO";"6aa0a70ff793a6d40e7463c528b98f6ac064b22a";"make sure Project#createTask has read defaults.properties.  PR 50788  git-svn-id: https://svn.apache.org/repos/asf/ant/core/trunk@1240669 13f79535-47bb-0310-9956-ffa450edef68 ";"1";"-1"
"XmlProperty.java";"org.apache.tools.ant.taskdefs";"NO";"NO";"NO";"NO";"NO";"NO";"YES";"NO";"NO";"NO";"NO";"NO";"NO";"";"";"0";"0"
"XSLTProcess.java";"org.apache.tools.ant.taskdefs";"NO";"NO";"NO";"NO";"NO";"NO";"YES";"NO";"NO";"NO";"NO";"YES";"NO";"c04d3e26a9afaea3f3c8474e0f6414cb6bc5f535";"if specified stylesheet doesn't exist, log the file resolved relative to project rather than the task's basedir  git-svn-id: https://svn.apache.org/repos/asf/ant/core/trunk@1203162 13f79535-47bb-0310-9956-ffa450edef68 ";"1";"-1"
"Expand.java";"org.apache.tools.ant.taskdefs";"NO";"NO";"NO";"NO";"NO";"NO";"YES";"YES";"NO";"NO";"NO";"NO";"NO";"5f20b99140fb4ec958a6d540b9df7b3c08312b40";"microoptimizations.  PR 50716  git-svn-id: https://svn.apache.org/repos/asf/ant/core/trunk@1066963 13f79535-47bb-0310-9956-ffa450edef68 ";"1";"-1"
"Redirector.java";"org.apache.tools.ant.taskdefs";"NO";"NO";"NO";"NO";"NO";"NO";"YES";"NO";"NO";"NO";"NO";"YES";"NO";"f60db1986400d56bb57dc1141a317f7fb4568ebf";"Revert commit #1095768 on java.xml and fix the redirector to not funnel streams if there is an errorProperty set   git-svn-id: https://svn.apache.org/repos/asf/ant/core/trunk@1097261 13f79535-47bb-0310-9956-ffa450edef68 ";"1";"-1"
"Redirector.java";"org.apache.tools.ant.taskdefs";"NO";"NO";"NO";"NO";"NO";"NO";"YES";"NO";"NO";"NO";"NO";"YES";"NO";"fd52ae619b333716d98de365f22f0f8ec533e9a0";"Exec task may mix the stderr and stdout output while logging it. Bugzilla 50507  git-svn-id: https://svn.apache.org/repos/asf/ant/core/trunk@1095736 13f79535-47bb-0310-9956-ffa450edef68 ";"1";"-1"
"ModifiedSelector.java";"org.apache.tools.ant.types.selectors.modifiedselector";"NO";"NO";"NO";"NO";"NO";"NO";"YES";"NO";"NO";"NO";"NO";"YES";"NO";"";"";"0";"0"
"FileUtils.java";"org.apache.tools.ant.util";"NO";"NO";"NO";"NO";"NO";"NO";"NO";"YES";"NO";"NO";"NO";"NO";"NO";"ececc5c3e332b97f962b94a475408606433ee0e6";"Add an option to <delete> to run the GC before retrying a failed build on non-Windows OSes as well.  Might fix the NFS problem described in PR 45786  git-svn-id: https://svn.apache.org/repos/asf/ant/core/trunk@1177305 13f79535-47bb-0310-9956-ffa450edef68 ";"1";"-1"
"FileUtils.java";"org.apache.tools.ant.util";"NO";"NO";"NO";"NO";"NO";"NO";"NO";"YES";"NO";"NO";"NO";"NO";"NO";"5f20b99140fb4ec958a6d540b9df7b3c08312b40";"microoptimizations.  PR 50716  git-svn-id: https://svn.apache.org/repos/asf/ant/core/trunk@1066963 13f79535-47bb-0310-9956-ffa450edef68 ";"1";"-1"
"Extension.java";"org.apache.tools.ant.taskdefs.optional.extension";"NO";"NO";"NO";"NO";"NO";"NO";"NO";"YES";"NO";"NO";"NO";"NO";"NO";"";"";"0";"0"
"Specification.java";"org.apache.tools.ant.taskdefs.optional.extension";"NO";"NO";"NO";"NO";"NO";"NO";"NO";"YES";"NO";"NO";"NO";"NO";"NO";"";"";"0";"0"
"MatchingTask.java";"org.apache.tools.ant.taskdefs";"NO";"NO";"NO";"NO";"NO";"NO";"NO";"NO";"NO";"YES";"NO";"NO";"NO";"";"";"0";"0"
"MacroDef.java";"org.apache.tools.ant.taskdefs";"NO";"NO";"NO";"NO";"NO";"NO";"NO";"NO";"NO";"NO";"YES";"NO";"NO";"bee376a9021a920023ff60a9d8d41ec2762209b2";"merge fix for regression that re-enables double expansion of properties in macrodef attributes.  PR 52621  git-svn-id: https://svn.apache.org/repos/asf/ant/core/branches/ANT_18_BRANCH@1293649 13f79535-47bb-0310-9956-ffa450edef68 ";"1";"-1"
"MacroDef.java";"org.apache.tools.ant.taskdefs";"NO";"NO";"NO";"NO";"NO";"NO";"NO";"NO";"NO";"NO";"YES";"NO";"NO";"5f20b99140fb4ec958a6d540b9df7b3c08312b40";"microoptimizations.  PR 50716  git-svn-id: https://svn.apache.org/repos/asf/ant/core/trunk@1066963 13f79535-47bb-0310-9956-ffa450edef68 ";"1";"-1"
"AntlibDefinition.java";"org.apache.tools.ant.taskdefs";"NO";"NO";"NO";"NO";"NO";"NO";"NO";"NO";"NO";"NO";"YES";"NO";"NO";"";"";"0";"0"
"SchemaValidate.java";"org.apache.tools.ant.taskdefs.optional";"NO";"NO";"NO";"NO";"NO";"NO";"NO";"NO";"NO";"NO";"YES";"NO";"NO";"";"";"0";"0"
"XMLValidateTask.java";"org.apache.tools.ant.taskdefs.optional";"NO";"NO";"NO";"NO";"NO";"NO";"NO";"NO";"NO";"NO";"YES";"NO";"NO";"5f20b99140fb4ec958a6d540b9df7b3c08312b40";"microoptimizations.  PR 50716  git-svn-id: https://svn.apache.org/repos/asf/ant/core/trunk@1066963 13f79535-47bb-0310-9956-ffa450edef68 ";"1";"-1"
"WeblogicDeploymentTool.java";"org.apache.tools.ant.taskdefs.optional.ejb";"NO";"NO";"NO";"NO";"NO";"NO";"NO";"NO";"NO";"NO";"YES";"NO";"NO";"";"";"0";"0"
"GenericDeploymentTool.java";"org.apache.tools.ant.taskdefs.optional.ejb";"NO";"NO";"NO";"NO";"NO";"NO";"NO";"NO";"NO";"NO";"YES";"NO";"NO";"";"";"0";"0"
"IPlanetDeploymentTool.java";"org.apache.tools.ant.taskdefs.optional.ejb";"NO";"NO";"NO";"NO";"NO";"NO";"NO";"NO";"NO";"NO";"YES";"NO";"NO";"";"";"0";"0"
"ArchiveFileSet.java";"org.apache.tools.ant.types";"NO";"NO";"NO";"NO";"NO";"NO";"NO";"NO";"NO";"NO";"YES";"NO";"NO";"";"";"0";"0"
"FileSet.java";"org.apache.tools.ant.types";"NO";"NO";"NO";"NO";"NO";"NO";"NO";"NO";"NO";"NO";"YES";"NO";"NO";"";"";"0";"0"
"ArchiveScanner.java";"org.apache.tools.ant.types";"NO";"NO";"NO";"NO";"NO";"NO";"NO";"NO";"NO";"NO";"YES";"NO";"NO";"";"";"0";"0"
"URLResource.java";"org.apache.tools.ant.types.resources";"NO";"NO";"NO";"NO";"NO";"NO";"NO";"NO";"NO";"NO";"YES";"NO";"NO";"394f665213e33f7e47dbf637f63979842c80a69a";"no reason to log at ERR if a URL doesn't exist and all we do is checking whether it does.  Addresses PR 51802  git-svn-id: https://svn.apache.org/repos/asf/ant/core/trunk@1203160 13f79535-47bb-0310-9956-ffa450edef68 ";"1";"-1"
"Resource.java";"org.apache.tools.ant.types";"NO";"NO";"NO";"NO";"NO";"NO";"NO";"NO";"NO";"NO";"YES";"NO";"NO";"";"";"0";"0"
"FileResource.java";"org.apache.tools.ant.types.resources";"NO";"NO";"NO";"NO";"NO";"NO";"NO";"NO";"NO";"NO";"YES";"NO";"NO";"9af2cd23bf9d1dbdef9da192f4d969e776278975";"fix fileResource specified using basedir/name attributes  git-svn-id: https://svn.apache.org/repos/asf/ant/core/trunk@1090325 13f79535-47bb-0310-9956-ffa450edef68 ";"1";"-1"
"SQLExec.java";"org.apache.tools.ant.taskdefs";"NO";"NO";"NO";"NO";"NO";"NO";"NO";"NO";"NO";"NO";"NO";"YES";"NO";"";"";"0";"0"
"Checksum.java";"org.apache.tools.ant.taskdefs";"NO";"NO";"NO";"NO";"NO";"NO";"NO";"NO";"NO";"NO";"NO";"YES";"NO";"";"";"0";"0"
"ChangeLogTask.java";"org.apache.tools.ant.taskdefs.cvslib";"NO";"NO";"NO";"NO";"NO";"NO";"NO";"NO";"NO";"NO";"NO";"YES";"NO";"5f20b99140fb4ec958a6d540b9df7b3c08312b40";"microoptimizations.  PR 50716  git-svn-id: https://svn.apache.org/repos/asf/ant/core/trunk@1066963 13f79535-47bb-0310-9956-ffa450edef68 ";"1";"-1"
"NetRexxC.java";"org.apache.tools.ant.taskdefs.optional";"NO";"NO";"NO";"NO";"NO";"NO";"NO";"NO";"NO";"NO";"NO";"YES";"NO";"5f20b99140fb4ec958a6d540b9df7b3c08312b40";"microoptimizations.  PR 50716  git-svn-id: https://svn.apache.org/repos/asf/ant/core/trunk@1066963 13f79535-47bb-0310-9956-ffa450edef68 ";"1";"-1"
"Cab.java";"org.apache.tools.ant.taskdefs.optional";"NO";"NO";"NO";"NO";"NO";"NO";"NO";"NO";"NO";"NO";"NO";"YES";"NO";"5f20b99140fb4ec958a6d540b9df7b3c08312b40";"microoptimizations.  PR 50716  git-svn-id: https://svn.apache.org/repos/asf/ant/core/trunk@1066963 13f79535-47bb-0310-9956-ffa450edef68 ";"1";"-1"
"EchoProperties.java";"org.apache.tools.ant.taskdefs.optional";"NO";"NO";"NO";"NO";"NO";"NO";"NO";"NO";"NO";"NO";"NO";"YES";"NO";"5f20b99140fb4ec958a6d540b9df7b3c08312b40";"microoptimizations.  PR 50716  git-svn-id: https://svn.apache.org/repos/asf/ant/core/trunk@1066963 13f79535-47bb-0310-9956-ffa450edef68 ";"1";"-1"
"JspC.java";"org.apache.tools.ant.taskdefs.optional.jsp";"NO";"NO";"NO";"NO";"NO";"NO";"NO";"NO";"NO";"NO";"NO";"YES";"NO";"";"";"0";"0"
"SplashTask.java";"org.apache.tools.ant.taskdefs.optional.splash";"NO";"NO";"NO";"NO";"NO";"NO";"NO";"NO";"NO";"NO";"NO";"YES";"NO";"737d0434c862c289ce80c962c4ceace7395f4360";"use setproxy inside splash in order to fix PR 50888  git-svn-id: https://svn.apache.org/repos/asf/ant/core/trunk@1079430 13f79535-47bb-0310-9956-ffa450edef68 ";"1";"-1"
"ZipFile.java";"org.apache.tools.zip";"NO";"NO";"NO";"NO";"NO";"NO";"NO";"NO";"NO";"NO";"NO";"YES";"NO";"0e150acfd40a3e5bec429895d62aa6cb70035670";"ZipFile doesn't work properly for archives using unicode extra fields.  Port of fix for COMPRESS-164 by Volker Leidl  git-svn-id: https://svn.apache.org/repos/asf/ant/core/trunk@1210522 13f79535-47bb-0310-9956-ffa450edef68 ";"1";"-1"
"ZipFile.java";"org.apache.tools.zip";"NO";"NO";"NO";"NO";"NO";"NO";"NO";"NO";"NO";"NO";"NO";"YES";"NO";"7d02a9f6cf8ffa3710f69d9a9041a3bc78aa21b2";"there is an off-by-one error in the loop that searches for the 'end of central directory record'  git-svn-id: https://svn.apache.org/repos/asf/ant/core/trunk@1154107 13f79535-47bb-0310-9956-ffa450edef68 ";"1";"-1"
"ZipFile.java";"org.apache.tools.zip";"NO";"NO";"NO";"NO";"NO";"NO";"NO";"NO";"NO";"NO";"NO";"YES";"NO";"c4c9d2552b9c8ce227f600205c93ae6dabd5036b";"clean up Inflater instance as some JDKs won't do it for us.  PR 42696.  Submitted by Mounir  git-svn-id: https://svn.apache.org/repos/asf/ant/core/trunk@1146020 13f79535-47bb-0310-9956-ffa450edef68 ";"1";"-1"
"DispatchTask.java";"org.apache.tools.ant.dispatch";"NO";"NO";"NO";"NO";"NO";"NO";"NO";"NO";"NO";"NO";"NO";"NO";"YES";"";"";"0";"0"
"DefaultJspCompilerAdapter.java";"org.apache.tools.ant.taskdefs.optional.jsp.compilers";"NO";"NO";"NO";"NO";"NO";"NO";"NO";"NO";"NO";"NO";"NO";"NO";"YES";"";"";"0";"0"
"ContentTransformingResource.java";"org.apache.tools.ant.types.resources";"NO";"NO";"NO";"NO";"NO";"NO";"NO";"NO";"NO";"NO";"NO";"NO";"YES";"";"";"0";"0"
"ZipUtil.java";"org.apache.tools.zip";"NO";"NO";"NO";"NO";"NO";"NO";"NO";"NO";"NO";"NO";"NO";"NO";"YES";"";"";"0";"0"
"AntClassLoader.java";"org.apache.tools.ant";"NO";"NO";"NO";"NO";"NO";"NO";"NO";"NO";"NO";"NO";"NO";"NO";"NO";"021d52822aabfb96e25acd8cba4b8ec081fb0f3f";"make AntClassLoader$ResourceEnumeration adhere to the Enumeration contract.  PR 51579  git-svn-id: https://svn.apache.org/repos/asf/ant/core/trunk@1155197 13f79535-47bb-0310-9956-ffa450edef68 ";"1";"-1"
"BuildEvent.java";"org.apache.tools.ant";"NO";"NO";"NO";"NO";"NO";"NO";"NO";"NO";"NO";"NO";"NO";"NO";"NO";"";"";"0";"0"
"BuildException.java";"org.apache.tools.ant";"NO";"NO";"NO";"NO";"NO";"NO";"NO";"NO";"NO";"NO";"NO";"NO";"NO";"";"";"0";"0"
"BuildListener.java";"org.apache.tools.ant";"NO";"NO";"NO";"NO";"NO";"NO";"NO";"NO";"NO";"NO";"NO";"NO";"NO";"";"";"0";"0"
"BuildLogger.java";"org.apache.tools.ant";"NO";"NO";"NO";"NO";"NO";"NO";"NO";"NO";"NO";"NO";"NO";"NO";"NO";"";"";"0";"0"
"DefaultLogger.java";"org.apache.tools.ant";"NO";"NO";"NO";"NO";"NO";"NO";"NO";"NO";"NO";"NO";"NO";"NO";"NO";"";"";"0";"0"
"DesirableFilter.java";"org.apache.tools.ant";"NO";"NO";"NO";"NO";"NO";"NO";"NO";"NO";"NO";"NO";"NO";"NO";"NO";"";"";"0";"0"
"FileScanner.java";"org.apache.tools.ant";"NO";"NO";"NO";"NO";"NO";"NO";"NO";"NO";"NO";"NO";"NO";"NO";"NO";"";"";"0";"0"
"Location.java";"org.apache.tools.ant";"NO";"NO";"NO";"NO";"NO";"NO";"NO";"NO";"NO";"NO";"NO";"NO";"NO";"";"";"0";"0"
"Map.java";"org.apache.tools.ant";"NO";"NO";"NO";"NO";"NO";"NO";"NO";"NO";"NO";"NO";"NO";"NO";"NO";"";"";"0";"0"
"PathTokenizer.java";"org.apache.tools.ant";"NO";"NO";"NO";"NO";"NO";"NO";"NO";"NO";"NO";"NO";"NO";"NO";"NO";"";"";"0";"0"
"ProjectHelper.java";"org.apache.tools.ant";"NO";"NO";"NO";"NO";"NO";"NO";"NO";"NO";"NO";"NO";"NO";"NO";"NO";"";"";"0";"0"
"RuntimeConfigurable.java";"org.apache.tools.ant";"NO";"NO";"NO";"NO";"NO";"NO";"NO";"NO";"NO";"NO";"NO";"NO";"NO";"bee376a9021a920023ff60a9d8d41ec2762209b2";"merge fix for regression that re-enables double expansion of properties in macrodef attributes.  PR 52621  git-svn-id: https://svn.apache.org/repos/asf/ant/core/branches/ANT_18_BRANCH@1293649 13f79535-47bb-0310-9956-ffa450edef68 ";"1";"-1"
"RuntimeConfigurable.java";"org.apache.tools.ant";"NO";"NO";"NO";"NO";"NO";"NO";"NO";"NO";"NO";"NO";"NO";"NO";"NO";"7d1ecbc1bb5db282ffbf95b6589eb49900ad163d";"don't expand properties twice in attributes of macrodef'ed tasks  git-svn-id: https://svn.apache.org/repos/asf/ant/core/trunk@1204961 13f79535-47bb-0310-9956-ffa450edef68 ";"1";"-1"
"TaskAdapter.java";"org.apache.tools.ant";"NO";"NO";"NO";"NO";"NO";"NO";"NO";"NO";"NO";"NO";"NO";"NO";"NO";"";"";"0";"0"
"AntStructure.java";"org.apache.tools.ant.taskdefs";"NO";"NO";"NO";"NO";"NO";"NO";"NO";"NO";"NO";"NO";"NO";"NO";"NO";"";"";"0";"0"
"Available.java";"org.apache.tools.ant.taskdefs";"NO";"NO";"NO";"NO";"NO";"NO";"NO";"NO";"NO";"NO";"NO";"NO";"NO";"";"";"0";"0"
"CallTarget.java";"org.apache.tools.ant.taskdefs";"NO";"NO";"NO";"NO";"NO";"NO";"NO";"NO";"NO";"NO";"NO";"NO";"NO";"";"";"0";"0"
"Chmod.java";"org.apache.tools.ant.taskdefs";"NO";"NO";"NO";"NO";"NO";"NO";"NO";"NO";"NO";"NO";"NO";"NO";"NO";"";"";"0";"0"
"CompileTask.java";"org.apache.tools.ant.taskdefs";"NO";"NO";"NO";"NO";"NO";"NO";"NO";"NO";"NO";"NO";"NO";"NO";"NO";"";"";"0";"0"
"Copydir.java";"org.apache.tools.ant.taskdefs";"NO";"NO";"NO";"NO";"NO";"NO";"NO";"NO";"NO";"NO";"NO";"NO";"NO";"";"";"0";"0"
"Copyfile.java";"org.apache.tools.ant.taskdefs";"NO";"NO";"NO";"NO";"NO";"NO";"NO";"NO";"NO";"NO";"NO";"NO";"NO";"";"";"0";"0"
"Cvs.java";"org.apache.tools.ant.taskdefs";"NO";"NO";"NO";"NO";"NO";"NO";"NO";"NO";"NO";"NO";"NO";"NO";"NO";"";"";"0";"0"
"Deltree.java";"org.apache.tools.ant.taskdefs";"NO";"NO";"NO";"NO";"NO";"NO";"NO";"NO";"NO";"NO";"NO";"NO";"NO";"";"";"0";"0"
"Echo.java";"org.apache.tools.ant.taskdefs";"NO";"NO";"NO";"NO";"NO";"NO";"NO";"NO";"NO";"NO";"NO";"NO";"NO";"";"";"0";"0"
"Exec.java";"org.apache.tools.ant.taskdefs";"NO";"NO";"NO";"NO";"NO";"NO";"NO";"NO";"NO";"NO";"NO";"NO";"NO";"";"";"0";"0"
"ExecTask.java";"org.apache.tools.ant.taskdefs";"NO";"NO";"NO";"NO";"NO";"NO";"NO";"NO";"NO";"NO";"NO";"NO";"NO";"";"";"0";"0"
"Execute.java";"org.apache.tools.ant.taskdefs";"NO";"NO";"NO";"NO";"NO";"NO";"NO";"NO";"NO";"NO";"NO";"NO";"NO";"";"";"0";"0"
"ExecuteJava.java";"org.apache.tools.ant.taskdefs";"NO";"NO";"NO";"NO";"NO";"NO";"NO";"NO";"NO";"NO";"NO";"NO";"NO";"";"";"0";"0"
"ExecuteStreamHandler.java";"org.apache.tools.ant.taskdefs";"NO";"NO";"NO";"NO";"NO";"NO";"NO";"NO";"NO";"NO";"NO";"NO";"NO";"";"";"0";"0"
"ExecuteWatchdog.java";"org.apache.tools.ant.taskdefs";"NO";"NO";"NO";"NO";"NO";"NO";"NO";"NO";"NO";"NO";"NO";"NO";"NO";"";"";"0";"0"
"Exit.java";"org.apache.tools.ant.taskdefs";"NO";"NO";"NO";"NO";"NO";"NO";"NO";"NO";"NO";"NO";"NO";"NO";"NO";"";"";"0";"0"
"Filter.java";"org.apache.tools.ant.taskdefs";"NO";"NO";"NO";"NO";"NO";"NO";"NO";"NO";"NO";"NO";"NO";"NO";"NO";"";"";"0";"0"
"FixCRLF.java";"org.apache.tools.ant.taskdefs";"NO";"NO";"NO";"NO";"NO";"NO";"NO";"NO";"NO";"NO";"NO";"NO";"NO";"";"";"0";"0"
"Get.java";"org.apache.tools.ant.taskdefs";"NO";"NO";"NO";"NO";"NO";"NO";"NO";"NO";"NO";"NO";"NO";"NO";"NO";"";"";"0";"0"
"GUnzip.java";"org.apache.tools.ant.taskdefs";"NO";"NO";"NO";"NO";"NO";"NO";"NO";"NO";"NO";"NO";"NO";"NO";"NO";"";"";"0";"0"
"GZip.java";"org.apache.tools.ant.taskdefs";"NO";"NO";"NO";"NO";"NO";"NO";"NO";"NO";"NO";"NO";"NO";"NO";"NO";"";"";"0";"0"
"Jar.java";"org.apache.tools.ant.taskdefs";"NO";"NO";"NO";"NO";"NO";"NO";"NO";"NO";"NO";"NO";"NO";"NO";"NO";"";"";"0";"0"
"Java.java";"org.apache.tools.ant.taskdefs";"NO";"NO";"NO";"NO";"NO";"NO";"NO";"NO";"NO";"NO";"NO";"NO";"NO";"5f20b99140fb4ec958a6d540b9df7b3c08312b40";"microoptimizations.  PR 50716  git-svn-id: https://svn.apache.org/repos/asf/ant/core/trunk@1066963 13f79535-47bb-0310-9956-ffa450edef68 ";"1";"-1"
"JavacOutputStream.java";"org.apache.tools.ant.taskdefs";"NO";"NO";"NO";"NO";"NO";"NO";"NO";"NO";"NO";"NO";"NO";"NO";"NO";"";"";"0";"0"
"Jikes.java";"org.apache.tools.ant.taskdefs";"NO";"NO";"NO";"NO";"NO";"NO";"NO";"NO";"NO";"NO";"NO";"NO";"NO";"";"";"0";"0"
"JikesOutputParser.java";"org.apache.tools.ant.taskdefs";"NO";"NO";"NO";"NO";"NO";"NO";"NO";"NO";"NO";"NO";"NO";"NO";"NO";"";"";"0";"0"
"KeySubst.java";"org.apache.tools.ant.taskdefs";"NO";"NO";"NO";"NO";"NO";"NO";"NO";"NO";"NO";"NO";"NO";"NO";"NO";"";"";"0";"0"
"LogOutputStream.java";"org.apache.tools.ant.taskdefs";"NO";"NO";"NO";"NO";"NO";"NO";"NO";"NO";"NO";"NO";"NO";"NO";"NO";"";"";"0";"0"
"LogStreamHandler.java";"org.apache.tools.ant.taskdefs";"NO";"NO";"NO";"NO";"NO";"NO";"NO";"NO";"NO";"NO";"NO";"NO";"NO";"";"";"0";"0"
"Mkdir.java";"org.apache.tools.ant.taskdefs";"NO";"NO";"NO";"NO";"NO";"NO";"NO";"NO";"NO";"NO";"NO";"NO";"NO";"d0d1325e541cc7ce28dd349eb9cfc08a8e9f2488";"provide read access to Mkdir.dir. PR 51684  git-svn-id: https://svn.apache.org/repos/asf/ant/core/trunk@1159661 13f79535-47bb-0310-9956-ffa450edef68 ";"1";"-1"
"Move.java";"org.apache.tools.ant.taskdefs";"NO";"NO";"NO";"NO";"NO";"NO";"NO";"NO";"NO";"NO";"NO";"NO";"NO";"cba6d868a87e2a4cd4406345201de39dcabcd3fd";"Make <move> use tryHardToDelete under the covers  git-svn-id: https://svn.apache.org/repos/asf/ant/core/trunk@1177307 13f79535-47bb-0310-9956-ffa450edef68 ";"1";"-1"
"DDCreator.java";"org.apache.tools.ant.taskdefs.optional.ejb";"NO";"NO";"NO";"NO";"NO";"NO";"NO";"NO";"NO";"NO";"NO";"NO";"NO";"";"";"0";"0"
"DDCreatorHelper.java";"org.apache.tools.ant.taskdefs.optional.ejb";"NO";"NO";"NO";"NO";"NO";"NO";"NO";"NO";"NO";"NO";"NO";"NO";"NO";"";"";"0";"0"
"DescriptorHandler.java";"org.apache.tools.ant.taskdefs.optional.ejb";"NO";"NO";"NO";"NO";"NO";"NO";"NO";"NO";"NO";"NO";"NO";"NO";"NO";"";"";"0";"0"
"Ejbc.java";"org.apache.tools.ant.taskdefs.optional.ejb";"NO";"NO";"NO";"NO";"NO";"NO";"NO";"NO";"NO";"NO";"NO";"NO";"NO";"";"";"0";"0"
"EjbcHelper.java";"org.apache.tools.ant.taskdefs.optional.ejb";"NO";"NO";"NO";"NO";"NO";"NO";"NO";"NO";"NO";"NO";"NO";"NO";"NO";"";"";"0";"0"
"EJBDeploymentTool.java";"org.apache.tools.ant.taskdefs.optional.ejb";"NO";"NO";"NO";"NO";"NO";"NO";"NO";"NO";"NO";"NO";"NO";"NO";"NO";"";"";"0";"0"
"EjbJar.java";"org.apache.tools.ant.taskdefs.optional.ejb";"NO";"NO";"NO";"NO";"NO";"NO";"NO";"NO";"NO";"NO";"NO";"NO";"NO";"";"";"0";"0"
"InnerClassFilenameFilter.java";"org.apache.tools.ant.taskdefs.optional.ejb";"NO";"NO";"NO";"NO";"NO";"NO";"NO";"NO";"NO";"NO";"NO";"NO";"NO";"";"";"0";"0"
"WeblogicTOPLinkDeploymentTool.java";"org.apache.tools.ant.taskdefs.optional.ejb";"NO";"NO";"NO";"NO";"NO";"NO";"NO";"NO";"NO";"NO";"NO";"NO";"NO";"";"";"0";"0"
"WLRun.java";"org.apache.tools.ant.taskdefs.optional.ejb";"NO";"NO";"NO";"NO";"NO";"NO";"NO";"NO";"NO";"NO";"NO";"NO";"NO";"";"";"0";"0"
"WLStop.java";"org.apache.tools.ant.taskdefs.optional.ejb";"NO";"NO";"NO";"NO";"NO";"NO";"NO";"NO";"NO";"NO";"NO";"NO";"NO";"";"";"0";"0"
"FTP.java";"org.apache.tools.ant.taskdefs.optional";"NO";"NO";"NO";"NO";"NO";"NO";"NO";"NO";"NO";"NO";"NO";"NO";"NO";"";"";"0";"0"
"JavaCC.java";"org.apache.tools.ant.taskdefs.optional.javacc";"NO";"NO";"NO";"NO";"NO";"NO";"NO";"NO";"NO";"NO";"NO";"NO";"NO";"998309cd5343cfcf3db91c335f4b0bd92073b7e9";"add maxmemory attribute to javacc and friends.  PR 50513  git-svn-id: https://svn.apache.org/repos/asf/ant/core/trunk@1055418 13f79535-47bb-0310-9956-ffa450edef68 ";"1";"-1"
"JJTree.java";"org.apache.tools.ant.taskdefs.optional.javacc";"NO";"NO";"NO";"NO";"NO";"NO";"NO";"NO";"NO";"NO";"NO";"NO";"NO";"998309cd5343cfcf3db91c335f4b0bd92073b7e9";"add maxmemory attribute to javacc and friends.  PR 50513  git-svn-id: https://svn.apache.org/repos/asf/ant/core/trunk@1055418 13f79535-47bb-0310-9956-ffa450edef68 ";"1";"-1"
"ClassNameReader.java";"org.apache.tools.ant.taskdefs.optional.jlink";"NO";"NO";"NO";"NO";"NO";"NO";"NO";"NO";"NO";"NO";"NO";"NO";"NO";"";"";"0";"0"
"jlink.java";"org.apache.tools.ant.taskdefs.optional.jlink";"NO";"NO";"NO";"NO";"NO";"NO";"NO";"NO";"NO";"NO";"NO";"NO";"NO";"";"";"0";"0"
"JlinkTask.java";"org.apache.tools.ant.taskdefs.optional.jlink";"NO";"NO";"NO";"NO";"NO";"NO";"NO";"NO";"NO";"NO";"NO";"NO";"NO";"";"";"0";"0"
"WLJspc.java";"org.apache.tools.ant.taskdefs.optional.jsp";"NO";"NO";"NO";"NO";"NO";"NO";"NO";"NO";"NO";"NO";"NO";"NO";"NO";"5f20b99140fb4ec958a6d540b9df7b3c08312b40";"microoptimizations.  PR 50716  git-svn-id: https://svn.apache.org/repos/asf/ant/core/trunk@1066963 13f79535-47bb-0310-9956-ffa450edef68 ";"1";"-1"
"BaseTest.java";"org.apache.tools.ant.taskdefs.optional.junit";"NO";"NO";"NO";"NO";"NO";"NO";"NO";"NO";"NO";"NO";"NO";"NO";"NO";"";"";"0";"0"
"BatchTest.java";"org.apache.tools.ant.taskdefs.optional.junit";"NO";"NO";"NO";"NO";"NO";"NO";"NO";"NO";"NO";"NO";"NO";"NO";"NO";"";"";"0";"0"
"FormatterElement.java";"org.apache.tools.ant.taskdefs.optional.junit";"NO";"NO";"NO";"NO";"NO";"NO";"NO";"NO";"NO";"NO";"NO";"NO";"NO";"";"";"0";"0"
"JUnitResultFormatter.java";"org.apache.tools.ant.taskdefs.optional.junit";"NO";"NO";"NO";"NO";"NO";"NO";"NO";"NO";"NO";"NO";"NO";"NO";"NO";"";"";"0";"0"
"JUnitTask.java";"org.apache.tools.ant.taskdefs.optional.junit";"NO";"NO";"NO";"NO";"NO";"NO";"NO";"NO";"NO";"NO";"NO";"NO";"NO";"";"";"0";"0"
"JUnitTest.java";"org.apache.tools.ant.taskdefs.optional.junit";"NO";"NO";"NO";"NO";"NO";"NO";"NO";"NO";"NO";"NO";"NO";"NO";"NO";"";"";"0";"0"
"JUnitTestRunner.java";"org.apache.tools.ant.taskdefs.optional.junit";"NO";"NO";"NO";"NO";"NO";"NO";"NO";"NO";"NO";"NO";"NO";"NO";"NO";"d121ce11a14e51da92d7d5b17161c29abfbfe37c";"never filter out the first line of the exception stack trace in junit so the failure message is preserved  git-svn-id: https://svn.apache.org/repos/asf/ant/core/trunk@1154551 13f79535-47bb-0310-9956-ffa450edef68 ";"1";"-2"
"JUnitTestRunner.java";"org.apache.tools.ant.taskdefs.optional.junit";"NO";"NO";"NO";"NO";"NO";"NO";"NO";"NO";"NO";"NO";"NO";"NO";"NO";"5f20b99140fb4ec958a6d540b9df7b3c08312b40";"microoptimizations.  PR 50716  git-svn-id: https://svn.apache.org/repos/asf/ant/core/trunk@1066963 13f79535-47bb-0310-9956-ffa450edef68 ";"1";"-1"
"PlainJUnitResultFormatter.java";"org.apache.tools.ant.taskdefs.optional.junit";"NO";"NO";"NO";"NO";"NO";"NO";"NO";"NO";"NO";"NO";"NO";"NO";"NO";"";"";"0";"0"
"SummaryJUnitResultFormatter.java";"org.apache.tools.ant.taskdefs.optional.junit";"NO";"NO";"NO";"NO";"NO";"NO";"NO";"NO";"NO";"NO";"NO";"NO";"NO";"";"";"0";"0"
"XMLJUnitResultFormatter.java";"org.apache.tools.ant.taskdefs.optional.junit";"NO";"NO";"NO";"NO";"NO";"NO";"NO";"NO";"NO";"NO";"NO";"NO";"NO";"";"";"0";"0"
"MParse.java";"org.apache.tools.ant.taskdefs.optional.metamata";"NO";"NO";"NO";"NO";"NO";"NO";"NO";"NO";"NO";"NO";"NO";"NO";"NO";"";"";"0";"0"
"Native2Ascii.java";"org.apache.tools.ant.taskdefs.optional";"NO";"NO";"NO";"NO";"NO";"NO";"NO";"NO";"NO";"NO";"NO";"NO";"NO";"";"";"0";"0"
"P4sync.java";"org.apache.tools.ant.taskdefs.optional.perforce";"NO";"NO";"NO";"NO";"NO";"NO";"NO";"NO";"NO";"NO";"NO";"NO";"NO";"";"";"0";"0"
"RenameExtensions.java";"org.apache.tools.ant.taskdefs.optional";"NO";"NO";"NO";"NO";"NO";"NO";"NO";"NO";"NO";"NO";"NO";"NO";"NO";"";"";"0";"0"
"AntStarTeamCheckOut.java";"org.apache.tools.ant.taskdefs.optional.scm";"NO";"NO";"NO";"NO";"NO";"NO";"NO";"NO";"NO";"NO";"NO";"NO";"NO";"";"";"0";"0"
"Script.java";"org.apache.tools.ant.taskdefs.optional";"NO";"NO";"NO";"NO";"NO";"NO";"NO";"NO";"NO";"NO";"NO";"NO";"NO";"";"";"0";"0"
"MSVSS.java";"org.apache.tools.ant.taskdefs.optional.vss";"NO";"NO";"NO";"NO";"NO";"NO";"NO";"NO";"NO";"NO";"NO";"NO";"NO";"";"";"0";"0"
"MSVSSGET.java";"org.apache.tools.ant.taskdefs.optional.vss";"NO";"NO";"NO";"NO";"NO";"NO";"NO";"NO";"NO";"NO";"NO";"NO";"NO";"";"";"0";"0"
"XalanLiaison.java";"org.apache.tools.ant.taskdefs.optional";"NO";"NO";"NO";"NO";"NO";"NO";"NO";"NO";"NO";"NO";"NO";"NO";"NO";"";"";"0";"0"
"XslpLiaison.java";"org.apache.tools.ant.taskdefs.optional";"NO";"NO";"NO";"NO";"NO";"NO";"NO";"NO";"NO";"NO";"NO";"NO";"NO";"";"";"0";"0"
"Patch.java";"org.apache.tools.ant.taskdefs";"NO";"NO";"NO";"NO";"NO";"NO";"NO";"NO";"NO";"NO";"NO";"NO";"NO";"";"";"0";"0"
"Property.java";"org.apache.tools.ant.taskdefs";"NO";"NO";"NO";"NO";"NO";"NO";"NO";"NO";"NO";"NO";"NO";"NO";"NO";"";"";"0";"0"
"PumpStreamHandler.java";"org.apache.tools.ant.taskdefs";"NO";"NO";"NO";"NO";"NO";"NO";"NO";"NO";"NO";"NO";"NO";"NO";"NO";"9fb3d4fa86037a7c9a413317c011fc1652743262";"BR 50960. Use autoflush so that content get pushed to the forked application   git-svn-id: https://svn.apache.org/repos/asf/ant/core/trunk@1086741 13f79535-47bb-0310-9956-ffa450edef68 ";"1";"-1"
"Rename.java";"org.apache.tools.ant.taskdefs";"NO";"NO";"NO";"NO";"NO";"NO";"NO";"NO";"NO";"NO";"NO";"NO";"NO";"";"";"0";"0"
"Replace.java";"org.apache.tools.ant.taskdefs";"NO";"NO";"NO";"NO";"NO";"NO";"NO";"NO";"NO";"NO";"NO";"NO";"NO";"5f20b99140fb4ec958a6d540b9df7b3c08312b40";"microoptimizations.  PR 50716  git-svn-id: https://svn.apache.org/repos/asf/ant/core/trunk@1066963 13f79535-47bb-0310-9956-ffa450edef68 ";"1";"-1"
"Rmic.java";"org.apache.tools.ant.taskdefs";"NO";"NO";"NO";"NO";"NO";"NO";"NO";"NO";"NO";"NO";"NO";"NO";"NO";"";"";"0";"0"
"SendEmail.java";"org.apache.tools.ant.taskdefs";"NO";"NO";"NO";"NO";"NO";"NO";"NO";"NO";"NO";"NO";"NO";"NO";"NO";"";"";"0";"0"
"SignJar.java";"org.apache.tools.ant.taskdefs";"NO";"NO";"NO";"NO";"NO";"NO";"NO";"NO";"NO";"NO";"NO";"NO";"NO";"5b256dff1e60929bb68d9d5a1d8b81f147221dc2";"provide control over signature and digest algorithms in <signjar>.  Submitted by Wang Weijun.  PR 52344  git-svn-id: https://svn.apache.org/repos/asf/ant/core/trunk@1221901 13f79535-47bb-0310-9956-ffa450edef68 ";"1";"-1"
"StreamPumper.java";"org.apache.tools.ant.taskdefs";"NO";"NO";"NO";"NO";"NO";"NO";"NO";"NO";"NO";"NO";"NO";"NO";"NO";"";"";"0";"0"
"Taskdef.java";"org.apache.tools.ant.taskdefs";"NO";"NO";"NO";"NO";"NO";"NO";"NO";"NO";"NO";"NO";"NO";"NO";"NO";"";"";"0";"0"
"TaskOutputStream.java";"org.apache.tools.ant.taskdefs";"NO";"NO";"NO";"NO";"NO";"NO";"NO";"NO";"NO";"NO";"NO";"NO";"NO";"";"";"0";"0"
"Touch.java";"org.apache.tools.ant.taskdefs";"NO";"NO";"NO";"NO";"NO";"NO";"NO";"NO";"NO";"NO";"NO";"NO";"NO";"5f20b99140fb4ec958a6d540b9df7b3c08312b40";"microoptimizations.  PR 50716  git-svn-id: https://svn.apache.org/repos/asf/ant/core/trunk@1066963 13f79535-47bb-0310-9956-ffa450edef68 ";"1";"-1"
"Tstamp.java";"org.apache.tools.ant.taskdefs";"NO";"NO";"NO";"NO";"NO";"NO";"NO";"NO";"NO";"NO";"NO";"NO";"NO";"";"";"0";"0"
"Untar.java";"org.apache.tools.ant.taskdefs";"NO";"NO";"NO";"NO";"NO";"NO";"NO";"NO";"NO";"NO";"NO";"NO";"NO";"";"";"0";"0"
"UpToDate.java";"org.apache.tools.ant.taskdefs";"NO";"NO";"NO";"NO";"NO";"NO";"NO";"NO";"NO";"NO";"NO";"NO";"NO";"";"";"0";"0"
"War.java";"org.apache.tools.ant.taskdefs";"NO";"NO";"NO";"NO";"NO";"NO";"NO";"NO";"NO";"NO";"NO";"NO";"NO";"";"";"0";"0"
"XSLTLiaison.java";"org.apache.tools.ant.taskdefs";"NO";"NO";"NO";"NO";"NO";"NO";"NO";"NO";"NO";"NO";"NO";"NO";"NO";"";"";"0";"0"
"DataType.java";"org.apache.tools.ant.types";"NO";"NO";"NO";"NO";"NO";"NO";"NO";"NO";"NO";"NO";"NO";"NO";"NO";"";"";"0";"0"
"EnumeratedAttribute.java";"org.apache.tools.ant.types";"NO";"NO";"NO";"NO";"NO";"NO";"NO";"NO";"NO";"NO";"NO";"NO";"NO";"";"";"0";"0"
"Environment.java";"org.apache.tools.ant.types";"NO";"NO";"NO";"NO";"NO";"NO";"NO";"NO";"NO";"NO";"NO";"NO";"NO";"";"";"0";"0"
"PatternSet.java";"org.apache.tools.ant.types";"NO";"NO";"NO";"NO";"NO";"NO";"NO";"NO";"NO";"NO";"NO";"NO";"NO";"";"";"0";"0"
"Reference.java";"org.apache.tools.ant.types";"NO";"NO";"NO";"NO";"NO";"NO";"NO";"NO";"NO";"NO";"NO";"NO";"NO";"";"";"0";"0"
"UnknownElement.java";"org.apache.tools.ant";"NO";"NO";"NO";"NO";"NO";"NO";"NO";"NO";"NO";"NO";"NO";"NO";"NO";"5f20b99140fb4ec958a6d540b9df7b3c08312b40";"microoptimizations.  PR 50716  git-svn-id: https://svn.apache.org/repos/asf/ant/core/trunk@1066963 13f79535-47bb-0310-9956-ffa450edef68 ";"1";"-1"
"XmlLogger.java";"org.apache.tools.ant";"NO";"NO";"NO";"NO";"NO";"NO";"NO";"NO";"NO";"NO";"NO";"NO";"NO";"";"";"0";"0"
"MailMessage.java";"org.apache.tools.mail";"NO";"NO";"NO";"NO";"NO";"NO";"NO";"NO";"NO";"NO";"NO";"NO";"NO";"5f20b99140fb4ec958a6d540b9df7b3c08312b40";"microoptimizations.  PR 50716  git-svn-id: https://svn.apache.org/repos/asf/ant/core/trunk@1066963 13f79535-47bb-0310-9956-ffa450edef68 ";"1";"-1"
"TarBuffer.java";"org.apache.tools.tar";"NO";"NO";"NO";"NO";"NO";"NO";"NO";"NO";"NO";"NO";"NO";"NO";"NO";"";"";"0";"0"
"TarConstants.java";"org.apache.tools.tar";"NO";"NO";"NO";"NO";"NO";"NO";"NO";"NO";"NO";"NO";"NO";"NO";"NO";"";"";"0";"0"
"TarEntry.java";"org.apache.tools.tar";"NO";"NO";"NO";"NO";"NO";"NO";"NO";"NO";"NO";"NO";"NO";"NO";"NO";"";"";"0";"0"
"TarInputStream.java";"org.apache.tools.tar";"NO";"NO";"NO";"NO";"NO";"NO";"NO";"NO";"NO";"NO";"NO";"NO";"NO";"";"";"0";"0"
"TarOutputStream.java";"org.apache.tools.tar";"NO";"NO";"NO";"NO";"NO";"NO";"NO";"NO";"NO";"NO";"NO";"NO";"NO";"";"";"0";"0"
"TarUtils.java";"org.apache.tools.tar";"NO";"NO";"NO";"NO";"NO";"NO";"NO";"NO";"NO";"NO";"NO";"NO";"NO";"";"";"0";"0"
