"CLASS NAME";"PACKAGE";"CLASS DATA SHOULD BE PRIVATE";"COMPLEX CLASS";"FEATURE ENVY";"INAPPROPRIATE INTIMACY";"LARGE CLASS";"LAZY CLASS";"LONG METHODS";"LONG PARAMETER LIST";"MESSAGE CHAIN";"MIDDLE MAN";"REFUSED BEQUEST";"SPAGHETTI CODE";"SPECULATIVE GENERALITY";"SHA-1";"COMMIT MESSAGE";"POSITIVITY";"NEGATIVITY"
"Launcher.java";"org.apache.tools.ant.launch";"YES";"NO";"NO";"NO";"NO";"NO";"YES";"NO";"NO";"NO";"NO";"NO";"NO";"4e68951b4ee833207cee42823f466cc9f1c8f274";"checkcheck   git-svn-id: https://svn.apache.org/repos/asf/ant/core/branches/ANT_16_BRANCH@276242 13f79535-47bb-0310-9956-ffa450edef68 ";"1";"-1"
"Launcher.java";"org.apache.tools.ant.launch";"YES";"NO";"NO";"NO";"NO";"NO";"YES";"NO";"NO";"NO";"NO";"NO";"NO";"09d533f21fd334f7711da2b5d96eeef8645bb491";"remove authors   git-svn-id: https://svn.apache.org/repos/asf/ant/core/branches/ANT_16_BRANCH@276209 13f79535-47bb-0310-9956-ffa450edef68 ";"1";"-1"
"HotDeploymentTool.java";"org.apache.tools.ant.taskdefs.optional.j2ee";"YES";"NO";"NO";"NO";"NO";"NO";"NO";"NO";"NO";"NO";"NO";"NO";"NO";"09d533f21fd334f7711da2b5d96eeef8645bb491";"remove authors   git-svn-id: https://svn.apache.org/repos/asf/ant/core/branches/ANT_16_BRANCH@276209 13f79535-47bb-0310-9956-ffa450edef68 ";"1";"-1"
"P4Counter.java";"org.apache.tools.ant.taskdefs.optional.perforce";"YES";"NO";"NO";"NO";"NO";"NO";"NO";"NO";"NO";"NO";"NO";"NO";"NO";"09d533f21fd334f7711da2b5d96eeef8645bb491";"remove authors   git-svn-id: https://svn.apache.org/repos/asf/ant/core/branches/ANT_16_BRANCH@276209 13f79535-47bb-0310-9956-ffa450edef68 ";"1";"-1"
"Utils.java";"org.apache.tools.ant.taskdefs.optional.sitraka.bytecode";"YES";"NO";"NO";"NO";"NO";"NO";"NO";"NO";"NO";"NO";"NO";"NO";"NO";"09d533f21fd334f7711da2b5d96eeef8645bb491";"remove authors   git-svn-id: https://svn.apache.org/repos/asf/ant/core/branches/ANT_16_BRANCH@276209 13f79535-47bb-0310-9956-ffa450edef68 ";"1";"-1"
"ColorMapper.java";"org.apache.tools.ant.types.optional.image";"YES";"NO";"NO";"NO";"NO";"NO";"NO";"NO";"NO";"NO";"NO";"NO";"NO";"09d533f21fd334f7711da2b5d96eeef8645bb491";"remove authors   git-svn-id: https://svn.apache.org/repos/asf/ant/core/branches/ANT_16_BRANCH@276209 13f79535-47bb-0310-9956-ffa450edef68 ";"1";"-1"
"DepthSelector.java";"org.apache.tools.ant.types.selectors";"YES";"NO";"NO";"NO";"NO";"NO";"NO";"NO";"NO";"NO";"NO";"NO";"NO";"09d533f21fd334f7711da2b5d96eeef8645bb491";"remove authors   git-svn-id: https://svn.apache.org/repos/asf/ant/core/branches/ANT_16_BRANCH@276209 13f79535-47bb-0310-9956-ffa450edef68 ";"1";"-1"
"IntrospectionHelper.java";"org.apache.tools.ant";"NO";"YES";"NO";"NO";"NO";"NO";"YES";"NO";"NO";"NO";"NO";"NO";"NO";"9d53d3670b889ce1075b78d85683ac2f80b6fc24";"sync   git-svn-id: https://svn.apache.org/repos/asf/ant/core/branches/ANT_16_BRANCH@276574 13f79535-47bb-0310-9956-ffa450edef68 ";"1";"-1"
"IntrospectionHelper.java";"org.apache.tools.ant";"NO";"YES";"NO";"NO";"NO";"NO";"YES";"NO";"NO";"NO";"NO";"NO";"NO";"cc6370f6e59b634e4773940b540d9fecc5aa60cc";"sync up changes for DynamicConfiguratorNs and for implicit nested elements in macrodef   git-svn-id: https://svn.apache.org/repos/asf/ant/core/branches/ANT_16_BRANCH@276516 13f79535-47bb-0310-9956-ffa450edef68 ";"1";"-1"
"IntrospectionHelper.java";"org.apache.tools.ant";"NO";"YES";"NO";"NO";"NO";"NO";"YES";"NO";"NO";"NO";"NO";"NO";"NO";"b203bdd9dd3f2c3300d940cce63264407d3fd479";"stylecheck   git-svn-id: https://svn.apache.org/repos/asf/ant/core/branches/ANT_16_BRANCH@276240 13f79535-47bb-0310-9956-ffa450edef68 ";"1";"-1"
"IntrospectionHelper.java";"org.apache.tools.ant";"NO";"YES";"NO";"NO";"NO";"NO";"YES";"NO";"NO";"NO";"NO";"NO";"NO";"09d533f21fd334f7711da2b5d96eeef8645bb491";"remove authors   git-svn-id: https://svn.apache.org/repos/asf/ant/core/branches/ANT_16_BRANCH@276209 13f79535-47bb-0310-9956-ffa450edef68 ";"1";"-1"
"FTP.java";"org.apache.tools.ant.taskdefs.optional.net";"NO";"YES";"NO";"NO";"YES";"NO";"NO";"NO";"NO";"NO";"NO";"NO";"NO";"09d533f21fd334f7711da2b5d96eeef8645bb491";"remove authors   git-svn-id: https://svn.apache.org/repos/asf/ant/core/branches/ANT_16_BRANCH@276209 13f79535-47bb-0310-9956-ffa450edef68 ";"1";"-1"
"NetRexxC.java";"org.apache.tools.ant.taskdefs.optional";"NO";"NO";"YES";"NO";"NO";"NO";"NO";"NO";"NO";"NO";"NO";"YES";"NO";"09d533f21fd334f7711da2b5d96eeef8645bb491";"remove authors   git-svn-id: https://svn.apache.org/repos/asf/ant/core/branches/ANT_16_BRANCH@276209 13f79535-47bb-0310-9956-ffa450edef68 ";"1";"-1"
"AntStructure.java";"org.apache.tools.ant.taskdefs";"NO";"NO";"YES";"NO";"NO";"NO";"NO";"NO";"NO";"NO";"NO";"NO";"NO";"09d533f21fd334f7711da2b5d96eeef8645bb491";"remove authors   git-svn-id: https://svn.apache.org/repos/asf/ant/core/branches/ANT_16_BRANCH@276209 13f79535-47bb-0310-9956-ffa450edef68 ";"1";"-1"
"GenerateKey.java";"org.apache.tools.ant.taskdefs";"NO";"NO";"YES";"NO";"NO";"NO";"NO";"NO";"NO";"NO";"NO";"YES";"NO";"8d00f02ae4f8cf35d7ca44f25b597ef5bee376e4";"merge   git-svn-id: https://svn.apache.org/repos/asf/ant/core/branches/ANT_16_BRANCH@276518 13f79535-47bb-0310-9956-ffa450edef68 ";"1";"-1"
"GenerateKey.java";"org.apache.tools.ant.taskdefs";"NO";"NO";"YES";"NO";"NO";"NO";"NO";"NO";"NO";"NO";"NO";"YES";"NO";"09d533f21fd334f7711da2b5d96eeef8645bb491";"remove authors   git-svn-id: https://svn.apache.org/repos/asf/ant/core/branches/ANT_16_BRANCH@276209 13f79535-47bb-0310-9956-ffa450edef68 ";"1";"-1"
"Project.java";"org.apache.tools.ant";"NO";"NO";"NO";"YES";"YES";"NO";"NO";"NO";"NO";"NO";"NO";"NO";"NO";"9327689407637c343fb47426f3d8104181ad45dd";"Merge fix for 8689 from HEAD   git-svn-id: https://svn.apache.org/repos/asf/ant/core/branches/ANT_16_BRANCH@276646 13f79535-47bb-0310-9956-ffa450edef68 ";"1";"-1"
"Project.java";"org.apache.tools.ant";"NO";"NO";"NO";"YES";"YES";"NO";"NO";"NO";"NO";"NO";"NO";"NO";"NO";"a37cb39a3584f06e9bfa93fba436ef8c98a618f9";"Lost in last sync with HEAD   git-svn-id: https://svn.apache.org/repos/asf/ant/core/branches/ANT_16_BRANCH@276374 13f79535-47bb-0310-9956-ffa450edef68 ";"1";"-1"
"Project.java";"org.apache.tools.ant";"NO";"NO";"NO";"YES";"YES";"NO";"NO";"NO";"NO";"NO";"NO";"NO";"NO";"122cf769ca8cf8c8cbc2236f2156365ec5a49c3c";"sync with head   git-svn-id: https://svn.apache.org/repos/asf/ant/core/branches/ANT_16_BRANCH@276251 13f79535-47bb-0310-9956-ffa450edef68 ";"1";"-1"
"Project.java";"org.apache.tools.ant";"NO";"NO";"NO";"YES";"YES";"NO";"NO";"NO";"NO";"NO";"NO";"NO";"NO";"09d533f21fd334f7711da2b5d96eeef8645bb491";"remove authors   git-svn-id: https://svn.apache.org/repos/asf/ant/core/branches/ANT_16_BRANCH@276209 13f79535-47bb-0310-9956-ffa450edef68 ";"1";"-1"
"XMLCatalog.java";"org.apache.tools.ant.types";"NO";"NO";"NO";"YES";"NO";"NO";"NO";"NO";"NO";"NO";"NO";"NO";"NO";"09d533f21fd334f7711da2b5d96eeef8645bb491";"remove authors   git-svn-id: https://svn.apache.org/repos/asf/ant/core/branches/ANT_16_BRANCH@276209 13f79535-47bb-0310-9956-ffa450edef68 ";"1";"-1"
"RecorderEntry.java";"org.apache.tools.ant.taskdefs";"NO";"NO";"NO";"YES";"NO";"NO";"NO";"NO";"NO";"NO";"NO";"NO";"NO";"9327689407637c343fb47426f3d8104181ad45dd";"Merge fix for 8689 from HEAD   git-svn-id: https://svn.apache.org/repos/asf/ant/core/branches/ANT_16_BRANCH@276646 13f79535-47bb-0310-9956-ffa450edef68 ";"1";"-1"
"RecorderEntry.java";"org.apache.tools.ant.taskdefs";"NO";"NO";"NO";"YES";"NO";"NO";"NO";"NO";"NO";"NO";"NO";"NO";"NO";"09d533f21fd334f7711da2b5d96eeef8645bb491";"remove authors   git-svn-id: https://svn.apache.org/repos/asf/ant/core/branches/ANT_16_BRANCH@276209 13f79535-47bb-0310-9956-ffa450edef68 ";"1";"-1"
"ProjectComponent.java";"org.apache.tools.ant";"NO";"NO";"NO";"YES";"NO";"NO";"NO";"NO";"NO";"NO";"NO";"NO";"NO";"d9ed6cdf0d4ef3354ff46ebf7aba07f08cc2e9e1";"sync with head   git-svn-id: https://svn.apache.org/repos/asf/ant/core/branches/ANT_16_BRANCH@276267 13f79535-47bb-0310-9956-ffa450edef68 ";"1";"-1"
"ProjectComponent.java";"org.apache.tools.ant";"NO";"NO";"NO";"YES";"NO";"NO";"NO";"NO";"NO";"NO";"NO";"NO";"NO";"09d533f21fd334f7711da2b5d96eeef8645bb491";"remove authors   git-svn-id: https://svn.apache.org/repos/asf/ant/core/branches/ANT_16_BRANCH@276209 13f79535-47bb-0310-9956-ffa450edef68 ";"1";"-1"
"CommandlineJava.java";"org.apache.tools.ant.types";"NO";"NO";"NO";"YES";"NO";"NO";"NO";"NO";"NO";"NO";"NO";"NO";"NO";"48caaf796ac273b8edb7254ff903f618390a30ef";"merge   git-svn-id: https://svn.apache.org/repos/asf/ant/core/branches/ANT_16_BRANCH@276348 13f79535-47bb-0310-9956-ffa450edef68 ";"1";"-1"
"CommandlineJava.java";"org.apache.tools.ant.types";"NO";"NO";"NO";"YES";"NO";"NO";"NO";"NO";"NO";"NO";"NO";"NO";"NO";"172b551ab49acc933f844408d71bb338b8ad1d19";"merge   git-svn-id: https://svn.apache.org/repos/asf/ant/core/branches/ANT_16_BRANCH@276314 13f79535-47bb-0310-9956-ffa450edef68 ";"1";"-1"
"CommandlineJava.java";"org.apache.tools.ant.types";"NO";"NO";"NO";"YES";"NO";"NO";"NO";"NO";"NO";"NO";"NO";"NO";"NO";"09d533f21fd334f7711da2b5d96eeef8645bb491";"remove authors   git-svn-id: https://svn.apache.org/repos/asf/ant/core/branches/ANT_16_BRANCH@276209 13f79535-47bb-0310-9956-ffa450edef68 ";"1";"-1"
"Commandline.java";"org.apache.tools.ant.types";"NO";"NO";"NO";"YES";"NO";"NO";"NO";"NO";"NO";"NO";"NO";"NO";"NO";"172b551ab49acc933f844408d71bb338b8ad1d19";"merge   git-svn-id: https://svn.apache.org/repos/asf/ant/core/branches/ANT_16_BRANCH@276314 13f79535-47bb-0310-9956-ffa450edef68 ";"1";"-1"
"Commandline.java";"org.apache.tools.ant.types";"NO";"NO";"NO";"YES";"NO";"NO";"NO";"NO";"NO";"NO";"NO";"NO";"NO";"09d533f21fd334f7711da2b5d96eeef8645bb491";"remove authors   git-svn-id: https://svn.apache.org/repos/asf/ant/core/branches/ANT_16_BRANCH@276209 13f79535-47bb-0310-9956-ffa450edef68 ";"1";"-1"
"JDependTask.java";"org.apache.tools.ant.taskdefs.optional.jdepend";"NO";"NO";"NO";"YES";"NO";"NO";"NO";"NO";"NO";"NO";"NO";"NO";"NO";"b0f39b8a0255394015fb6c89eeb2bd1b2b0b2bc4";"sync   git-svn-id: https://svn.apache.org/repos/asf/ant/core/branches/ANT_16_BRANCH@276404 13f79535-47bb-0310-9956-ffa450edef68 ";"1";"-1"
"JDependTask.java";"org.apache.tools.ant.taskdefs.optional.jdepend";"NO";"NO";"NO";"YES";"NO";"NO";"NO";"NO";"NO";"NO";"NO";"NO";"NO";"09d533f21fd334f7711da2b5d96eeef8645bb491";"remove authors   git-svn-id: https://svn.apache.org/repos/asf/ant/core/branches/ANT_16_BRANCH@276209 13f79535-47bb-0310-9956-ffa450edef68 ";"1";"-1"
"JDependTask.java";"org.apache.tools.ant.taskdefs.optional.jdepend";"NO";"NO";"NO";"YES";"NO";"NO";"NO";"NO";"NO";"NO";"NO";"NO";"NO";"2fb2a77fa23515c817ae24f918c5b27371be7c48";"sync with head   git-svn-id: https://svn.apache.org/repos/asf/ant/core/branches/ANT_16_BRANCH@276201 13f79535-47bb-0310-9956-ffa450edef68 ";"1";"-1"
"BorlandDeploymentTool.java";"org.apache.tools.ant.taskdefs.optional.ejb";"NO";"NO";"NO";"YES";"NO";"NO";"NO";"NO";"NO";"NO";"YES";"NO";"NO";"09d533f21fd334f7711da2b5d96eeef8645bb491";"remove authors   git-svn-id: https://svn.apache.org/repos/asf/ant/core/branches/ANT_16_BRANCH@276209 13f79535-47bb-0310-9956-ffa450edef68 ";"1";"-1"
"Target.java";"org.apache.tools.ant";"NO";"NO";"NO";"YES";"NO";"NO";"NO";"NO";"NO";"NO";"NO";"NO";"NO";"143494609d6c955fd2582e4bae76e7649c908c5e";"Merge Target.getIf/Unless() + Target Location from HEAD PR: 28599, 29320   git-svn-id: https://svn.apache.org/repos/asf/ant/core/branches/ANT_16_BRANCH@276565 13f79535-47bb-0310-9956-ffa450edef68 ";"1";"-1"
"Target.java";"org.apache.tools.ant";"NO";"NO";"NO";"YES";"NO";"NO";"NO";"NO";"NO";"NO";"NO";"NO";"NO";"4fdcd91b06dbfd5a8eaf9a23a3e78fa471437edb";"sync   git-svn-id: https://svn.apache.org/repos/asf/ant/core/branches/ANT_16_BRANCH@276553 13f79535-47bb-0310-9956-ffa450edef68 ";"1";"-1"
"Target.java";"org.apache.tools.ant";"NO";"NO";"NO";"YES";"NO";"NO";"NO";"NO";"NO";"NO";"NO";"NO";"NO";"b203bdd9dd3f2c3300d940cce63264407d3fd479";"stylecheck   git-svn-id: https://svn.apache.org/repos/asf/ant/core/branches/ANT_16_BRANCH@276240 13f79535-47bb-0310-9956-ffa450edef68 ";"1";"-1"
"Target.java";"org.apache.tools.ant";"NO";"NO";"NO";"YES";"NO";"NO";"NO";"NO";"NO";"NO";"NO";"NO";"NO";"09d533f21fd334f7711da2b5d96eeef8645bb491";"remove authors   git-svn-id: https://svn.apache.org/repos/asf/ant/core/branches/ANT_16_BRANCH@276209 13f79535-47bb-0310-9956-ffa450edef68 ";"1";"-1"
"Javadoc.java";"org.apache.tools.ant.taskdefs";"NO";"NO";"NO";"YES";"NO";"NO";"NO";"NO";"NO";"NO";"NO";"YES";"NO";"09d533f21fd334f7711da2b5d96eeef8645bb491";"remove authors   git-svn-id: https://svn.apache.org/repos/asf/ant/core/branches/ANT_16_BRANCH@276209 13f79535-47bb-0310-9956-ffa450edef68 ";"1";"-1"
"Task.java";"org.apache.tools.ant";"NO";"NO";"NO";"YES";"NO";"NO";"NO";"NO";"NO";"NO";"NO";"NO";"NO";"618cee381c71b9600d1761e8ccca076b47215515";"sync   git-svn-id: https://svn.apache.org/repos/asf/ant/core/branches/ANT_16_BRANCH@276561 13f79535-47bb-0310-9956-ffa450edef68 ";"1";"-1"
"Task.java";"org.apache.tools.ant";"NO";"NO";"NO";"YES";"NO";"NO";"NO";"NO";"NO";"NO";"NO";"NO";"NO";"f15e749de5776714a6912ea4979bd09efa7dfbee";"sync   git-svn-id: https://svn.apache.org/repos/asf/ant/core/branches/ANT_16_BRANCH@276557 13f79535-47bb-0310-9956-ffa450edef68 ";"1";"-1"
"Task.java";"org.apache.tools.ant";"NO";"NO";"NO";"YES";"NO";"NO";"NO";"NO";"NO";"NO";"NO";"NO";"NO";"b5b8c8f7bfd4168e57dfb449702fe3abc392fe3e";"sync   git-svn-id: https://svn.apache.org/repos/asf/ant/core/branches/ANT_16_BRANCH@276555 13f79535-47bb-0310-9956-ffa450edef68 ";"1";"-1"
"Task.java";"org.apache.tools.ant";"NO";"NO";"NO";"YES";"NO";"NO";"NO";"NO";"NO";"NO";"NO";"NO";"NO";"09d533f21fd334f7711da2b5d96eeef8645bb491";"remove authors   git-svn-id: https://svn.apache.org/repos/asf/ant/core/branches/ANT_16_BRANCH@276209 13f79535-47bb-0310-9956-ffa450edef68 ";"1";"-1"
"CBZip2OutputStream.java";"org.apache.tools.bzip2";"NO";"NO";"NO";"NO";"YES";"NO";"YES";"NO";"NO";"NO";"NO";"YES";"NO";"09d533f21fd334f7711da2b5d96eeef8645bb491";"remove authors   git-svn-id: https://svn.apache.org/repos/asf/ant/core/branches/ANT_16_BRANCH@276209 13f79535-47bb-0310-9956-ffa450edef68 ";"1";"-1"
"Main.java";"org.apache.tools.ant";"NO";"NO";"NO";"NO";"NO";"NO";"YES";"NO";"NO";"NO";"NO";"NO";"NO";"1056c958a593864babfb9f3d3fe278a2dd4f1758";"Merge <fail status="""" ...> and <fail> nested <condition>.   git-svn-id: https://svn.apache.org/repos/asf/ant/core/branches/ANT_16_BRANCH@276595 13f79535-47bb-0310-9956-ffa450edef68 ";"1";"-1"
"Main.java";"org.apache.tools.ant";"NO";"NO";"NO";"NO";"NO";"NO";"YES";"NO";"NO";"NO";"NO";"NO";"NO";"284752206c8f61a04b4d541f8754c5cfca9aeea7";"Merge -projecthelp bugfix and -nice option to 1.6 branch.   git-svn-id: https://svn.apache.org/repos/asf/ant/core/branches/ANT_16_BRANCH@276402 13f79535-47bb-0310-9956-ffa450edef68 ";"2";"-1"
"Main.java";"org.apache.tools.ant";"NO";"NO";"NO";"NO";"NO";"NO";"YES";"NO";"NO";"NO";"NO";"NO";"NO";"09d533f21fd334f7711da2b5d96eeef8645bb491";"remove authors   git-svn-id: https://svn.apache.org/repos/asf/ant/core/branches/ANT_16_BRANCH@276209 13f79535-47bb-0310-9956-ffa450edef68 ";"1";"-1"
"WeblogicDeploymentTool.java";"org.apache.tools.ant.taskdefs.optional.ejb";"NO";"NO";"NO";"NO";"NO";"NO";"YES";"NO";"NO";"NO";"YES";"NO";"NO";"";"";"0";"0"
"WebsphereDeploymentTool.java";"org.apache.tools.ant.taskdefs.optional.ejb";"NO";"NO";"NO";"NO";"NO";"NO";"YES";"NO";"NO";"NO";"YES";"NO";"NO";"09d533f21fd334f7711da2b5d96eeef8645bb491";"remove authors   git-svn-id: https://svn.apache.org/repos/asf/ant/core/branches/ANT_16_BRANCH@276209 13f79535-47bb-0310-9956-ffa450edef68 ";"1";"-1"
"Zip.java";"org.apache.tools.ant.taskdefs";"NO";"NO";"NO";"NO";"NO";"NO";"YES";"NO";"NO";"NO";"NO";"YES";"NO";"5defd4ec65aff2769043a99c07bdac492e1a25b5";"merge   git-svn-id: https://svn.apache.org/repos/asf/ant/core/branches/ANT_16_BRANCH@276542 13f79535-47bb-0310-9956-ffa450edef68 ";"1";"-1"
"Zip.java";"org.apache.tools.ant.taskdefs";"NO";"NO";"NO";"NO";"NO";"NO";"YES";"NO";"NO";"NO";"NO";"YES";"NO";"17d9599742131e560a665c17f54e7b53d6b10227";"Merge fix for PR#17934   git-svn-id: https://svn.apache.org/repos/asf/ant/core/branches/ANT_16_BRANCH@276483 13f79535-47bb-0310-9956-ffa450edef68 ";"1";"-1"
"Zip.java";"org.apache.tools.ant.taskdefs";"NO";"NO";"NO";"NO";"NO";"NO";"YES";"NO";"NO";"NO";"NO";"YES";"NO";"078f2d009e4ee1c04c926dc468144911382fcd78";"merge   git-svn-id: https://svn.apache.org/repos/asf/ant/core/branches/ANT_16_BRANCH@276328 13f79535-47bb-0310-9956-ffa450edef68 ";"1";"-1"
"Zip.java";"org.apache.tools.ant.taskdefs";"NO";"NO";"NO";"NO";"NO";"NO";"YES";"NO";"NO";"NO";"NO";"YES";"NO";"09d533f21fd334f7711da2b5d96eeef8645bb491";"remove authors   git-svn-id: https://svn.apache.org/repos/asf/ant/core/branches/ANT_16_BRANCH@276209 13f79535-47bb-0310-9956-ffa450edef68 ";"1";"-1"
"CBZip2InputStream.java";"org.apache.tools.bzip2";"NO";"NO";"NO";"NO";"NO";"NO";"YES";"YES";"NO";"NO";"NO";"YES";"NO";"09d533f21fd334f7711da2b5d96eeef8645bb491";"remove authors   git-svn-id: https://svn.apache.org/repos/asf/ant/core/branches/ANT_16_BRANCH@276209 13f79535-47bb-0310-9956-ffa450edef68 ";"1";"-1"
"IContract.java";"org.apache.tools.ant.taskdefs.optional";"NO";"NO";"NO";"NO";"NO";"NO";"YES";"NO";"NO";"NO";"NO";"YES";"NO";"09d533f21fd334f7711da2b5d96eeef8645bb491";"remove authors   git-svn-id: https://svn.apache.org/repos/asf/ant/core/branches/ANT_16_BRANCH@276209 13f79535-47bb-0310-9956-ffa450edef68 ";"1";"-1"
"FixCRLF.java";"org.apache.tools.ant.taskdefs";"NO";"NO";"NO";"NO";"NO";"NO";"YES";"NO";"NO";"NO";"NO";"NO";"NO";"09d533f21fd334f7711da2b5d96eeef8645bb491";"remove authors   git-svn-id: https://svn.apache.org/repos/asf/ant/core/branches/ANT_16_BRANCH@276209 13f79535-47bb-0310-9956-ffa450edef68 ";"1";"-1"
"FileUtils.java";"org.apache.tools.ant.util";"NO";"NO";"NO";"NO";"NO";"NO";"YES";"YES";"NO";"NO";"NO";"NO";"NO";"09d533f21fd334f7711da2b5d96eeef8645bb491";"remove authors   git-svn-id: https://svn.apache.org/repos/asf/ant/core/branches/ANT_16_BRANCH@276209 13f79535-47bb-0310-9956-ffa450edef68 ";"1";"-1"
"Get.java";"org.apache.tools.ant.taskdefs";"NO";"NO";"NO";"NO";"NO";"NO";"YES";"NO";"NO";"NO";"NO";"YES";"NO";"09d533f21fd334f7711da2b5d96eeef8645bb491";"remove authors   git-svn-id: https://svn.apache.org/repos/asf/ant/core/branches/ANT_16_BRANCH@276209 13f79535-47bb-0310-9956-ffa450edef68 ";"1";"-1"
"DependSet.java";"org.apache.tools.ant.taskdefs";"NO";"NO";"NO";"NO";"NO";"NO";"YES";"NO";"NO";"NO";"NO";"YES";"NO";"09d533f21fd334f7711da2b5d96eeef8645bb491";"remove authors   git-svn-id: https://svn.apache.org/repos/asf/ant/core/branches/ANT_16_BRANCH@276209 13f79535-47bb-0310-9956-ffa450edef68 ";"1";"-1"
"SelectorUtils.java";"org.apache.tools.ant.types.selectors";"NO";"NO";"NO";"NO";"NO";"NO";"YES";"NO";"NO";"NO";"NO";"NO";"NO";"09d533f21fd334f7711da2b5d96eeef8645bb491";"remove authors   git-svn-id: https://svn.apache.org/repos/asf/ant/core/branches/ANT_16_BRANCH@276209 13f79535-47bb-0310-9956-ffa450edef68 ";"1";"-1"
"Jikes.java";"org.apache.tools.ant.taskdefs.compilers";"NO";"NO";"NO";"NO";"NO";"NO";"YES";"NO";"NO";"NO";"NO";"NO";"NO";"09d533f21fd334f7711da2b5d96eeef8645bb491";"remove authors   git-svn-id: https://svn.apache.org/repos/asf/ant/core/branches/ANT_16_BRANCH@276209 13f79535-47bb-0310-9956-ffa450edef68 ";"1";"-1"
"EmailTask.java";"org.apache.tools.ant.taskdefs.email";"NO";"NO";"NO";"NO";"NO";"NO";"YES";"NO";"NO";"NO";"NO";"YES";"NO";"09d533f21fd334f7711da2b5d96eeef8645bb491";"remove authors   git-svn-id: https://svn.apache.org/repos/asf/ant/core/branches/ANT_16_BRANCH@276209 13f79535-47bb-0310-9956-ffa450edef68 ";"1";"-1"
"ReplaceRegExp.java";"org.apache.tools.ant.taskdefs.optional";"NO";"NO";"NO";"NO";"NO";"NO";"YES";"NO";"NO";"NO";"NO";"NO";"NO";"09d533f21fd334f7711da2b5d96eeef8645bb491";"remove authors   git-svn-id: https://svn.apache.org/repos/asf/ant/core/branches/ANT_16_BRANCH@276209 13f79535-47bb-0310-9956-ffa450edef68 ";"1";"-1"
"JonasDeploymentTool.java";"org.apache.tools.ant.taskdefs.optional.ejb";"NO";"NO";"NO";"NO";"NO";"NO";"YES";"NO";"NO";"NO";"YES";"NO";"NO";"09d533f21fd334f7711da2b5d96eeef8645bb491";"remove authors   git-svn-id: https://svn.apache.org/repos/asf/ant/core/branches/ANT_16_BRANCH@276209 13f79535-47bb-0310-9956-ffa450edef68 ";"1";"-1"
"Pvcs.java";"org.apache.tools.ant.taskdefs.optional.pvcs";"NO";"NO";"NO";"NO";"NO";"NO";"YES";"NO";"NO";"NO";"NO";"YES";"NO";"09d533f21fd334f7711da2b5d96eeef8645bb491";"remove authors   git-svn-id: https://svn.apache.org/repos/asf/ant/core/branches/ANT_16_BRANCH@276209 13f79535-47bb-0310-9956-ffa450edef68 ";"1";"-1"
"Depend.java";"org.apache.tools.ant.taskdefs.optional.depend";"NO";"NO";"NO";"NO";"NO";"NO";"YES";"NO";"NO";"NO";"NO";"YES";"NO";"09d533f21fd334f7711da2b5d96eeef8645bb491";"remove authors   git-svn-id: https://svn.apache.org/repos/asf/ant/core/branches/ANT_16_BRANCH@276209 13f79535-47bb-0310-9956-ffa450edef68 ";"1";"-1"
"Depend.java";"org.apache.tools.ant.taskdefs.optional.depend";"NO";"NO";"NO";"NO";"NO";"NO";"YES";"NO";"NO";"NO";"NO";"YES";"NO";"b180f344c34e7e81d96ee002c2f0ba01203ba3da";"Merge from HEAD   git-svn-id: https://svn.apache.org/repos/asf/ant/core/branches/ANT_16_BRANCH@276205 13f79535-47bb-0310-9956-ffa450edef68 ";"1";"-1"
"Translate.java";"org.apache.tools.ant.taskdefs.optional.i18n";"NO";"NO";"NO";"NO";"NO";"NO";"YES";"NO";"NO";"NO";"NO";"YES";"NO";"09d533f21fd334f7711da2b5d96eeef8645bb491";"remove authors   git-svn-id: https://svn.apache.org/repos/asf/ant/core/branches/ANT_16_BRANCH@276209 13f79535-47bb-0310-9956-ffa450edef68 ";"1";"-1"
"Translate.java";"org.apache.tools.ant.taskdefs.optional.i18n";"NO";"NO";"NO";"NO";"NO";"NO";"YES";"NO";"NO";"NO";"NO";"YES";"NO";"2fb2a77fa23515c817ae24f918c5b27371be7c48";"sync with head   git-svn-id: https://svn.apache.org/repos/asf/ant/core/branches/ANT_16_BRANCH@276201 13f79535-47bb-0310-9956-ffa450edef68 ";"1";"-1"
"ExecuteOn.java";"org.apache.tools.ant.taskdefs";"NO";"NO";"NO";"NO";"NO";"NO";"YES";"NO";"NO";"NO";"NO";"NO";"NO";"02080cbe79d872827e4cc0f7d852d86d564d3934";"merge <redirector> from HEAD merge ""<apply> differentiates between empty & up-to-date"" from HEAD merge <apply ignoremissing=""[boolean]""> from HEAD   git-svn-id: https://svn.apache.org/repos/asf/ant/core/branches/ANT_16_BRANCH@276618 13f79535-47bb-0310-9956-ffa450edef68 ";"1";"-1"
"ExecuteOn.java";"org.apache.tools.ant.taskdefs";"NO";"NO";"NO";"NO";"NO";"NO";"YES";"NO";"NO";"NO";"NO";"NO";"NO";"09d533f21fd334f7711da2b5d96eeef8645bb491";"remove authors   git-svn-id: https://svn.apache.org/repos/asf/ant/core/branches/ANT_16_BRANCH@276209 13f79535-47bb-0310-9956-ffa450edef68 ";"1";"-1"
"ExecuteOn.java";"org.apache.tools.ant.taskdefs";"NO";"NO";"NO";"NO";"NO";"NO";"YES";"NO";"NO";"NO";"NO";"NO";"NO";"a89244a60be3983f69ba98a51bc3c71436c16123";"Merge   git-svn-id: https://svn.apache.org/repos/asf/ant/core/branches/ANT_16_BRANCH@276169 13f79535-47bb-0310-9956-ffa450edef68 ";"1";"-1"
"AbstractCvsTask.java";"org.apache.tools.ant.taskdefs";"NO";"NO";"NO";"NO";"NO";"NO";"YES";"NO";"NO";"NO";"NO";"NO";"NO";"172b551ab49acc933f844408d71bb338b8ad1d19";"merge   git-svn-id: https://svn.apache.org/repos/asf/ant/core/branches/ANT_16_BRANCH@276314 13f79535-47bb-0310-9956-ffa450edef68 ";"1";"-1"
"AbstractCvsTask.java";"org.apache.tools.ant.taskdefs";"NO";"NO";"NO";"NO";"NO";"NO";"YES";"NO";"NO";"NO";"NO";"NO";"NO";"09d533f21fd334f7711da2b5d96eeef8645bb491";"remove authors   git-svn-id: https://svn.apache.org/repos/asf/ant/core/branches/ANT_16_BRANCH@276209 13f79535-47bb-0310-9956-ffa450edef68 ";"1";"-1"
"Parallel.java";"org.apache.tools.ant.taskdefs";"NO";"NO";"NO";"NO";"NO";"NO";"YES";"NO";"NO";"NO";"NO";"YES";"NO";"262c8d710455af5ebe47c935e43194ccdded74a8";"sync with HEAD   git-svn-id: https://svn.apache.org/repos/asf/ant/core/branches/ANT_16_BRANCH@276271 13f79535-47bb-0310-9956-ffa450edef68 ";"1";"-1"
"Parallel.java";"org.apache.tools.ant.taskdefs";"NO";"NO";"NO";"NO";"NO";"NO";"YES";"NO";"NO";"NO";"NO";"YES";"NO";"09d533f21fd334f7711da2b5d96eeef8645bb491";"remove authors   git-svn-id: https://svn.apache.org/repos/asf/ant/core/branches/ANT_16_BRANCH@276209 13f79535-47bb-0310-9956-ffa450edef68 ";"1";"-1"
"DefaultCompilerAdapter.java";"org.apache.tools.ant.taskdefs.compilers";"NO";"NO";"NO";"NO";"NO";"NO";"YES";"NO";"NO";"NO";"NO";"NO";"NO";"09d533f21fd334f7711da2b5d96eeef8645bb491";"remove authors   git-svn-id: https://svn.apache.org/repos/asf/ant/core/branches/ANT_16_BRANCH@276209 13f79535-47bb-0310-9956-ffa450edef68 ";"1";"-1"
"Ant.java";"org.apache.tools.ant.taskdefs";"NO";"NO";"NO";"NO";"NO";"NO";"YES";"NO";"NO";"NO";"NO";"YES";"NO";"9327689407637c343fb47426f3d8104181ad45dd";"Merge fix for 8689 from HEAD   git-svn-id: https://svn.apache.org/repos/asf/ant/core/branches/ANT_16_BRANCH@276646 13f79535-47bb-0310-9956-ffa450edef68 ";"1";"-1"
"Ant.java";"org.apache.tools.ant.taskdefs";"NO";"NO";"NO";"NO";"NO";"NO";"YES";"NO";"NO";"NO";"NO";"YES";"NO";"76125f186a1214d7e06249a240c2eb463946a059";"merge   git-svn-id: https://svn.apache.org/repos/asf/ant/core/branches/ANT_16_BRANCH@276291 13f79535-47bb-0310-9956-ffa450edef68 ";"1";"-1"
"Ant.java";"org.apache.tools.ant.taskdefs";"NO";"NO";"NO";"NO";"NO";"NO";"YES";"NO";"NO";"NO";"NO";"YES";"NO";"09d533f21fd334f7711da2b5d96eeef8645bb491";"remove authors   git-svn-id: https://svn.apache.org/repos/asf/ant/core/branches/ANT_16_BRANCH@276209 13f79535-47bb-0310-9956-ffa450edef68 ";"1";"-1"
"VAJLocalUtil.java";"org.apache.tools.ant.taskdefs.optional.ide";"NO";"NO";"NO";"NO";"NO";"NO";"NO";"YES";"NO";"NO";"NO";"NO";"NO";"09d533f21fd334f7711da2b5d96eeef8645bb491";"remove authors   git-svn-id: https://svn.apache.org/repos/asf/ant/core/branches/ANT_16_BRANCH@276209 13f79535-47bb-0310-9956-ffa450edef68 ";"1";"-1"
"VAJLocalUtil.java";"org.apache.tools.ant.taskdefs.optional.ide";"NO";"NO";"NO";"NO";"NO";"NO";"NO";"YES";"NO";"NO";"NO";"NO";"NO";"2fb2a77fa23515c817ae24f918c5b27371be7c48";"sync with head   git-svn-id: https://svn.apache.org/repos/asf/ant/core/branches/ANT_16_BRANCH@276201 13f79535-47bb-0310-9956-ffa450edef68 ";"1";"-1"
"VAJUtil.java";"org.apache.tools.ant.taskdefs.optional.ide";"NO";"NO";"NO";"NO";"NO";"NO";"NO";"YES";"NO";"NO";"NO";"NO";"NO";"09d533f21fd334f7711da2b5d96eeef8645bb491";"remove authors   git-svn-id: https://svn.apache.org/repos/asf/ant/core/branches/ANT_16_BRANCH@276209 13f79535-47bb-0310-9956-ffa450edef68 ";"1";"-1"
"AntStarTeamCheckOut.java";"org.apache.tools.ant.taskdefs.optional.scm";"NO";"NO";"NO";"NO";"NO";"NO";"NO";"YES";"NO";"NO";"NO";"NO";"NO";"09d533f21fd334f7711da2b5d96eeef8645bb491";"remove authors   git-svn-id: https://svn.apache.org/repos/asf/ant/core/branches/ANT_16_BRANCH@276209 13f79535-47bb-0310-9956-ffa450edef68 ";"1";"-1"
"Expand.java";"org.apache.tools.ant.taskdefs";"NO";"NO";"NO";"NO";"NO";"NO";"NO";"YES";"NO";"NO";"NO";"NO";"NO";"09d533f21fd334f7711da2b5d96eeef8645bb491";"remove authors   git-svn-id: https://svn.apache.org/repos/asf/ant/core/branches/ANT_16_BRANCH@276209 13f79535-47bb-0310-9956-ffa450edef68 ";"1";"-1"
"VAJRemoteUtil.java";"org.apache.tools.ant.taskdefs.optional.ide";"NO";"NO";"NO";"NO";"NO";"NO";"NO";"YES";"NO";"NO";"NO";"NO";"NO";"09d533f21fd334f7711da2b5d96eeef8645bb491";"remove authors   git-svn-id: https://svn.apache.org/repos/asf/ant/core/branches/ANT_16_BRANCH@276209 13f79535-47bb-0310-9956-ffa450edef68 ";"1";"-1"
"MailLogger.java";"org.apache.tools.ant.listener";"NO";"NO";"NO";"NO";"NO";"NO";"NO";"YES";"NO";"NO";"NO";"NO";"NO";"09d533f21fd334f7711da2b5d96eeef8645bb491";"remove authors   git-svn-id: https://svn.apache.org/repos/asf/ant/core/branches/ANT_16_BRANCH@276209 13f79535-47bb-0310-9956-ffa450edef68 ";"1";"-1"
"Specification.java";"org.apache.tools.ant.taskdefs.optional.extension";"NO";"NO";"NO";"NO";"NO";"NO";"NO";"YES";"NO";"NO";"NO";"NO";"NO";"172b551ab49acc933f844408d71bb338b8ad1d19";"merge   git-svn-id: https://svn.apache.org/repos/asf/ant/core/branches/ANT_16_BRANCH@276314 13f79535-47bb-0310-9956-ffa450edef68 ";"1";"-1"
"Specification.java";"org.apache.tools.ant.taskdefs.optional.extension";"NO";"NO";"NO";"NO";"NO";"NO";"NO";"YES";"NO";"NO";"NO";"NO";"NO";"09d533f21fd334f7711da2b5d96eeef8645bb491";"remove authors   git-svn-id: https://svn.apache.org/repos/asf/ant/core/branches/ANT_16_BRANCH@276209 13f79535-47bb-0310-9956-ffa450edef68 ";"1";"-1"
"Extension.java";"org.apache.tools.ant.taskdefs.optional.extension";"NO";"NO";"NO";"NO";"NO";"NO";"NO";"YES";"NO";"NO";"NO";"NO";"NO";"09d533f21fd334f7711da2b5d96eeef8645bb491";"remove authors   git-svn-id: https://svn.apache.org/repos/asf/ant/core/branches/ANT_16_BRANCH@276209 13f79535-47bb-0310-9956-ffa450edef68 ";"1";"-1"
"CovBase.java";"org.apache.tools.ant.taskdefs.optional.sitraka";"NO";"NO";"NO";"NO";"NO";"NO";"NO";"NO";"YES";"NO";"NO";"NO";"NO";"09d533f21fd334f7711da2b5d96eeef8645bb491";"remove authors   git-svn-id: https://svn.apache.org/repos/asf/ant/core/branches/ANT_16_BRANCH@276209 13f79535-47bb-0310-9956-ffa450edef68 ";"1";"-1"
"Available.java";"org.apache.tools.ant.taskdefs";"NO";"NO";"NO";"NO";"NO";"NO";"NO";"NO";"YES";"NO";"NO";"NO";"NO";"09d533f21fd334f7711da2b5d96eeef8645bb491";"remove authors   git-svn-id: https://svn.apache.org/repos/asf/ant/core/branches/ANT_16_BRANCH@276209 13f79535-47bb-0310-9956-ffa450edef68 ";"1";"-1"
"MatchingTask.java";"org.apache.tools.ant.taskdefs";"NO";"NO";"NO";"NO";"NO";"NO";"NO";"NO";"NO";"YES";"NO";"NO";"NO";"09d533f21fd334f7711da2b5d96eeef8645bb491";"remove authors   git-svn-id: https://svn.apache.org/repos/asf/ant/core/branches/ANT_16_BRANCH@276209 13f79535-47bb-0310-9956-ffa450edef68 ";"1";"-1"
"MacroDef.java";"org.apache.tools.ant.taskdefs";"NO";"NO";"NO";"NO";"NO";"NO";"NO";"NO";"NO";"NO";"YES";"NO";"NO";"cc6370f6e59b634e4773940b540d9fecc5aa60cc";"sync up changes for DynamicConfiguratorNs and for implicit nested elements in macrodef   git-svn-id: https://svn.apache.org/repos/asf/ant/core/branches/ANT_16_BRANCH@276516 13f79535-47bb-0310-9956-ffa450edef68 ";"1";"-1"
"MacroDef.java";"org.apache.tools.ant.taskdefs";"NO";"NO";"NO";"NO";"NO";"NO";"NO";"NO";"NO";"NO";"YES";"NO";"NO";"2c661a3b8729d12611c1560a58c6cb7d271f9578";"sync   git-svn-id: https://svn.apache.org/repos/asf/ant/core/branches/ANT_16_BRANCH@276463 13f79535-47bb-0310-9956-ffa450edef68 ";"1";"-1"
"MacroDef.java";"org.apache.tools.ant.taskdefs";"NO";"NO";"NO";"NO";"NO";"NO";"NO";"NO";"NO";"NO";"YES";"NO";"NO";"09d533f21fd334f7711da2b5d96eeef8645bb491";"remove authors   git-svn-id: https://svn.apache.org/repos/asf/ant/core/branches/ANT_16_BRANCH@276209 13f79535-47bb-0310-9956-ffa450edef68 ";"1";"-1"
"AntlibDefinition.java";"org.apache.tools.ant.taskdefs";"NO";"NO";"NO";"NO";"NO";"NO";"NO";"NO";"NO";"NO";"YES";"NO";"NO";"09d533f21fd334f7711da2b5d96eeef8645bb491";"remove authors   git-svn-id: https://svn.apache.org/repos/asf/ant/core/branches/ANT_16_BRANCH@276209 13f79535-47bb-0310-9956-ffa450edef68 ";"1";"-1"
"PreSetDef.java";"org.apache.tools.ant.taskdefs";"NO";"NO";"NO";"NO";"NO";"NO";"NO";"NO";"NO";"NO";"YES";"NO";"NO";"09d533f21fd334f7711da2b5d96eeef8645bb491";"remove authors   git-svn-id: https://svn.apache.org/repos/asf/ant/core/branches/ANT_16_BRANCH@276209 13f79535-47bb-0310-9956-ffa450edef68 ";"1";"-1"
"DotnetCompile.java";"org.apache.tools.ant.taskdefs.optional.dotnet";"NO";"NO";"NO";"NO";"NO";"NO";"NO";"NO";"NO";"NO";"YES";"NO";"NO";"172b551ab49acc933f844408d71bb338b8ad1d19";"merge   git-svn-id: https://svn.apache.org/repos/asf/ant/core/branches/ANT_16_BRANCH@276314 13f79535-47bb-0310-9956-ffa450edef68 ";"1";"-1"
"DotnetCompile.java";"org.apache.tools.ant.taskdefs.optional.dotnet";"NO";"NO";"NO";"NO";"NO";"NO";"NO";"NO";"NO";"NO";"YES";"NO";"NO";"09d533f21fd334f7711da2b5d96eeef8645bb491";"remove authors   git-svn-id: https://svn.apache.org/repos/asf/ant/core/branches/ANT_16_BRANCH@276209 13f79535-47bb-0310-9956-ffa450edef68 ";"1";"-1"
"DotnetBaseMatchingTask.java";"org.apache.tools.ant.taskdefs.optional.dotnet";"NO";"NO";"NO";"NO";"NO";"NO";"NO";"NO";"NO";"NO";"YES";"NO";"NO";"09d533f21fd334f7711da2b5d96eeef8645bb491";"remove authors   git-svn-id: https://svn.apache.org/repos/asf/ant/core/branches/ANT_16_BRANCH@276209 13f79535-47bb-0310-9956-ffa450edef68 ";"1";"-1"
"Ilasm.java";"org.apache.tools.ant.taskdefs.optional.dotnet";"NO";"NO";"NO";"NO";"NO";"NO";"NO";"NO";"NO";"NO";"YES";"NO";"NO";"09d533f21fd334f7711da2b5d96eeef8645bb491";"remove authors   git-svn-id: https://svn.apache.org/repos/asf/ant/core/branches/ANT_16_BRANCH@276209 13f79535-47bb-0310-9956-ffa450edef68 ";"1";"-1"
"GenericDeploymentTool.java";"org.apache.tools.ant.taskdefs.optional.ejb";"NO";"NO";"NO";"NO";"NO";"NO";"NO";"NO";"NO";"NO";"YES";"NO";"NO";"09d533f21fd334f7711da2b5d96eeef8645bb491";"remove authors   git-svn-id: https://svn.apache.org/repos/asf/ant/core/branches/ANT_16_BRANCH@276209 13f79535-47bb-0310-9956-ffa450edef68 ";"1";"-1"
"IPlanetDeploymentTool.java";"org.apache.tools.ant.taskdefs.optional.ejb";"NO";"NO";"NO";"NO";"NO";"NO";"NO";"NO";"NO";"NO";"YES";"NO";"NO";"172b551ab49acc933f844408d71bb338b8ad1d19";"merge   git-svn-id: https://svn.apache.org/repos/asf/ant/core/branches/ANT_16_BRANCH@276314 13f79535-47bb-0310-9956-ffa450edef68 ";"1";"-1"
"IPlanetDeploymentTool.java";"org.apache.tools.ant.taskdefs.optional.ejb";"NO";"NO";"NO";"NO";"NO";"NO";"NO";"NO";"NO";"NO";"YES";"NO";"NO";"09d533f21fd334f7711da2b5d96eeef8645bb491";"remove authors   git-svn-id: https://svn.apache.org/repos/asf/ant/core/branches/ANT_16_BRANCH@276209 13f79535-47bb-0310-9956-ffa450edef68 ";"1";"-1"
"ZipFileSet.java";"org.apache.tools.ant.types";"NO";"NO";"NO";"NO";"NO";"NO";"NO";"NO";"NO";"NO";"YES";"NO";"NO";"09d533f21fd334f7711da2b5d96eeef8645bb491";"remove authors   git-svn-id: https://svn.apache.org/repos/asf/ant/core/branches/ANT_16_BRANCH@276209 13f79535-47bb-0310-9956-ffa450edef68 ";"1";"-1"
"FileSet.java";"org.apache.tools.ant.types";"NO";"NO";"NO";"NO";"NO";"NO";"NO";"NO";"NO";"NO";"YES";"NO";"NO";"09d533f21fd334f7711da2b5d96eeef8645bb491";"remove authors   git-svn-id: https://svn.apache.org/repos/asf/ant/core/branches/ANT_16_BRANCH@276209 13f79535-47bb-0310-9956-ffa450edef68 ";"1";"-1"
"DirectoryScanner.java";"org.apache.tools.ant";"NO";"NO";"NO";"NO";"NO";"NO";"NO";"NO";"NO";"NO";"NO";"YES";"NO";"b203bdd9dd3f2c3300d940cce63264407d3fd479";"stylecheck   git-svn-id: https://svn.apache.org/repos/asf/ant/core/branches/ANT_16_BRANCH@276240 13f79535-47bb-0310-9956-ffa450edef68 ";"1";"-1"
"DirectoryScanner.java";"org.apache.tools.ant";"NO";"NO";"NO";"NO";"NO";"NO";"NO";"NO";"NO";"NO";"NO";"YES";"NO";"09d533f21fd334f7711da2b5d96eeef8645bb491";"remove authors   git-svn-id: https://svn.apache.org/repos/asf/ant/core/branches/ANT_16_BRANCH@276209 13f79535-47bb-0310-9956-ffa450edef68 ";"1";"-1"
"Delete.java";"org.apache.tools.ant.taskdefs";"NO";"NO";"NO";"NO";"NO";"NO";"NO";"NO";"NO";"NO";"NO";"YES";"NO";"84f6e5f542f6c1ddebe40b1923529ce3357297d8";"sync   git-svn-id: https://svn.apache.org/repos/asf/ant/core/branches/ANT_16_BRANCH@276551 13f79535-47bb-0310-9956-ffa450edef68 ";"1";"-1"
"Delete.java";"org.apache.tools.ant.taskdefs";"NO";"NO";"NO";"NO";"NO";"NO";"NO";"NO";"NO";"NO";"NO";"YES";"NO";"096ec93cb9163045161e43a1693e08fda316b79e";"sync   git-svn-id: https://svn.apache.org/repos/asf/ant/core/branches/ANT_16_BRANCH@276547 13f79535-47bb-0310-9956-ffa450edef68 ";"1";"-1"
"Delete.java";"org.apache.tools.ant.taskdefs";"NO";"NO";"NO";"NO";"NO";"NO";"NO";"NO";"NO";"NO";"NO";"YES";"NO";"ba5e6c31825b2d9e41bda24337decf8f33e3dde6";"Sync to HEAD   git-svn-id: https://svn.apache.org/repos/asf/ant/core/branches/ANT_16_BRANCH@276371 13f79535-47bb-0310-9956-ffa450edef68 ";"1";"-1"
"Delete.java";"org.apache.tools.ant.taskdefs";"NO";"NO";"NO";"NO";"NO";"NO";"NO";"NO";"NO";"NO";"NO";"YES";"NO";"09d533f21fd334f7711da2b5d96eeef8645bb491";"remove authors   git-svn-id: https://svn.apache.org/repos/asf/ant/core/branches/ANT_16_BRANCH@276209 13f79535-47bb-0310-9956-ffa450edef68 ";"1";"-1"
"Tar.java";"org.apache.tools.ant.taskdefs";"NO";"NO";"NO";"NO";"NO";"NO";"NO";"NO";"NO";"NO";"NO";"YES";"NO";"172b551ab49acc933f844408d71bb338b8ad1d19";"merge   git-svn-id: https://svn.apache.org/repos/asf/ant/core/branches/ANT_16_BRANCH@276314 13f79535-47bb-0310-9956-ffa450edef68 ";"1";"-1"
"Tar.java";"org.apache.tools.ant.taskdefs";"NO";"NO";"NO";"NO";"NO";"NO";"NO";"NO";"NO";"NO";"NO";"YES";"NO";"88c91cc73d9462bc2c03d1c1af97afcbdae434b0";"sync with head   git-svn-id: https://svn.apache.org/repos/asf/ant/core/branches/ANT_16_BRANCH@276237 13f79535-47bb-0310-9956-ffa450edef68 ";"1";"-1"
"Tar.java";"org.apache.tools.ant.taskdefs";"NO";"NO";"NO";"NO";"NO";"NO";"NO";"NO";"NO";"NO";"NO";"YES";"NO";"deebabea2491a095c48f2ab04664f9424051ca0e";"sync with head   git-svn-id: https://svn.apache.org/repos/asf/ant/core/branches/ANT_16_BRANCH@276228 13f79535-47bb-0310-9956-ffa450edef68 ";"1";"-1"
"Tar.java";"org.apache.tools.ant.taskdefs";"NO";"NO";"NO";"NO";"NO";"NO";"NO";"NO";"NO";"NO";"NO";"YES";"NO";"09d533f21fd334f7711da2b5d96eeef8645bb491";"remove authors   git-svn-id: https://svn.apache.org/repos/asf/ant/core/branches/ANT_16_BRANCH@276209 13f79535-47bb-0310-9956-ffa450edef68 ";"1";"-1"
"PathConvert.java";"org.apache.tools.ant.taskdefs";"NO";"NO";"NO";"NO";"NO";"NO";"NO";"NO";"NO";"NO";"NO";"YES";"NO";"393e354fed4fd0e1934e8cf4523dc31efa6c9ed8";"<pathconvert> nested <mapper>s to 1.6 branch   git-svn-id: https://svn.apache.org/repos/asf/ant/core/branches/ANT_16_BRANCH@276373 13f79535-47bb-0310-9956-ffa450edef68 ";"1";"-1"
"PathConvert.java";"org.apache.tools.ant.taskdefs";"NO";"NO";"NO";"NO";"NO";"NO";"NO";"NO";"NO";"NO";"NO";"YES";"NO";"09d533f21fd334f7711da2b5d96eeef8645bb491";"remove authors   git-svn-id: https://svn.apache.org/repos/asf/ant/core/branches/ANT_16_BRANCH@276209 13f79535-47bb-0310-9956-ffa450edef68 ";"1";"-1"
"Checksum.java";"org.apache.tools.ant.taskdefs";"NO";"NO";"NO";"NO";"NO";"NO";"NO";"NO";"NO";"NO";"NO";"YES";"NO";"09d533f21fd334f7711da2b5d96eeef8645bb491";"remove authors   git-svn-id: https://svn.apache.org/repos/asf/ant/core/branches/ANT_16_BRANCH@276209 13f79535-47bb-0310-9956-ffa450edef68 ";"1";"-1"
"SQLExec.java";"org.apache.tools.ant.taskdefs";"NO";"NO";"NO";"NO";"NO";"NO";"NO";"NO";"NO";"NO";"NO";"YES";"NO";"09d533f21fd334f7711da2b5d96eeef8645bb491";"remove authors   git-svn-id: https://svn.apache.org/repos/asf/ant/core/branches/ANT_16_BRANCH@276209 13f79535-47bb-0310-9956-ffa450edef68 ";"1";"-1"
"MimeMailer.java";"org.apache.tools.ant.taskdefs.email";"NO";"NO";"NO";"NO";"NO";"NO";"NO";"NO";"NO";"NO";"NO";"YES";"NO";"09d533f21fd334f7711da2b5d96eeef8645bb491";"remove authors   git-svn-id: https://svn.apache.org/repos/asf/ant/core/branches/ANT_16_BRANCH@276209 13f79535-47bb-0310-9956-ffa450edef68 ";"1";"-1"
"Cab.java";"org.apache.tools.ant.taskdefs.optional";"NO";"NO";"NO";"NO";"NO";"NO";"NO";"NO";"NO";"NO";"NO";"YES";"NO";"09d533f21fd334f7711da2b5d96eeef8645bb491";"remove authors   git-svn-id: https://svn.apache.org/repos/asf/ant/core/branches/ANT_16_BRANCH@276209 13f79535-47bb-0310-9956-ffa450edef68 ";"1";"-1"
"EchoProperties.java";"org.apache.tools.ant.taskdefs.optional";"NO";"NO";"NO";"NO";"NO";"NO";"NO";"NO";"NO";"NO";"NO";"YES";"NO";"09d533f21fd334f7711da2b5d96eeef8645bb491";"remove authors   git-svn-id: https://svn.apache.org/repos/asf/ant/core/branches/ANT_16_BRANCH@276209 13f79535-47bb-0310-9956-ffa450edef68 ";"1";"-1"
"SplashTask.java";"org.apache.tools.ant.taskdefs.optional.splash";"NO";"NO";"NO";"NO";"NO";"NO";"NO";"NO";"NO";"NO";"NO";"YES";"NO";"09d533f21fd334f7711da2b5d96eeef8645bb491";"remove authors   git-svn-id: https://svn.apache.org/repos/asf/ant/core/branches/ANT_16_BRANCH@276209 13f79535-47bb-0310-9956-ffa450edef68 ";"1";"-1"
"SSHExec.java";"org.apache.tools.ant.taskdefs.optional.ssh";"NO";"NO";"NO";"NO";"NO";"NO";"NO";"NO";"NO";"NO";"NO";"YES";"NO";"dee911132a594ccfc88c6dc5b1f86ac4c66233a1";"merge   git-svn-id: https://svn.apache.org/repos/asf/ant/core/branches/ANT_16_BRANCH@276316 13f79535-47bb-0310-9956-ffa450edef68 ";"1";"-1"
"SSHExec.java";"org.apache.tools.ant.taskdefs.optional.ssh";"NO";"NO";"NO";"NO";"NO";"NO";"NO";"NO";"NO";"NO";"NO";"YES";"NO";"09d533f21fd334f7711da2b5d96eeef8645bb491";"remove authors   git-svn-id: https://svn.apache.org/repos/asf/ant/core/branches/ANT_16_BRANCH@276209 13f79535-47bb-0310-9956-ffa450edef68 ";"1";"-1"
"Symlink.java";"org.apache.tools.ant.taskdefs.optional.unix";"NO";"NO";"NO";"NO";"NO";"NO";"NO";"NO";"NO";"NO";"NO";"YES";"NO";"943142a6ac48029a60967ea178ba148e9f808f85";"merge   git-svn-id: https://svn.apache.org/repos/asf/ant/core/branches/ANT_16_BRANCH@276538 13f79535-47bb-0310-9956-ffa450edef68 ";"1";"-1"
"Symlink.java";"org.apache.tools.ant.taskdefs.optional.unix";"NO";"NO";"NO";"NO";"NO";"NO";"NO";"NO";"NO";"NO";"NO";"YES";"NO";"09d533f21fd334f7711da2b5d96eeef8645bb491";"remove authors   git-svn-id: https://svn.apache.org/repos/asf/ant/core/branches/ANT_16_BRANCH@276209 13f79535-47bb-0310-9956-ffa450edef68 ";"1";"-1"
"ModifiedSelector.java";"org.apache.tools.ant.types.selectors.modifiedselector";"NO";"NO";"NO";"NO";"NO";"NO";"NO";"NO";"NO";"NO";"NO";"YES";"NO";"09d533f21fd334f7711da2b5d96eeef8645bb491";"remove authors   git-svn-id: https://svn.apache.org/repos/asf/ant/core/branches/ANT_16_BRANCH@276209 13f79535-47bb-0310-9956-ffa450edef68 ";"1";"-1"
"Definer.java";"org.apache.tools.ant.taskdefs";"NO";"NO";"NO";"NO";"NO";"NO";"NO";"NO";"NO";"NO";"NO";"NO";"YES";"1bb1f31032a521a8c3d394b6694aacabcbf864b9";"sync   git-svn-id: https://svn.apache.org/repos/asf/ant/core/branches/ANT_16_BRANCH@276495 13f79535-47bb-0310-9956-ffa450edef68 ";"1";"-1"
"Definer.java";"org.apache.tools.ant.taskdefs";"NO";"NO";"NO";"NO";"NO";"NO";"NO";"NO";"NO";"NO";"NO";"NO";"YES";"f1df83e9a3ec867e56f31ea03cbe683dcf7d858b";"sync   git-svn-id: https://svn.apache.org/repos/asf/ant/core/branches/ANT_16_BRANCH@276493 13f79535-47bb-0310-9956-ffa450edef68 ";"1";"-1"
"Definer.java";"org.apache.tools.ant.taskdefs";"NO";"NO";"NO";"NO";"NO";"NO";"NO";"NO";"NO";"NO";"NO";"NO";"YES";"4e68951b4ee833207cee42823f466cc9f1c8f274";"checkcheck   git-svn-id: https://svn.apache.org/repos/asf/ant/core/branches/ANT_16_BRANCH@276242 13f79535-47bb-0310-9956-ffa450edef68 ";"1";"-1"
"Definer.java";"org.apache.tools.ant.taskdefs";"NO";"NO";"NO";"NO";"NO";"NO";"NO";"NO";"NO";"NO";"NO";"NO";"YES";"09d533f21fd334f7711da2b5d96eeef8645bb491";"remove authors   git-svn-id: https://svn.apache.org/repos/asf/ant/core/branches/ANT_16_BRANCH@276209 13f79535-47bb-0310-9956-ffa450edef68 ";"1";"-1"
"DefaultJspCompilerAdapter.java";"org.apache.tools.ant.taskdefs.optional.jsp.compilers";"NO";"NO";"NO";"NO";"NO";"NO";"NO";"NO";"NO";"NO";"NO";"NO";"YES";"09d533f21fd334f7711da2b5d96eeef8645bb491";"remove authors   git-svn-id: https://svn.apache.org/repos/asf/ant/core/branches/ANT_16_BRANCH@276209 13f79535-47bb-0310-9956-ffa450edef68 ";"1";"-1"
"WeakishReference.java";"org.apache.tools.ant.util";"NO";"NO";"NO";"NO";"NO";"NO";"NO";"NO";"NO";"NO";"NO";"NO";"YES";"";"";"0";"0"
"AntClassLoader.java";"org.apache.tools.ant";"NO";"NO";"NO";"NO";"NO";"NO";"NO";"NO";"NO";"NO";"NO";"NO";"NO";"9327689407637c343fb47426f3d8104181ad45dd";"Merge fix for 8689 from HEAD   git-svn-id: https://svn.apache.org/repos/asf/ant/core/branches/ANT_16_BRANCH@276646 13f79535-47bb-0310-9956-ffa450edef68 ";"1";"-1"
"AntClassLoader.java";"org.apache.tools.ant";"NO";"NO";"NO";"NO";"NO";"NO";"NO";"NO";"NO";"NO";"NO";"NO";"NO";"00318028d62ea54558a20689344e84e52b34b1e1";"merge   git-svn-id: https://svn.apache.org/repos/asf/ant/core/branches/ANT_16_BRANCH@276355 13f79535-47bb-0310-9956-ffa450edef68 ";"1";"-1"
"AntClassLoader.java";"org.apache.tools.ant";"NO";"NO";"NO";"NO";"NO";"NO";"NO";"NO";"NO";"NO";"NO";"NO";"NO";"09d533f21fd334f7711da2b5d96eeef8645bb491";"remove authors   git-svn-id: https://svn.apache.org/repos/asf/ant/core/branches/ANT_16_BRANCH@276209 13f79535-47bb-0310-9956-ffa450edef68 ";"1";"-1"
"BuildEvent.java";"org.apache.tools.ant";"NO";"NO";"NO";"NO";"NO";"NO";"NO";"NO";"NO";"NO";"NO";"NO";"NO";"09d533f21fd334f7711da2b5d96eeef8645bb491";"remove authors   git-svn-id: https://svn.apache.org/repos/asf/ant/core/branches/ANT_16_BRANCH@276209 13f79535-47bb-0310-9956-ffa450edef68 ";"1";"-1"
"BuildException.java";"org.apache.tools.ant";"NO";"NO";"NO";"NO";"NO";"NO";"NO";"NO";"NO";"NO";"NO";"NO";"NO";"09d533f21fd334f7711da2b5d96eeef8645bb491";"remove authors   git-svn-id: https://svn.apache.org/repos/asf/ant/core/branches/ANT_16_BRANCH@276209 13f79535-47bb-0310-9956-ffa450edef68 ";"1";"-1"
"BuildListener.java";"org.apache.tools.ant";"NO";"NO";"NO";"NO";"NO";"NO";"NO";"NO";"NO";"NO";"NO";"NO";"NO";"09d533f21fd334f7711da2b5d96eeef8645bb491";"remove authors   git-svn-id: https://svn.apache.org/repos/asf/ant/core/branches/ANT_16_BRANCH@276209 13f79535-47bb-0310-9956-ffa450edef68 ";"1";"-1"
"BuildLogger.java";"org.apache.tools.ant";"NO";"NO";"NO";"NO";"NO";"NO";"NO";"NO";"NO";"NO";"NO";"NO";"NO";"09d533f21fd334f7711da2b5d96eeef8645bb491";"remove authors   git-svn-id: https://svn.apache.org/repos/asf/ant/core/branches/ANT_16_BRANCH@276209 13f79535-47bb-0310-9956-ffa450edef68 ";"1";"-1"
"DefaultLogger.java";"org.apache.tools.ant";"NO";"NO";"NO";"NO";"NO";"NO";"NO";"NO";"NO";"NO";"NO";"NO";"NO";"09d533f21fd334f7711da2b5d96eeef8645bb491";"remove authors   git-svn-id: https://svn.apache.org/repos/asf/ant/core/branches/ANT_16_BRANCH@276209 13f79535-47bb-0310-9956-ffa450edef68 ";"1";"-1"
"DesirableFilter.java";"org.apache.tools.ant";"NO";"NO";"NO";"NO";"NO";"NO";"NO";"NO";"NO";"NO";"NO";"NO";"NO";"";"";"0";"0"
"FileScanner.java";"org.apache.tools.ant";"NO";"NO";"NO";"NO";"NO";"NO";"NO";"NO";"NO";"NO";"NO";"NO";"NO";"09d533f21fd334f7711da2b5d96eeef8645bb491";"remove authors   git-svn-id: https://svn.apache.org/repos/asf/ant/core/branches/ANT_16_BRANCH@276209 13f79535-47bb-0310-9956-ffa450edef68 ";"1";"-1"
"Location.java";"org.apache.tools.ant";"NO";"NO";"NO";"NO";"NO";"NO";"NO";"NO";"NO";"NO";"NO";"NO";"NO";"09d533f21fd334f7711da2b5d96eeef8645bb491";"remove authors   git-svn-id: https://svn.apache.org/repos/asf/ant/core/branches/ANT_16_BRANCH@276209 13f79535-47bb-0310-9956-ffa450edef68 ";"1";"-1"
"Map.java";"org.apache.tools.ant";"NO";"NO";"NO";"NO";"NO";"NO";"NO";"NO";"NO";"NO";"NO";"NO";"NO";"";"";"0";"0"
"PathTokenizer.java";"org.apache.tools.ant";"NO";"NO";"NO";"NO";"NO";"NO";"NO";"NO";"NO";"NO";"NO";"NO";"NO";"09d533f21fd334f7711da2b5d96eeef8645bb491";"remove authors   git-svn-id: https://svn.apache.org/repos/asf/ant/core/branches/ANT_16_BRANCH@276209 13f79535-47bb-0310-9956-ffa450edef68 ";"1";"-1"
"ProjectHelper.java";"org.apache.tools.ant";"NO";"NO";"NO";"NO";"NO";"NO";"NO";"NO";"NO";"NO";"NO";"NO";"NO";"cc6370f6e59b634e4773940b540d9fecc5aa60cc";"sync up changes for DynamicConfiguratorNs and for implicit nested elements in macrodef   git-svn-id: https://svn.apache.org/repos/asf/ant/core/branches/ANT_16_BRANCH@276516 13f79535-47bb-0310-9956-ffa450edef68 ";"1";"-1"
"ProjectHelper.java";"org.apache.tools.ant";"NO";"NO";"NO";"NO";"NO";"NO";"NO";"NO";"NO";"NO";"NO";"NO";"NO";"b203bdd9dd3f2c3300d940cce63264407d3fd479";"stylecheck   git-svn-id: https://svn.apache.org/repos/asf/ant/core/branches/ANT_16_BRANCH@276240 13f79535-47bb-0310-9956-ffa450edef68 ";"1";"-1"
"ProjectHelper.java";"org.apache.tools.ant";"NO";"NO";"NO";"NO";"NO";"NO";"NO";"NO";"NO";"NO";"NO";"NO";"NO";"09d533f21fd334f7711da2b5d96eeef8645bb491";"remove authors   git-svn-id: https://svn.apache.org/repos/asf/ant/core/branches/ANT_16_BRANCH@276209 13f79535-47bb-0310-9956-ffa450edef68 ";"1";"-1"
"ProjectHelper.java";"org.apache.tools.ant";"NO";"NO";"NO";"NO";"NO";"NO";"NO";"NO";"NO";"NO";"NO";"NO";"NO";"2fb2a77fa23515c817ae24f918c5b27371be7c48";"sync with head   git-svn-id: https://svn.apache.org/repos/asf/ant/core/branches/ANT_16_BRANCH@276201 13f79535-47bb-0310-9956-ffa450edef68 ";"1";"-1"
"RuntimeConfigurable.java";"org.apache.tools.ant";"NO";"NO";"NO";"NO";"NO";"NO";"NO";"NO";"NO";"NO";"NO";"NO";"NO";"09d533f21fd334f7711da2b5d96eeef8645bb491";"remove authors   git-svn-id: https://svn.apache.org/repos/asf/ant/core/branches/ANT_16_BRANCH@276209 13f79535-47bb-0310-9956-ffa450edef68 ";"1";"-1"
"TaskAdapter.java";"org.apache.tools.ant";"NO";"NO";"NO";"NO";"NO";"NO";"NO";"NO";"NO";"NO";"NO";"NO";"NO";"09d533f21fd334f7711da2b5d96eeef8645bb491";"remove authors   git-svn-id: https://svn.apache.org/repos/asf/ant/core/branches/ANT_16_BRANCH@276209 13f79535-47bb-0310-9956-ffa450edef68 ";"1";"-1"
"CallTarget.java";"org.apache.tools.ant.taskdefs";"NO";"NO";"NO";"NO";"NO";"NO";"NO";"NO";"NO";"NO";"NO";"NO";"NO";"09d533f21fd334f7711da2b5d96eeef8645bb491";"remove authors   git-svn-id: https://svn.apache.org/repos/asf/ant/core/branches/ANT_16_BRANCH@276209 13f79535-47bb-0310-9956-ffa450edef68 ";"1";"-1"
"Chmod.java";"org.apache.tools.ant.taskdefs";"NO";"NO";"NO";"NO";"NO";"NO";"NO";"NO";"NO";"NO";"NO";"NO";"NO";"09d533f21fd334f7711da2b5d96eeef8645bb491";"remove authors   git-svn-id: https://svn.apache.org/repos/asf/ant/core/branches/ANT_16_BRANCH@276209 13f79535-47bb-0310-9956-ffa450edef68 ";"1";"-1"
"CompileTask.java";"org.apache.tools.ant.taskdefs";"NO";"NO";"NO";"NO";"NO";"NO";"NO";"NO";"NO";"NO";"NO";"NO";"NO";"";"";"0";"0"
"Copy.java";"org.apache.tools.ant.taskdefs";"NO";"NO";"NO";"NO";"NO";"NO";"NO";"NO";"NO";"NO";"NO";"NO";"NO";"3342b5340e9b4262d150ab1b2afbb3e441b6f82b";"Merge fix for PR#22150   git-svn-id: https://svn.apache.org/repos/asf/ant/core/branches/ANT_16_BRANCH@276485 13f79535-47bb-0310-9956-ffa450edef68 ";"1";"-1"
"Copy.java";"org.apache.tools.ant.taskdefs";"NO";"NO";"NO";"NO";"NO";"NO";"NO";"NO";"NO";"NO";"NO";"NO";"NO";"09d533f21fd334f7711da2b5d96eeef8645bb491";"remove authors   git-svn-id: https://svn.apache.org/repos/asf/ant/core/branches/ANT_16_BRANCH@276209 13f79535-47bb-0310-9956-ffa450edef68 ";"1";"-1"
"Copydir.java";"org.apache.tools.ant.taskdefs";"NO";"NO";"NO";"NO";"NO";"NO";"NO";"NO";"NO";"NO";"NO";"NO";"NO";"09d533f21fd334f7711da2b5d96eeef8645bb491";"remove authors   git-svn-id: https://svn.apache.org/repos/asf/ant/core/branches/ANT_16_BRANCH@276209 13f79535-47bb-0310-9956-ffa450edef68 ";"1";"-1"
"Copyfile.java";"org.apache.tools.ant.taskdefs";"NO";"NO";"NO";"NO";"NO";"NO";"NO";"NO";"NO";"NO";"NO";"NO";"NO";"09d533f21fd334f7711da2b5d96eeef8645bb491";"remove authors   git-svn-id: https://svn.apache.org/repos/asf/ant/core/branches/ANT_16_BRANCH@276209 13f79535-47bb-0310-9956-ffa450edef68 ";"1";"-1"
"Cvs.java";"org.apache.tools.ant.taskdefs";"NO";"NO";"NO";"NO";"NO";"NO";"NO";"NO";"NO";"NO";"NO";"NO";"NO";"09d533f21fd334f7711da2b5d96eeef8645bb491";"remove authors   git-svn-id: https://svn.apache.org/repos/asf/ant/core/branches/ANT_16_BRANCH@276209 13f79535-47bb-0310-9956-ffa450edef68 ";"1";"-1"
"Deltree.java";"org.apache.tools.ant.taskdefs";"NO";"NO";"NO";"NO";"NO";"NO";"NO";"NO";"NO";"NO";"NO";"NO";"NO";"09d533f21fd334f7711da2b5d96eeef8645bb491";"remove authors   git-svn-id: https://svn.apache.org/repos/asf/ant/core/branches/ANT_16_BRANCH@276209 13f79535-47bb-0310-9956-ffa450edef68 ";"1";"-1"
"Echo.java";"org.apache.tools.ant.taskdefs";"NO";"NO";"NO";"NO";"NO";"NO";"NO";"NO";"NO";"NO";"NO";"NO";"NO";"09d533f21fd334f7711da2b5d96eeef8645bb491";"remove authors   git-svn-id: https://svn.apache.org/repos/asf/ant/core/branches/ANT_16_BRANCH@276209 13f79535-47bb-0310-9956-ffa450edef68 ";"1";"-1"
"Exec.java";"org.apache.tools.ant.taskdefs";"NO";"NO";"NO";"NO";"NO";"NO";"NO";"NO";"NO";"NO";"NO";"NO";"NO";"09d533f21fd334f7711da2b5d96eeef8645bb491";"remove authors   git-svn-id: https://svn.apache.org/repos/asf/ant/core/branches/ANT_16_BRANCH@276209 13f79535-47bb-0310-9956-ffa450edef68 ";"1";"-1"
"ExecTask.java";"org.apache.tools.ant.taskdefs";"NO";"NO";"NO";"NO";"NO";"NO";"NO";"NO";"NO";"NO";"NO";"NO";"NO";"02080cbe79d872827e4cc0f7d852d86d564d3934";"merge <redirector> from HEAD merge ""<apply> differentiates between empty & up-to-date"" from HEAD merge <apply ignoremissing=""[boolean]""> from HEAD   git-svn-id: https://svn.apache.org/repos/asf/ant/core/branches/ANT_16_BRANCH@276618 13f79535-47bb-0310-9956-ffa450edef68 ";"1";"-1"
"ExecTask.java";"org.apache.tools.ant.taskdefs";"NO";"NO";"NO";"NO";"NO";"NO";"NO";"NO";"NO";"NO";"NO";"NO";"NO";"3f5aaf50e8278f9072633002e7f3de12d79925c9";"merge   git-svn-id: https://svn.apache.org/repos/asf/ant/core/branches/ANT_16_BRANCH@276388 13f79535-47bb-0310-9956-ffa450edef68 ";"1";"-1"
"ExecTask.java";"org.apache.tools.ant.taskdefs";"NO";"NO";"NO";"NO";"NO";"NO";"NO";"NO";"NO";"NO";"NO";"NO";"NO";"172b551ab49acc933f844408d71bb338b8ad1d19";"merge   git-svn-id: https://svn.apache.org/repos/asf/ant/core/branches/ANT_16_BRANCH@276314 13f79535-47bb-0310-9956-ffa450edef68 ";"1";"-1"
"ExecTask.java";"org.apache.tools.ant.taskdefs";"NO";"NO";"NO";"NO";"NO";"NO";"NO";"NO";"NO";"NO";"NO";"NO";"NO";"09d533f21fd334f7711da2b5d96eeef8645bb491";"remove authors   git-svn-id: https://svn.apache.org/repos/asf/ant/core/branches/ANT_16_BRANCH@276209 13f79535-47bb-0310-9956-ffa450edef68 ";"1";"-1"
"Execute.java";"org.apache.tools.ant.taskdefs";"NO";"NO";"NO";"NO";"NO";"NO";"NO";"NO";"NO";"NO";"NO";"NO";"NO";"1056c958a593864babfb9f3d3fe278a2dd4f1758";"Merge <fail status="""" ...> and <fail> nested <condition>.   git-svn-id: https://svn.apache.org/repos/asf/ant/core/branches/ANT_16_BRANCH@276595 13f79535-47bb-0310-9956-ffa450edef68 ";"1";"-1"
"Execute.java";"org.apache.tools.ant.taskdefs";"NO";"NO";"NO";"NO";"NO";"NO";"NO";"NO";"NO";"NO";"NO";"NO";"NO";"4ef816bf000297e9601d1f32cfb7228550dfe3fd";"Merge fix for hanging, I/O-intensive, spawned processes.   git-svn-id: https://svn.apache.org/repos/asf/ant/core/branches/ANT_16_BRANCH@276397 13f79535-47bb-0310-9956-ffa450edef68 ";"1";"-1"
"Execute.java";"org.apache.tools.ant.taskdefs";"NO";"NO";"NO";"NO";"NO";"NO";"NO";"NO";"NO";"NO";"NO";"NO";"NO";"09d533f21fd334f7711da2b5d96eeef8645bb491";"remove authors   git-svn-id: https://svn.apache.org/repos/asf/ant/core/branches/ANT_16_BRANCH@276209 13f79535-47bb-0310-9956-ffa450edef68 ";"1";"-1"
"ExecuteJava.java";"org.apache.tools.ant.taskdefs";"NO";"NO";"NO";"NO";"NO";"NO";"NO";"NO";"NO";"NO";"NO";"NO";"NO";"09d533f21fd334f7711da2b5d96eeef8645bb491";"remove authors   git-svn-id: https://svn.apache.org/repos/asf/ant/core/branches/ANT_16_BRANCH@276209 13f79535-47bb-0310-9956-ffa450edef68 ";"1";"-1"
"ExecuteStreamHandler.java";"org.apache.tools.ant.taskdefs";"NO";"NO";"NO";"NO";"NO";"NO";"NO";"NO";"NO";"NO";"NO";"NO";"NO";"09d533f21fd334f7711da2b5d96eeef8645bb491";"remove authors   git-svn-id: https://svn.apache.org/repos/asf/ant/core/branches/ANT_16_BRANCH@276209 13f79535-47bb-0310-9956-ffa450edef68 ";"1";"-1"
"ExecuteWatchdog.java";"org.apache.tools.ant.taskdefs";"NO";"NO";"NO";"NO";"NO";"NO";"NO";"NO";"NO";"NO";"NO";"NO";"NO";"09d533f21fd334f7711da2b5d96eeef8645bb491";"remove authors   git-svn-id: https://svn.apache.org/repos/asf/ant/core/branches/ANT_16_BRANCH@276209 13f79535-47bb-0310-9956-ffa450edef68 ";"1";"-1"
"Exit.java";"org.apache.tools.ant.taskdefs";"NO";"NO";"NO";"NO";"NO";"NO";"NO";"NO";"NO";"NO";"NO";"NO";"NO";"1056c958a593864babfb9f3d3fe278a2dd4f1758";"Merge <fail status="""" ...> and <fail> nested <condition>.   git-svn-id: https://svn.apache.org/repos/asf/ant/core/branches/ANT_16_BRANCH@276595 13f79535-47bb-0310-9956-ffa450edef68 ";"1";"-1"
"Exit.java";"org.apache.tools.ant.taskdefs";"NO";"NO";"NO";"NO";"NO";"NO";"NO";"NO";"NO";"NO";"NO";"NO";"NO";"09d533f21fd334f7711da2b5d96eeef8645bb491";"remove authors   git-svn-id: https://svn.apache.org/repos/asf/ant/core/branches/ANT_16_BRANCH@276209 13f79535-47bb-0310-9956-ffa450edef68 ";"1";"-1"
"Filter.java";"org.apache.tools.ant.taskdefs";"NO";"NO";"NO";"NO";"NO";"NO";"NO";"NO";"NO";"NO";"NO";"NO";"NO";"09d533f21fd334f7711da2b5d96eeef8645bb491";"remove authors   git-svn-id: https://svn.apache.org/repos/asf/ant/core/branches/ANT_16_BRANCH@276209 13f79535-47bb-0310-9956-ffa450edef68 ";"1";"-1"
"GUnzip.java";"org.apache.tools.ant.taskdefs";"NO";"NO";"NO";"NO";"NO";"NO";"NO";"NO";"NO";"NO";"NO";"NO";"NO";"09d533f21fd334f7711da2b5d96eeef8645bb491";"remove authors   git-svn-id: https://svn.apache.org/repos/asf/ant/core/branches/ANT_16_BRANCH@276209 13f79535-47bb-0310-9956-ffa450edef68 ";"1";"-1"
"GZip.java";"org.apache.tools.ant.taskdefs";"NO";"NO";"NO";"NO";"NO";"NO";"NO";"NO";"NO";"NO";"NO";"NO";"NO";"09d533f21fd334f7711da2b5d96eeef8645bb491";"remove authors   git-svn-id: https://svn.apache.org/repos/asf/ant/core/branches/ANT_16_BRANCH@276209 13f79535-47bb-0310-9956-ffa450edef68 ";"1";"-1"
"Jar.java";"org.apache.tools.ant.taskdefs";"NO";"NO";"NO";"NO";"NO";"NO";"NO";"NO";"NO";"NO";"NO";"NO";"NO";"a99ff0061b9b46b1c80f2e9cd2ace817c9f0b1f3";"merge   git-svn-id: https://svn.apache.org/repos/asf/ant/core/branches/ANT_16_BRANCH@276453 13f79535-47bb-0310-9956-ffa450edef68 ";"1";"-1"
"Jar.java";"org.apache.tools.ant.taskdefs";"NO";"NO";"NO";"NO";"NO";"NO";"NO";"NO";"NO";"NO";"NO";"NO";"NO";"09d533f21fd334f7711da2b5d96eeef8645bb491";"remove authors   git-svn-id: https://svn.apache.org/repos/asf/ant/core/branches/ANT_16_BRANCH@276209 13f79535-47bb-0310-9956-ffa450edef68 ";"1";"-1"
"Java.java";"org.apache.tools.ant.taskdefs";"NO";"NO";"NO";"NO";"NO";"NO";"NO";"NO";"NO";"NO";"NO";"NO";"NO";"02080cbe79d872827e4cc0f7d852d86d564d3934";"merge <redirector> from HEAD merge ""<apply> differentiates between empty & up-to-date"" from HEAD merge <apply ignoremissing=""[boolean]""> from HEAD   git-svn-id: https://svn.apache.org/repos/asf/ant/core/branches/ANT_16_BRANCH@276618 13f79535-47bb-0310-9956-ffa450edef68 ";"1";"-1"
"Java.java";"org.apache.tools.ant.taskdefs";"NO";"NO";"NO";"NO";"NO";"NO";"NO";"NO";"NO";"NO";"NO";"NO";"NO";"3f5aaf50e8278f9072633002e7f3de12d79925c9";"merge   git-svn-id: https://svn.apache.org/repos/asf/ant/core/branches/ANT_16_BRANCH@276388 13f79535-47bb-0310-9956-ffa450edef68 ";"1";"-1"
"Java.java";"org.apache.tools.ant.taskdefs";"NO";"NO";"NO";"NO";"NO";"NO";"NO";"NO";"NO";"NO";"NO";"NO";"NO";"48caaf796ac273b8edb7254ff903f618390a30ef";"merge   git-svn-id: https://svn.apache.org/repos/asf/ant/core/branches/ANT_16_BRANCH@276348 13f79535-47bb-0310-9956-ffa450edef68 ";"1";"-1"
"Java.java";"org.apache.tools.ant.taskdefs";"NO";"NO";"NO";"NO";"NO";"NO";"NO";"NO";"NO";"NO";"NO";"NO";"NO";"080183682244205bd7f794c2a1b13b608389630f";"merge   git-svn-id: https://svn.apache.org/repos/asf/ant/core/branches/ANT_16_BRANCH@276235 13f79535-47bb-0310-9956-ffa450edef68 ";"1";"-1"
"Java.java";"org.apache.tools.ant.taskdefs";"NO";"NO";"NO";"NO";"NO";"NO";"NO";"NO";"NO";"NO";"NO";"NO";"NO";"09d533f21fd334f7711da2b5d96eeef8645bb491";"remove authors   git-svn-id: https://svn.apache.org/repos/asf/ant/core/branches/ANT_16_BRANCH@276209 13f79535-47bb-0310-9956-ffa450edef68 ";"1";"-1"
"Javac.java";"org.apache.tools.ant.taskdefs";"NO";"NO";"NO";"NO";"NO";"NO";"NO";"NO";"NO";"NO";"NO";"NO";"NO";"09d533f21fd334f7711da2b5d96eeef8645bb491";"remove authors   git-svn-id: https://svn.apache.org/repos/asf/ant/core/branches/ANT_16_BRANCH@276209 13f79535-47bb-0310-9956-ffa450edef68 ";"1";"-1"
"JavacOutputStream.java";"org.apache.tools.ant.taskdefs";"NO";"NO";"NO";"NO";"NO";"NO";"NO";"NO";"NO";"NO";"NO";"NO";"NO";"";"";"0";"0"
"Jikes.java";"org.apache.tools.ant.taskdefs";"NO";"NO";"NO";"NO";"NO";"NO";"NO";"NO";"NO";"NO";"NO";"NO";"NO";"09d533f21fd334f7711da2b5d96eeef8645bb491";"remove authors   git-svn-id: https://svn.apache.org/repos/asf/ant/core/branches/ANT_16_BRANCH@276209 13f79535-47bb-0310-9956-ffa450edef68 ";"1";"-1"
"JikesOutputParser.java";"org.apache.tools.ant.taskdefs";"NO";"NO";"NO";"NO";"NO";"NO";"NO";"NO";"NO";"NO";"NO";"NO";"NO";"09d533f21fd334f7711da2b5d96eeef8645bb491";"remove authors   git-svn-id: https://svn.apache.org/repos/asf/ant/core/branches/ANT_16_BRANCH@276209 13f79535-47bb-0310-9956-ffa450edef68 ";"1";"-1"
"KeySubst.java";"org.apache.tools.ant.taskdefs";"NO";"NO";"NO";"NO";"NO";"NO";"NO";"NO";"NO";"NO";"NO";"NO";"NO";"09d533f21fd334f7711da2b5d96eeef8645bb491";"remove authors   git-svn-id: https://svn.apache.org/repos/asf/ant/core/branches/ANT_16_BRANCH@276209 13f79535-47bb-0310-9956-ffa450edef68 ";"1";"-1"
"LogOutputStream.java";"org.apache.tools.ant.taskdefs";"NO";"NO";"NO";"NO";"NO";"NO";"NO";"NO";"NO";"NO";"NO";"NO";"NO";"88898cbaaab87d42d394f3aeeee7c53dc6d161d2";"sync with head   git-svn-id: https://svn.apache.org/repos/asf/ant/core/branches/ANT_16_BRANCH@276222 13f79535-47bb-0310-9956-ffa450edef68 ";"1";"-1"
"LogOutputStream.java";"org.apache.tools.ant.taskdefs";"NO";"NO";"NO";"NO";"NO";"NO";"NO";"NO";"NO";"NO";"NO";"NO";"NO";"09d533f21fd334f7711da2b5d96eeef8645bb491";"remove authors   git-svn-id: https://svn.apache.org/repos/asf/ant/core/branches/ANT_16_BRANCH@276209 13f79535-47bb-0310-9956-ffa450edef68 ";"1";"-1"
"LogStreamHandler.java";"org.apache.tools.ant.taskdefs";"NO";"NO";"NO";"NO";"NO";"NO";"NO";"NO";"NO";"NO";"NO";"NO";"NO";"09d533f21fd334f7711da2b5d96eeef8645bb491";"remove authors   git-svn-id: https://svn.apache.org/repos/asf/ant/core/branches/ANT_16_BRANCH@276209 13f79535-47bb-0310-9956-ffa450edef68 ";"1";"-1"
"Mkdir.java";"org.apache.tools.ant.taskdefs";"NO";"NO";"NO";"NO";"NO";"NO";"NO";"NO";"NO";"NO";"NO";"NO";"NO";"09d533f21fd334f7711da2b5d96eeef8645bb491";"remove authors   git-svn-id: https://svn.apache.org/repos/asf/ant/core/branches/ANT_16_BRANCH@276209 13f79535-47bb-0310-9956-ffa450edef68 ";"1";"-1"
"Move.java";"org.apache.tools.ant.taskdefs";"NO";"NO";"NO";"NO";"NO";"NO";"NO";"NO";"NO";"NO";"NO";"NO";"NO";"09d533f21fd334f7711da2b5d96eeef8645bb491";"remove authors   git-svn-id: https://svn.apache.org/repos/asf/ant/core/branches/ANT_16_BRANCH@276209 13f79535-47bb-0310-9956-ffa450edef68 ";"1";"-1"
"DDCreator.java";"org.apache.tools.ant.taskdefs.optional.ejb";"NO";"NO";"NO";"NO";"NO";"NO";"NO";"NO";"NO";"NO";"NO";"NO";"NO";"09d533f21fd334f7711da2b5d96eeef8645bb491";"remove authors   git-svn-id: https://svn.apache.org/repos/asf/ant/core/branches/ANT_16_BRANCH@276209 13f79535-47bb-0310-9956-ffa450edef68 ";"1";"-1"
"DDCreatorHelper.java";"org.apache.tools.ant.taskdefs.optional.ejb";"NO";"NO";"NO";"NO";"NO";"NO";"NO";"NO";"NO";"NO";"NO";"NO";"NO";"09d533f21fd334f7711da2b5d96eeef8645bb491";"remove authors   git-svn-id: https://svn.apache.org/repos/asf/ant/core/branches/ANT_16_BRANCH@276209 13f79535-47bb-0310-9956-ffa450edef68 ";"1";"-1"
"DescriptorHandler.java";"org.apache.tools.ant.taskdefs.optional.ejb";"NO";"NO";"NO";"NO";"NO";"NO";"NO";"NO";"NO";"NO";"NO";"NO";"NO";"";"";"0";"0"
"Ejbc.java";"org.apache.tools.ant.taskdefs.optional.ejb";"NO";"NO";"NO";"NO";"NO";"NO";"NO";"NO";"NO";"NO";"NO";"NO";"NO";"09d533f21fd334f7711da2b5d96eeef8645bb491";"remove authors   git-svn-id: https://svn.apache.org/repos/asf/ant/core/branches/ANT_16_BRANCH@276209 13f79535-47bb-0310-9956-ffa450edef68 ";"1";"-1"
"EjbcHelper.java";"org.apache.tools.ant.taskdefs.optional.ejb";"NO";"NO";"NO";"NO";"NO";"NO";"NO";"NO";"NO";"NO";"NO";"NO";"NO";"09d533f21fd334f7711da2b5d96eeef8645bb491";"remove authors   git-svn-id: https://svn.apache.org/repos/asf/ant/core/branches/ANT_16_BRANCH@276209 13f79535-47bb-0310-9956-ffa450edef68 ";"1";"-1"
"EJBDeploymentTool.java";"org.apache.tools.ant.taskdefs.optional.ejb";"NO";"NO";"NO";"NO";"NO";"NO";"NO";"NO";"NO";"NO";"NO";"NO";"NO";"";"";"0";"0"
"EjbJar.java";"org.apache.tools.ant.taskdefs.optional.ejb";"NO";"NO";"NO";"NO";"NO";"NO";"NO";"NO";"NO";"NO";"NO";"NO";"NO";"09d533f21fd334f7711da2b5d96eeef8645bb491";"remove authors   git-svn-id: https://svn.apache.org/repos/asf/ant/core/branches/ANT_16_BRANCH@276209 13f79535-47bb-0310-9956-ffa450edef68 ";"1";"-1"
"InnerClassFilenameFilter.java";"org.apache.tools.ant.taskdefs.optional.ejb";"NO";"NO";"NO";"NO";"NO";"NO";"NO";"NO";"NO";"NO";"NO";"NO";"NO";"";"";"0";"0"
"WeblogicTOPLinkDeploymentTool.java";"org.apache.tools.ant.taskdefs.optional.ejb";"NO";"NO";"NO";"NO";"NO";"NO";"NO";"NO";"NO";"NO";"NO";"NO";"NO";"";"";"0";"0"
"WLRun.java";"org.apache.tools.ant.taskdefs.optional.ejb";"NO";"NO";"NO";"NO";"NO";"NO";"NO";"NO";"NO";"NO";"NO";"NO";"NO";"09d533f21fd334f7711da2b5d96eeef8645bb491";"remove authors   git-svn-id: https://svn.apache.org/repos/asf/ant/core/branches/ANT_16_BRANCH@276209 13f79535-47bb-0310-9956-ffa450edef68 ";"1";"-1"
"WLStop.java";"org.apache.tools.ant.taskdefs.optional.ejb";"NO";"NO";"NO";"NO";"NO";"NO";"NO";"NO";"NO";"NO";"NO";"NO";"NO";"09d533f21fd334f7711da2b5d96eeef8645bb491";"remove authors   git-svn-id: https://svn.apache.org/repos/asf/ant/core/branches/ANT_16_BRANCH@276209 13f79535-47bb-0310-9956-ffa450edef68 ";"1";"-1"
"FTP.java";"org.apache.tools.ant.taskdefs.optional";"NO";"NO";"NO";"NO";"NO";"NO";"NO";"NO";"NO";"NO";"NO";"NO";"NO";"";"";"0";"0"
"JavaCC.java";"org.apache.tools.ant.taskdefs.optional.javacc";"NO";"NO";"NO";"NO";"NO";"NO";"NO";"NO";"NO";"NO";"NO";"NO";"NO";"09d533f21fd334f7711da2b5d96eeef8645bb491";"remove authors   git-svn-id: https://svn.apache.org/repos/asf/ant/core/branches/ANT_16_BRANCH@276209 13f79535-47bb-0310-9956-ffa450edef68 ";"1";"-1"
"JJTree.java";"org.apache.tools.ant.taskdefs.optional.javacc";"NO";"NO";"NO";"NO";"NO";"NO";"NO";"NO";"NO";"NO";"NO";"NO";"NO";"09d533f21fd334f7711da2b5d96eeef8645bb491";"remove authors   git-svn-id: https://svn.apache.org/repos/asf/ant/core/branches/ANT_16_BRANCH@276209 13f79535-47bb-0310-9956-ffa450edef68 ";"1";"-1"
"ClassNameReader.java";"org.apache.tools.ant.taskdefs.optional.jlink";"NO";"NO";"NO";"NO";"NO";"NO";"NO";"NO";"NO";"NO";"NO";"NO";"NO";"09d533f21fd334f7711da2b5d96eeef8645bb491";"remove authors   git-svn-id: https://svn.apache.org/repos/asf/ant/core/branches/ANT_16_BRANCH@276209 13f79535-47bb-0310-9956-ffa450edef68 ";"1";"-1"
"jlink.java";"org.apache.tools.ant.taskdefs.optional.jlink";"NO";"NO";"NO";"NO";"NO";"NO";"NO";"NO";"NO";"NO";"NO";"NO";"NO";"09d533f21fd334f7711da2b5d96eeef8645bb491";"remove authors   git-svn-id: https://svn.apache.org/repos/asf/ant/core/branches/ANT_16_BRANCH@276209 13f79535-47bb-0310-9956-ffa450edef68 ";"1";"-1"
"JlinkTask.java";"org.apache.tools.ant.taskdefs.optional.jlink";"NO";"NO";"NO";"NO";"NO";"NO";"NO";"NO";"NO";"NO";"NO";"NO";"NO";"09d533f21fd334f7711da2b5d96eeef8645bb491";"remove authors   git-svn-id: https://svn.apache.org/repos/asf/ant/core/branches/ANT_16_BRANCH@276209 13f79535-47bb-0310-9956-ffa450edef68 ";"1";"-1"
"WLJspc.java";"org.apache.tools.ant.taskdefs.optional.jsp";"NO";"NO";"NO";"NO";"NO";"NO";"NO";"NO";"NO";"NO";"NO";"NO";"NO";"09d533f21fd334f7711da2b5d96eeef8645bb491";"remove authors   git-svn-id: https://svn.apache.org/repos/asf/ant/core/branches/ANT_16_BRANCH@276209 13f79535-47bb-0310-9956-ffa450edef68 ";"1";"-1"
"BaseTest.java";"org.apache.tools.ant.taskdefs.optional.junit";"NO";"NO";"NO";"NO";"NO";"NO";"NO";"NO";"NO";"NO";"NO";"NO";"NO";"09d533f21fd334f7711da2b5d96eeef8645bb491";"remove authors   git-svn-id: https://svn.apache.org/repos/asf/ant/core/branches/ANT_16_BRANCH@276209 13f79535-47bb-0310-9956-ffa450edef68 ";"1";"-1"
"BatchTest.java";"org.apache.tools.ant.taskdefs.optional.junit";"NO";"NO";"NO";"NO";"NO";"NO";"NO";"NO";"NO";"NO";"NO";"NO";"NO";"09d533f21fd334f7711da2b5d96eeef8645bb491";"remove authors   git-svn-id: https://svn.apache.org/repos/asf/ant/core/branches/ANT_16_BRANCH@276209 13f79535-47bb-0310-9956-ffa450edef68 ";"1";"-1"
"FormatterElement.java";"org.apache.tools.ant.taskdefs.optional.junit";"NO";"NO";"NO";"NO";"NO";"NO";"NO";"NO";"NO";"NO";"NO";"NO";"NO";"b7cc3dab6293ec59964da2e4076b4afb6a90e6b6";"merge   git-svn-id: https://svn.apache.org/repos/asf/ant/core/branches/ANT_16_BRANCH@276318 13f79535-47bb-0310-9956-ffa450edef68 ";"1";"-1"
"FormatterElement.java";"org.apache.tools.ant.taskdefs.optional.junit";"NO";"NO";"NO";"NO";"NO";"NO";"NO";"NO";"NO";"NO";"NO";"NO";"NO";"09d533f21fd334f7711da2b5d96eeef8645bb491";"remove authors   git-svn-id: https://svn.apache.org/repos/asf/ant/core/branches/ANT_16_BRANCH@276209 13f79535-47bb-0310-9956-ffa450edef68 ";"1";"-1"
"JUnitResultFormatter.java";"org.apache.tools.ant.taskdefs.optional.junit";"NO";"NO";"NO";"NO";"NO";"NO";"NO";"NO";"NO";"NO";"NO";"NO";"NO";"09d533f21fd334f7711da2b5d96eeef8645bb491";"remove authors   git-svn-id: https://svn.apache.org/repos/asf/ant/core/branches/ANT_16_BRANCH@276209 13f79535-47bb-0310-9956-ffa450edef68 ";"1";"-1"
"JUnitTask.java";"org.apache.tools.ant.taskdefs.optional.junit";"NO";"NO";"NO";"NO";"NO";"NO";"NO";"NO";"NO";"NO";"NO";"NO";"NO";"bcf80377ea17023879edea3e3ab99102c4c7aabb";"merge   git-svn-id: https://svn.apache.org/repos/asf/ant/core/branches/ANT_16_BRANCH@276415 13f79535-47bb-0310-9956-ffa450edef68 ";"1";"-1"
"JUnitTask.java";"org.apache.tools.ant.taskdefs.optional.junit";"NO";"NO";"NO";"NO";"NO";"NO";"NO";"NO";"NO";"NO";"NO";"NO";"NO";"48caaf796ac273b8edb7254ff903f618390a30ef";"merge   git-svn-id: https://svn.apache.org/repos/asf/ant/core/branches/ANT_16_BRANCH@276348 13f79535-47bb-0310-9956-ffa450edef68 ";"1";"-1"
"JUnitTask.java";"org.apache.tools.ant.taskdefs.optional.junit";"NO";"NO";"NO";"NO";"NO";"NO";"NO";"NO";"NO";"NO";"NO";"NO";"NO";"b7cc3dab6293ec59964da2e4076b4afb6a90e6b6";"merge   git-svn-id: https://svn.apache.org/repos/asf/ant/core/branches/ANT_16_BRANCH@276318 13f79535-47bb-0310-9956-ffa450edef68 ";"1";"-1"
"JUnitTask.java";"org.apache.tools.ant.taskdefs.optional.junit";"NO";"NO";"NO";"NO";"NO";"NO";"NO";"NO";"NO";"NO";"NO";"NO";"NO";"09d533f21fd334f7711da2b5d96eeef8645bb491";"remove authors   git-svn-id: https://svn.apache.org/repos/asf/ant/core/branches/ANT_16_BRANCH@276209 13f79535-47bb-0310-9956-ffa450edef68 ";"1";"-1"
"JUnitTest.java";"org.apache.tools.ant.taskdefs.optional.junit";"NO";"NO";"NO";"NO";"NO";"NO";"NO";"NO";"NO";"NO";"NO";"NO";"NO";"09d533f21fd334f7711da2b5d96eeef8645bb491";"remove authors   git-svn-id: https://svn.apache.org/repos/asf/ant/core/branches/ANT_16_BRANCH@276209 13f79535-47bb-0310-9956-ffa450edef68 ";"1";"-1"
"JUnitTestRunner.java";"org.apache.tools.ant.taskdefs.optional.junit";"NO";"NO";"NO";"NO";"NO";"NO";"NO";"NO";"NO";"NO";"NO";"NO";"NO";"b7cc3dab6293ec59964da2e4076b4afb6a90e6b6";"merge   git-svn-id: https://svn.apache.org/repos/asf/ant/core/branches/ANT_16_BRANCH@276318 13f79535-47bb-0310-9956-ffa450edef68 ";"1";"-1"
"JUnitTestRunner.java";"org.apache.tools.ant.taskdefs.optional.junit";"NO";"NO";"NO";"NO";"NO";"NO";"NO";"NO";"NO";"NO";"NO";"NO";"NO";"09d533f21fd334f7711da2b5d96eeef8645bb491";"remove authors   git-svn-id: https://svn.apache.org/repos/asf/ant/core/branches/ANT_16_BRANCH@276209 13f79535-47bb-0310-9956-ffa450edef68 ";"1";"-1"
"PlainJUnitResultFormatter.java";"org.apache.tools.ant.taskdefs.optional.junit";"NO";"NO";"NO";"NO";"NO";"NO";"NO";"NO";"NO";"NO";"NO";"NO";"NO";"09d533f21fd334f7711da2b5d96eeef8645bb491";"remove authors   git-svn-id: https://svn.apache.org/repos/asf/ant/core/branches/ANT_16_BRANCH@276209 13f79535-47bb-0310-9956-ffa450edef68 ";"1";"-1"
"PlainJUnitResultFormatter.java";"org.apache.tools.ant.taskdefs.optional.junit";"NO";"NO";"NO";"NO";"NO";"NO";"NO";"NO";"NO";"NO";"NO";"NO";"NO";"2fb2a77fa23515c817ae24f918c5b27371be7c48";"sync with head   git-svn-id: https://svn.apache.org/repos/asf/ant/core/branches/ANT_16_BRANCH@276201 13f79535-47bb-0310-9956-ffa450edef68 ";"1";"-1"
"SummaryJUnitResultFormatter.java";"org.apache.tools.ant.taskdefs.optional.junit";"NO";"NO";"NO";"NO";"NO";"NO";"NO";"NO";"NO";"NO";"NO";"NO";"NO";"09d533f21fd334f7711da2b5d96eeef8645bb491";"remove authors   git-svn-id: https://svn.apache.org/repos/asf/ant/core/branches/ANT_16_BRANCH@276209 13f79535-47bb-0310-9956-ffa450edef68 ";"1";"-1"
"XMLJUnitResultFormatter.java";"org.apache.tools.ant.taskdefs.optional.junit";"NO";"NO";"NO";"NO";"NO";"NO";"NO";"NO";"NO";"NO";"NO";"NO";"NO";"09d533f21fd334f7711da2b5d96eeef8645bb491";"remove authors   git-svn-id: https://svn.apache.org/repos/asf/ant/core/branches/ANT_16_BRANCH@276209 13f79535-47bb-0310-9956-ffa450edef68 ";"1";"-1"
"XMLJUnitResultFormatter.java";"org.apache.tools.ant.taskdefs.optional.junit";"NO";"NO";"NO";"NO";"NO";"NO";"NO";"NO";"NO";"NO";"NO";"NO";"NO";"2fb2a77fa23515c817ae24f918c5b27371be7c48";"sync with head   git-svn-id: https://svn.apache.org/repos/asf/ant/core/branches/ANT_16_BRANCH@276201 13f79535-47bb-0310-9956-ffa450edef68 ";"1";"-1"
"MParse.java";"org.apache.tools.ant.taskdefs.optional.metamata";"NO";"NO";"NO";"NO";"NO";"NO";"NO";"NO";"NO";"NO";"NO";"NO";"NO";"09d533f21fd334f7711da2b5d96eeef8645bb491";"remove authors   git-svn-id: https://svn.apache.org/repos/asf/ant/core/branches/ANT_16_BRANCH@276209 13f79535-47bb-0310-9956-ffa450edef68 ";"1";"-1"
"Native2Ascii.java";"org.apache.tools.ant.taskdefs.optional";"NO";"NO";"NO";"NO";"NO";"NO";"NO";"NO";"NO";"NO";"NO";"NO";"NO";"09d533f21fd334f7711da2b5d96eeef8645bb491";"remove authors   git-svn-id: https://svn.apache.org/repos/asf/ant/core/branches/ANT_16_BRANCH@276209 13f79535-47bb-0310-9956-ffa450edef68 ";"1";"-1"
"P4sync.java";"org.apache.tools.ant.taskdefs.optional.perforce";"NO";"NO";"NO";"NO";"NO";"NO";"NO";"NO";"NO";"NO";"NO";"NO";"NO";"";"";"0";"0"
"RenameExtensions.java";"org.apache.tools.ant.taskdefs.optional";"NO";"NO";"NO";"NO";"NO";"NO";"NO";"NO";"NO";"NO";"NO";"NO";"NO";"09d533f21fd334f7711da2b5d96eeef8645bb491";"remove authors   git-svn-id: https://svn.apache.org/repos/asf/ant/core/branches/ANT_16_BRANCH@276209 13f79535-47bb-0310-9956-ffa450edef68 ";"1";"-1"
"Script.java";"org.apache.tools.ant.taskdefs.optional";"NO";"NO";"NO";"NO";"NO";"NO";"NO";"NO";"NO";"NO";"NO";"NO";"NO";"09d533f21fd334f7711da2b5d96eeef8645bb491";"remove authors   git-svn-id: https://svn.apache.org/repos/asf/ant/core/branches/ANT_16_BRANCH@276209 13f79535-47bb-0310-9956-ffa450edef68 ";"1";"-1"
"MSVSS.java";"org.apache.tools.ant.taskdefs.optional.vss";"NO";"NO";"NO";"NO";"NO";"NO";"NO";"NO";"NO";"NO";"NO";"NO";"NO";"09d533f21fd334f7711da2b5d96eeef8645bb491";"remove authors   git-svn-id: https://svn.apache.org/repos/asf/ant/core/branches/ANT_16_BRANCH@276209 13f79535-47bb-0310-9956-ffa450edef68 ";"1";"-1"
"MSVSSGET.java";"org.apache.tools.ant.taskdefs.optional.vss";"NO";"NO";"NO";"NO";"NO";"NO";"NO";"NO";"NO";"NO";"NO";"NO";"NO";"09d533f21fd334f7711da2b5d96eeef8645bb491";"remove authors   git-svn-id: https://svn.apache.org/repos/asf/ant/core/branches/ANT_16_BRANCH@276209 13f79535-47bb-0310-9956-ffa450edef68 ";"1";"-1"
"XalanLiaison.java";"org.apache.tools.ant.taskdefs.optional";"NO";"NO";"NO";"NO";"NO";"NO";"NO";"NO";"NO";"NO";"NO";"NO";"NO";"09d533f21fd334f7711da2b5d96eeef8645bb491";"remove authors   git-svn-id: https://svn.apache.org/repos/asf/ant/core/branches/ANT_16_BRANCH@276209 13f79535-47bb-0310-9956-ffa450edef68 ";"1";"-1"
"XslpLiaison.java";"org.apache.tools.ant.taskdefs.optional";"NO";"NO";"NO";"NO";"NO";"NO";"NO";"NO";"NO";"NO";"NO";"NO";"NO";"09d533f21fd334f7711da2b5d96eeef8645bb491";"remove authors   git-svn-id: https://svn.apache.org/repos/asf/ant/core/branches/ANT_16_BRANCH@276209 13f79535-47bb-0310-9956-ffa450edef68 ";"1";"-1"
"Patch.java";"org.apache.tools.ant.taskdefs";"NO";"NO";"NO";"NO";"NO";"NO";"NO";"NO";"NO";"NO";"NO";"NO";"NO";"09d533f21fd334f7711da2b5d96eeef8645bb491";"remove authors   git-svn-id: https://svn.apache.org/repos/asf/ant/core/branches/ANT_16_BRANCH@276209 13f79535-47bb-0310-9956-ffa450edef68 ";"1";"-1"
"Property.java";"org.apache.tools.ant.taskdefs";"NO";"NO";"NO";"NO";"NO";"NO";"NO";"NO";"NO";"NO";"NO";"NO";"NO";"09d533f21fd334f7711da2b5d96eeef8645bb491";"remove authors   git-svn-id: https://svn.apache.org/repos/asf/ant/core/branches/ANT_16_BRANCH@276209 13f79535-47bb-0310-9956-ffa450edef68 ";"1";"-1"
"PumpStreamHandler.java";"org.apache.tools.ant.taskdefs";"NO";"NO";"NO";"NO";"NO";"NO";"NO";"NO";"NO";"NO";"NO";"NO";"NO";"6b9fb5d52d683851e80d3355e3bb9603e6864c2a";"Sync with HEAD   git-svn-id: https://svn.apache.org/repos/asf/ant/core/branches/ANT_16_BRANCH@276372 13f79535-47bb-0310-9956-ffa450edef68 ";"1";"-1"
"PumpStreamHandler.java";"org.apache.tools.ant.taskdefs";"NO";"NO";"NO";"NO";"NO";"NO";"NO";"NO";"NO";"NO";"NO";"NO";"NO";"09d533f21fd334f7711da2b5d96eeef8645bb491";"remove authors   git-svn-id: https://svn.apache.org/repos/asf/ant/core/branches/ANT_16_BRANCH@276209 13f79535-47bb-0310-9956-ffa450edef68 ";"1";"-1"
"Rename.java";"org.apache.tools.ant.taskdefs";"NO";"NO";"NO";"NO";"NO";"NO";"NO";"NO";"NO";"NO";"NO";"NO";"NO";"09d533f21fd334f7711da2b5d96eeef8645bb491";"remove authors   git-svn-id: https://svn.apache.org/repos/asf/ant/core/branches/ANT_16_BRANCH@276209 13f79535-47bb-0310-9956-ffa450edef68 ";"1";"-1"
"Replace.java";"org.apache.tools.ant.taskdefs";"NO";"NO";"NO";"NO";"NO";"NO";"NO";"NO";"NO";"NO";"NO";"NO";"NO";"09d533f21fd334f7711da2b5d96eeef8645bb491";"remove authors   git-svn-id: https://svn.apache.org/repos/asf/ant/core/branches/ANT_16_BRANCH@276209 13f79535-47bb-0310-9956-ffa450edef68 ";"1";"-1"
"Rmic.java";"org.apache.tools.ant.taskdefs";"NO";"NO";"NO";"NO";"NO";"NO";"NO";"NO";"NO";"NO";"NO";"NO";"NO";"09d533f21fd334f7711da2b5d96eeef8645bb491";"remove authors   git-svn-id: https://svn.apache.org/repos/asf/ant/core/branches/ANT_16_BRANCH@276209 13f79535-47bb-0310-9956-ffa450edef68 ";"1";"-1"
"SendEmail.java";"org.apache.tools.ant.taskdefs";"NO";"NO";"NO";"NO";"NO";"NO";"NO";"NO";"NO";"NO";"NO";"NO";"NO";"09d533f21fd334f7711da2b5d96eeef8645bb491";"remove authors   git-svn-id: https://svn.apache.org/repos/asf/ant/core/branches/ANT_16_BRANCH@276209 13f79535-47bb-0310-9956-ffa450edef68 ";"1";"-1"
"SignJar.java";"org.apache.tools.ant.taskdefs";"NO";"NO";"NO";"NO";"NO";"NO";"NO";"NO";"NO";"NO";"NO";"NO";"NO";"8d9ca11c868c8aaf2bc66338c44b7b89e2c2cc08";"sync   git-svn-id: https://svn.apache.org/repos/asf/ant/core/branches/ANT_16_BRANCH@276455 13f79535-47bb-0310-9956-ffa450edef68 ";"1";"-1"
"SignJar.java";"org.apache.tools.ant.taskdefs";"NO";"NO";"NO";"NO";"NO";"NO";"NO";"NO";"NO";"NO";"NO";"NO";"NO";"09d533f21fd334f7711da2b5d96eeef8645bb491";"remove authors   git-svn-id: https://svn.apache.org/repos/asf/ant/core/branches/ANT_16_BRANCH@276209 13f79535-47bb-0310-9956-ffa450edef68 ";"1";"-1"
"StreamPumper.java";"org.apache.tools.ant.taskdefs";"NO";"NO";"NO";"NO";"NO";"NO";"NO";"NO";"NO";"NO";"NO";"NO";"NO";"09d533f21fd334f7711da2b5d96eeef8645bb491";"remove authors   git-svn-id: https://svn.apache.org/repos/asf/ant/core/branches/ANT_16_BRANCH@276209 13f79535-47bb-0310-9956-ffa450edef68 ";"1";"-1"
"Taskdef.java";"org.apache.tools.ant.taskdefs";"NO";"NO";"NO";"NO";"NO";"NO";"NO";"NO";"NO";"NO";"NO";"NO";"NO";"09d533f21fd334f7711da2b5d96eeef8645bb491";"remove authors   git-svn-id: https://svn.apache.org/repos/asf/ant/core/branches/ANT_16_BRANCH@276209 13f79535-47bb-0310-9956-ffa450edef68 ";"1";"-1"
"TaskOutputStream.java";"org.apache.tools.ant.taskdefs";"NO";"NO";"NO";"NO";"NO";"NO";"NO";"NO";"NO";"NO";"NO";"NO";"NO";"09d533f21fd334f7711da2b5d96eeef8645bb491";"remove authors   git-svn-id: https://svn.apache.org/repos/asf/ant/core/branches/ANT_16_BRANCH@276209 13f79535-47bb-0310-9956-ffa450edef68 ";"1";"-1"
"Touch.java";"org.apache.tools.ant.taskdefs";"NO";"NO";"NO";"NO";"NO";"NO";"NO";"NO";"NO";"NO";"NO";"NO";"NO";"01b2b41933f48dcbb9939fa7de4017e9fc64e8d9";"Add <touch> <filelist> support to 1.6 branch.   git-svn-id: https://svn.apache.org/repos/asf/ant/core/branches/ANT_16_BRANCH@276366 13f79535-47bb-0310-9956-ffa450edef68 ";"1";"-1"
"Touch.java";"org.apache.tools.ant.taskdefs";"NO";"NO";"NO";"NO";"NO";"NO";"NO";"NO";"NO";"NO";"NO";"NO";"NO";"09d533f21fd334f7711da2b5d96eeef8645bb491";"remove authors   git-svn-id: https://svn.apache.org/repos/asf/ant/core/branches/ANT_16_BRANCH@276209 13f79535-47bb-0310-9956-ffa450edef68 ";"1";"-1"
"Tstamp.java";"org.apache.tools.ant.taskdefs";"NO";"NO";"NO";"NO";"NO";"NO";"NO";"NO";"NO";"NO";"NO";"NO";"NO";"09d533f21fd334f7711da2b5d96eeef8645bb491";"remove authors   git-svn-id: https://svn.apache.org/repos/asf/ant/core/branches/ANT_16_BRANCH@276209 13f79535-47bb-0310-9956-ffa450edef68 ";"1";"-1"
"Untar.java";"org.apache.tools.ant.taskdefs";"NO";"NO";"NO";"NO";"NO";"NO";"NO";"NO";"NO";"NO";"NO";"NO";"NO";"09d533f21fd334f7711da2b5d96eeef8645bb491";"remove authors   git-svn-id: https://svn.apache.org/repos/asf/ant/core/branches/ANT_16_BRANCH@276209 13f79535-47bb-0310-9956-ffa450edef68 ";"1";"-1"
"UpToDate.java";"org.apache.tools.ant.taskdefs";"NO";"NO";"NO";"NO";"NO";"NO";"NO";"NO";"NO";"NO";"NO";"NO";"NO";"09d533f21fd334f7711da2b5d96eeef8645bb491";"remove authors   git-svn-id: https://svn.apache.org/repos/asf/ant/core/branches/ANT_16_BRANCH@276209 13f79535-47bb-0310-9956-ffa450edef68 ";"1";"-1"
"War.java";"org.apache.tools.ant.taskdefs";"NO";"NO";"NO";"NO";"NO";"NO";"NO";"NO";"NO";"NO";"NO";"NO";"NO";"09d533f21fd334f7711da2b5d96eeef8645bb491";"remove authors   git-svn-id: https://svn.apache.org/repos/asf/ant/core/branches/ANT_16_BRANCH@276209 13f79535-47bb-0310-9956-ffa450edef68 ";"1";"-1"
"XSLTLiaison.java";"org.apache.tools.ant.taskdefs";"NO";"NO";"NO";"NO";"NO";"NO";"NO";"NO";"NO";"NO";"NO";"NO";"NO";"09d533f21fd334f7711da2b5d96eeef8645bb491";"remove authors   git-svn-id: https://svn.apache.org/repos/asf/ant/core/branches/ANT_16_BRANCH@276209 13f79535-47bb-0310-9956-ffa450edef68 ";"1";"-1"
"XSLTProcess.java";"org.apache.tools.ant.taskdefs";"NO";"NO";"NO";"NO";"NO";"NO";"NO";"NO";"NO";"NO";"NO";"NO";"NO";"ecfd9a04d9c542c13992166f8bc7c2ff513ab42d";"merge   git-svn-id: https://svn.apache.org/repos/asf/ant/core/branches/ANT_16_BRANCH@276330 13f79535-47bb-0310-9956-ffa450edef68 ";"1";"-1"
"XSLTProcess.java";"org.apache.tools.ant.taskdefs";"NO";"NO";"NO";"NO";"NO";"NO";"NO";"NO";"NO";"NO";"NO";"NO";"NO";"ea876207cb91ab34dc99f1cd4a64e278b230a2f1";"merge   git-svn-id: https://svn.apache.org/repos/asf/ant/core/branches/ANT_16_BRANCH@276323 13f79535-47bb-0310-9956-ffa450edef68 ";"1";"-1"
"XSLTProcess.java";"org.apache.tools.ant.taskdefs";"NO";"NO";"NO";"NO";"NO";"NO";"NO";"NO";"NO";"NO";"NO";"NO";"NO";"d25a5883d98792f4389b57823da05b312e16907f";"merge   git-svn-id: https://svn.apache.org/repos/asf/ant/core/branches/ANT_16_BRANCH@276321 13f79535-47bb-0310-9956-ffa450edef68 ";"1";"-1"
"XSLTProcess.java";"org.apache.tools.ant.taskdefs";"NO";"NO";"NO";"NO";"NO";"NO";"NO";"NO";"NO";"NO";"NO";"NO";"NO";"09d533f21fd334f7711da2b5d96eeef8645bb491";"remove authors   git-svn-id: https://svn.apache.org/repos/asf/ant/core/branches/ANT_16_BRANCH@276209 13f79535-47bb-0310-9956-ffa450edef68 ";"1";"-1"
"DataType.java";"org.apache.tools.ant.types";"NO";"NO";"NO";"NO";"NO";"NO";"NO";"NO";"NO";"NO";"NO";"NO";"NO";"98b13232769fb30119ada010e1b13959f55f7cd2";"sync   git-svn-id: https://svn.apache.org/repos/asf/ant/core/branches/ANT_16_BRANCH@276467 13f79535-47bb-0310-9956-ffa450edef68 ";"1";"-1"
"DataType.java";"org.apache.tools.ant.types";"NO";"NO";"NO";"NO";"NO";"NO";"NO";"NO";"NO";"NO";"NO";"NO";"NO";"09d533f21fd334f7711da2b5d96eeef8645bb491";"remove authors   git-svn-id: https://svn.apache.org/repos/asf/ant/core/branches/ANT_16_BRANCH@276209 13f79535-47bb-0310-9956-ffa450edef68 ";"1";"-1"
"EnumeratedAttribute.java";"org.apache.tools.ant.types";"NO";"NO";"NO";"NO";"NO";"NO";"NO";"NO";"NO";"NO";"NO";"NO";"NO";"09d533f21fd334f7711da2b5d96eeef8645bb491";"remove authors   git-svn-id: https://svn.apache.org/repos/asf/ant/core/branches/ANT_16_BRANCH@276209 13f79535-47bb-0310-9956-ffa450edef68 ";"1";"-1"
"Environment.java";"org.apache.tools.ant.types";"NO";"NO";"NO";"NO";"NO";"NO";"NO";"NO";"NO";"NO";"NO";"NO";"NO";"09d533f21fd334f7711da2b5d96eeef8645bb491";"remove authors   git-svn-id: https://svn.apache.org/repos/asf/ant/core/branches/ANT_16_BRANCH@276209 13f79535-47bb-0310-9956-ffa450edef68 ";"1";"-1"
"Path.java";"org.apache.tools.ant.types";"NO";"NO";"NO";"NO";"NO";"NO";"NO";"NO";"NO";"NO";"NO";"NO";"NO";"b839dededed957cf3bb5f8a2d7bfd35d563d4358";"merge   git-svn-id: https://svn.apache.org/repos/asf/ant/core/branches/ANT_16_BRANCH@276616 13f79535-47bb-0310-9956-ffa450edef68 ";"1";"-1"
"Path.java";"org.apache.tools.ant.types";"NO";"NO";"NO";"NO";"NO";"NO";"NO";"NO";"NO";"NO";"NO";"NO";"NO";"09d533f21fd334f7711da2b5d96eeef8645bb491";"remove authors   git-svn-id: https://svn.apache.org/repos/asf/ant/core/branches/ANT_16_BRANCH@276209 13f79535-47bb-0310-9956-ffa450edef68 ";"1";"-1"
"PatternSet.java";"org.apache.tools.ant.types";"NO";"NO";"NO";"NO";"NO";"NO";"NO";"NO";"NO";"NO";"NO";"NO";"NO";"09d533f21fd334f7711da2b5d96eeef8645bb491";"remove authors   git-svn-id: https://svn.apache.org/repos/asf/ant/core/branches/ANT_16_BRANCH@276209 13f79535-47bb-0310-9956-ffa450edef68 ";"1";"-1"
"PatternSet.java";"org.apache.tools.ant.types";"NO";"NO";"NO";"NO";"NO";"NO";"NO";"NO";"NO";"NO";"NO";"NO";"NO";"2fb2a77fa23515c817ae24f918c5b27371be7c48";"sync with head   git-svn-id: https://svn.apache.org/repos/asf/ant/core/branches/ANT_16_BRANCH@276201 13f79535-47bb-0310-9956-ffa450edef68 ";"1";"-1"
"PatternSet.java";"org.apache.tools.ant.types";"NO";"NO";"NO";"NO";"NO";"NO";"NO";"NO";"NO";"NO";"NO";"NO";"NO";"b30ed1e564f6e266ace93cf7269c7587f7708561";"Sync with head   git-svn-id: https://svn.apache.org/repos/asf/ant/core/branches/ANT_16_BRANCH@276150 13f79535-47bb-0310-9956-ffa450edef68 ";"1";"-1"
"PatternSet.java";"org.apache.tools.ant.types";"NO";"NO";"NO";"NO";"NO";"NO";"NO";"NO";"NO";"NO";"NO";"NO";"NO";"1889b4ab12b431356eca89129a445ddd3ff4cd98";"Sync with head   git-svn-id: https://svn.apache.org/repos/asf/ant/core/branches/ANT_16_BRANCH@276148 13f79535-47bb-0310-9956-ffa450edef68 ";"1";"-1"
"Reference.java";"org.apache.tools.ant.types";"NO";"NO";"NO";"NO";"NO";"NO";"NO";"NO";"NO";"NO";"NO";"NO";"NO";"09d533f21fd334f7711da2b5d96eeef8645bb491";"remove authors   git-svn-id: https://svn.apache.org/repos/asf/ant/core/branches/ANT_16_BRANCH@276209 13f79535-47bb-0310-9956-ffa450edef68 ";"1";"-1"
"UnknownElement.java";"org.apache.tools.ant";"NO";"NO";"NO";"NO";"NO";"NO";"NO";"NO";"NO";"NO";"NO";"NO";"NO";"cc6370f6e59b634e4773940b540d9fecc5aa60cc";"sync up changes for DynamicConfiguratorNs and for implicit nested elements in macrodef   git-svn-id: https://svn.apache.org/repos/asf/ant/core/branches/ANT_16_BRANCH@276516 13f79535-47bb-0310-9956-ffa450edef68 ";"1";"-1"
"UnknownElement.java";"org.apache.tools.ant";"NO";"NO";"NO";"NO";"NO";"NO";"NO";"NO";"NO";"NO";"NO";"NO";"NO";"689cd00643faa31aee143fcf03dde0fada705da6";"sync with head   git-svn-id: https://svn.apache.org/repos/asf/ant/core/branches/ANT_16_BRANCH@276285 13f79535-47bb-0310-9956-ffa450edef68 ";"1";"-1"
"UnknownElement.java";"org.apache.tools.ant";"NO";"NO";"NO";"NO";"NO";"NO";"NO";"NO";"NO";"NO";"NO";"NO";"NO";"09d533f21fd334f7711da2b5d96eeef8645bb491";"remove authors   git-svn-id: https://svn.apache.org/repos/asf/ant/core/branches/ANT_16_BRANCH@276209 13f79535-47bb-0310-9956-ffa450edef68 ";"1";"-1"
"XmlLogger.java";"org.apache.tools.ant";"NO";"NO";"NO";"NO";"NO";"NO";"NO";"NO";"NO";"NO";"NO";"NO";"NO";"05382180442b3f24adce7289405bfdeb75486931";"sync   git-svn-id: https://svn.apache.org/repos/asf/ant/core/branches/ANT_16_BRANCH@276465 13f79535-47bb-0310-9956-ffa450edef68 ";"1";"-1"
"XmlLogger.java";"org.apache.tools.ant";"NO";"NO";"NO";"NO";"NO";"NO";"NO";"NO";"NO";"NO";"NO";"NO";"NO";"09d533f21fd334f7711da2b5d96eeef8645bb491";"remove authors   git-svn-id: https://svn.apache.org/repos/asf/ant/core/branches/ANT_16_BRANCH@276209 13f79535-47bb-0310-9956-ffa450edef68 ";"1";"-1"
"MailMessage.java";"org.apache.tools.mail";"NO";"NO";"NO";"NO";"NO";"NO";"NO";"NO";"NO";"NO";"NO";"NO";"NO";"09d533f21fd334f7711da2b5d96eeef8645bb491";"remove authors   git-svn-id: https://svn.apache.org/repos/asf/ant/core/branches/ANT_16_BRANCH@276209 13f79535-47bb-0310-9956-ffa450edef68 ";"1";"-1"
"TarBuffer.java";"org.apache.tools.tar";"NO";"NO";"NO";"NO";"NO";"NO";"NO";"NO";"NO";"NO";"NO";"NO";"NO";"09d533f21fd334f7711da2b5d96eeef8645bb491";"remove authors   git-svn-id: https://svn.apache.org/repos/asf/ant/core/branches/ANT_16_BRANCH@276209 13f79535-47bb-0310-9956-ffa450edef68 ";"1";"-1"
"TarConstants.java";"org.apache.tools.tar";"NO";"NO";"NO";"NO";"NO";"NO";"NO";"NO";"NO";"NO";"NO";"NO";"NO";"09d533f21fd334f7711da2b5d96eeef8645bb491";"remove authors   git-svn-id: https://svn.apache.org/repos/asf/ant/core/branches/ANT_16_BRANCH@276209 13f79535-47bb-0310-9956-ffa450edef68 ";"1";"-1"
"TarEntry.java";"org.apache.tools.tar";"NO";"NO";"NO";"NO";"NO";"NO";"NO";"NO";"NO";"NO";"NO";"NO";"NO";"09d533f21fd334f7711da2b5d96eeef8645bb491";"remove authors   git-svn-id: https://svn.apache.org/repos/asf/ant/core/branches/ANT_16_BRANCH@276209 13f79535-47bb-0310-9956-ffa450edef68 ";"1";"-1"
"TarInputStream.java";"org.apache.tools.tar";"NO";"NO";"NO";"NO";"NO";"NO";"NO";"NO";"NO";"NO";"NO";"NO";"NO";"09d533f21fd334f7711da2b5d96eeef8645bb491";"remove authors   git-svn-id: https://svn.apache.org/repos/asf/ant/core/branches/ANT_16_BRANCH@276209 13f79535-47bb-0310-9956-ffa450edef68 ";"1";"-1"
"TarOutputStream.java";"org.apache.tools.tar";"NO";"NO";"NO";"NO";"NO";"NO";"NO";"NO";"NO";"NO";"NO";"NO";"NO";"09d533f21fd334f7711da2b5d96eeef8645bb491";"remove authors   git-svn-id: https://svn.apache.org/repos/asf/ant/core/branches/ANT_16_BRANCH@276209 13f79535-47bb-0310-9956-ffa450edef68 ";"1";"-1"
"TarUtils.java";"org.apache.tools.tar";"NO";"NO";"NO";"NO";"NO";"NO";"NO";"NO";"NO";"NO";"NO";"NO";"NO";"09d533f21fd334f7711da2b5d96eeef8645bb491";"remove authors   git-svn-id: https://svn.apache.org/repos/asf/ant/core/branches/ANT_16_BRANCH@276209 13f79535-47bb-0310-9956-ffa450edef68 ";"1";"-1"
