"CLASS NAME";"PACKAGE";"CLASS DATA SHOULD BE PRIVATE";"COMPLEX CLASS";"FEATURE ENVY";"INAPPROPRIATE INTIMACY";"LARGE CLASS";"LAZY CLASS";"LONG METHODS";"LONG PARAMETER LIST";"MESSAGE CHAIN";"MIDDLE MAN";"REFUSED BEQUEST";"SPAGHETTI CODE";"SPECULATIVE GENERALITY";"SHA-1";"COMMIT MESSAGE";"POSITIVITY";"NEGATIVITY"
"MagicNames.java";"org.apache.tools.ant";"YES";"NO";"NO";"NO";"NO";"NO";"NO";"NO";"NO";"NO";"NO";"NO";"NO";"";"";"0";"0"
"P4Counter.java";"org.apache.tools.ant.taskdefs.optional.perforce";"YES";"NO";"NO";"NO";"NO";"NO";"NO";"NO";"NO";"NO";"NO";"NO";"NO";"";"";"0";"0"
"SunRmic.java";"org.apache.tools.ant.taskdefs.rmic";"YES";"NO";"NO";"NO";"NO";"NO";"NO";"NO";"NO";"NO";"NO";"NO";"NO";"";"";"0";"0"
"WLRmic.java";"org.apache.tools.ant.taskdefs.rmic";"YES";"NO";"NO";"NO";"NO";"NO";"NO";"NO";"NO";"NO";"NO";"NO";"NO";"";"";"0";"0"
"ColorMapper.java";"org.apache.tools.ant.types.optional.image";"YES";"NO";"NO";"NO";"NO";"NO";"NO";"NO";"NO";"NO";"NO";"NO";"NO";"";"";"0";"0"
"DepthSelector.java";"org.apache.tools.ant.types.selectors";"YES";"NO";"NO";"NO";"NO";"NO";"NO";"NO";"NO";"NO";"NO";"NO";"NO";"";"";"0";"0"
"XmlConstants.java";"org.apache.tools.ant.util";"YES";"NO";"NO";"NO";"NO";"NO";"NO";"NO";"NO";"NO";"NO";"NO";"NO";"";"";"0";"0"
"IntrospectionHelper.java";"org.apache.tools.ant";"NO";"YES";"NO";"NO";"NO";"NO";"YES";"NO";"NO";"NO";"NO";"NO";"NO";"";"";"0";"0"
"Zip.java";"org.apache.tools.ant.taskdefs";"NO";"YES";"NO";"NO";"YES";"NO";"YES";"YES";"NO";"NO";"NO";"YES";"NO";"098280bc27fe09415b0e5f135c61e7386ad8a318";"make new zipFile signature final  git-svn-id: https://svn.apache.org/repos/asf/ant/core/trunk@901063 13f79535-47bb-0310-9956-ffa450edef68 ";"1";"-1"
"Zip.java";"org.apache.tools.ant.taskdefs";"NO";"YES";"NO";"NO";"YES";"NO";"YES";"YES";"NO";"NO";"NO";"YES";"NO";"dd92def3ae19c4f8e9b03cf212560bf533caf62b";"try to make ZipExtraField change in zip backwards compatible for subclasses that override zipFile.  PR 48541  git-svn-id: https://svn.apache.org/repos/asf/ant/core/trunk@900082 13f79535-47bb-0310-9956-ffa450edef68 ";"1";"-1"
"Zip.java";"org.apache.tools.ant.taskdefs";"NO";"YES";"NO";"NO";"YES";"NO";"YES";"YES";"NO";"NO";"NO";"YES";"NO";"73456f461b04447d4938d161ed1689a46c6a1f2f";"really preserve extra fields  git-svn-id: https://svn.apache.org/repos/asf/ant/core/trunk@900064 13f79535-47bb-0310-9956-ffa450edef68 ";"1";"-1"
"FTP.java";"org.apache.tools.ant.taskdefs.optional.net";"NO";"YES";"NO";"NO";"NO";"NO";"YES";"NO";"NO";"NO";"NO";"YES";"NO";"f21a1750ce8008bd256ff8fd0ba35e97949b2829";"More FileUtils.close and a moved flush operation in XMLJUnitresultFormatter  git-svn-id: https://svn.apache.org/repos/asf/ant/core/trunk@905214 13f79535-47bb-0310-9956-ffa450edef68 ";"1";"-1"
"FTPTaskMirrorImpl.java";"org.apache.tools.ant.taskdefs.optional.net";"NO";"YES";"NO";"NO";"YES";"NO";"YES";"NO";"NO";"NO";"NO";"YES";"NO";"";"";"0";"0"
"NetRexxC.java";"org.apache.tools.ant.taskdefs.optional";"NO";"NO";"YES";"NO";"NO";"NO";"NO";"NO";"NO";"NO";"NO";"YES";"NO";"";"";"0";"0"
"GenerateKey.java";"org.apache.tools.ant.taskdefs";"NO";"NO";"YES";"NO";"NO";"NO";"NO";"NO";"NO";"NO";"NO";"YES";"NO";"";"";"0";"0"
"Java.java";"org.apache.tools.ant.taskdefs";"NO";"NO";"NO";"YES";"NO";"NO";"NO";"NO";"NO";"NO";"NO";"NO";"NO";"";"";"0";"0"
"CommandlineJava.java";"org.apache.tools.ant.types";"NO";"NO";"NO";"YES";"NO";"NO";"NO";"NO";"NO";"NO";"NO";"NO";"NO";"";"";"0";"0"
"Javac.java";"org.apache.tools.ant.taskdefs";"NO";"NO";"NO";"YES";"NO";"NO";"NO";"NO";"NO";"NO";"NO";"NO";"NO";"";"";"0";"0"
"Path.java";"org.apache.tools.ant.types";"NO";"NO";"NO";"YES";"NO";"NO";"NO";"NO";"NO";"NO";"NO";"NO";"NO";"";"";"0";"0"
"Project.java";"org.apache.tools.ant";"NO";"NO";"NO";"YES";"YES";"NO";"NO";"NO";"NO";"NO";"NO";"NO";"NO";"";"";"0";"0"
"XMLCatalog.java";"org.apache.tools.ant.types";"NO";"NO";"NO";"YES";"NO";"NO";"NO";"NO";"NO";"NO";"NO";"NO";"NO";"";"";"0";"0"
"RecorderEntry.java";"org.apache.tools.ant.taskdefs";"NO";"NO";"NO";"YES";"NO";"NO";"NO";"NO";"NO";"NO";"NO";"NO";"NO";"";"";"0";"0"
"ProjectComponent.java";"org.apache.tools.ant";"NO";"NO";"NO";"YES";"NO";"NO";"NO";"NO";"NO";"NO";"NO";"NO";"NO";"";"";"0";"0"
"Commandline.java";"org.apache.tools.ant.types";"NO";"NO";"NO";"YES";"NO";"NO";"NO";"NO";"NO";"NO";"NO";"NO";"NO";"";"";"0";"0"
"JDependTask.java";"org.apache.tools.ant.taskdefs.optional.jdepend";"NO";"NO";"NO";"YES";"NO";"NO";"YES";"NO";"NO";"NO";"NO";"NO";"NO";"";"";"0";"0"
"BorlandDeploymentTool.java";"org.apache.tools.ant.taskdefs.optional.ejb";"NO";"NO";"NO";"YES";"NO";"NO";"NO";"NO";"NO";"NO";"YES";"NO";"NO";"";"";"0";"0"
"Target.java";"org.apache.tools.ant";"NO";"NO";"NO";"YES";"NO";"NO";"NO";"NO";"NO";"NO";"NO";"NO";"NO";"";"";"0";"0"
"Javadoc.java";"org.apache.tools.ant.taskdefs";"NO";"NO";"NO";"YES";"YES";"NO";"NO";"NO";"NO";"NO";"NO";"YES";"NO";"";"";"0";"0"
"Task.java";"org.apache.tools.ant";"NO";"NO";"NO";"YES";"NO";"NO";"NO";"NO";"NO";"NO";"NO";"NO";"NO";"";"";"0";"0"
"CBZip2OutputStream.java";"org.apache.tools.bzip2";"NO";"NO";"NO";"NO";"YES";"NO";"YES";"NO";"NO";"NO";"NO";"YES";"NO";"";"";"0";"0"
"DirectoryScanner.java";"org.apache.tools.ant";"NO";"NO";"NO";"NO";"YES";"NO";"NO";"NO";"NO";"NO";"YES";"YES";"NO";"";"";"0";"0"
"WebsphereDeploymentTool.java";"org.apache.tools.ant.taskdefs.optional.ejb";"NO";"NO";"NO";"NO";"NO";"NO";"YES";"NO";"NO";"NO";"YES";"NO";"NO";"";"";"0";"0"
"ResourceUtils.java";"org.apache.tools.ant.util";"NO";"NO";"NO";"NO";"NO";"NO";"YES";"YES";"NO";"NO";"NO";"NO";"NO";"";"";"0";"0"
"Main.java";"org.apache.tools.ant";"NO";"NO";"NO";"NO";"NO";"NO";"YES";"NO";"NO";"NO";"NO";"NO";"NO";"";"";"0";"0"
"CBZip2InputStream.java";"org.apache.tools.bzip2";"NO";"NO";"NO";"NO";"NO";"NO";"YES";"YES";"NO";"NO";"NO";"YES";"NO";"";"";"0";"0"
"Delete.java";"org.apache.tools.ant.taskdefs";"NO";"NO";"NO";"NO";"NO";"NO";"YES";"NO";"NO";"NO";"NO";"YES";"NO";"";"";"0";"0"
"Depend.java";"org.apache.tools.ant.taskdefs.optional.depend";"NO";"NO";"NO";"NO";"NO";"NO";"YES";"NO";"NO";"NO";"NO";"YES";"NO";"";"";"0";"0"
"Copy.java";"org.apache.tools.ant.taskdefs";"NO";"NO";"NO";"NO";"NO";"NO";"YES";"NO";"NO";"NO";"NO";"YES";"NO";"";"";"0";"0"
"EmailTask.java";"org.apache.tools.ant.taskdefs.email";"NO";"NO";"NO";"NO";"NO";"NO";"YES";"NO";"NO";"NO";"NO";"YES";"NO";"";"";"0";"0"
"JonasDeploymentTool.java";"org.apache.tools.ant.taskdefs.optional.ejb";"NO";"NO";"NO";"NO";"NO";"NO";"YES";"NO";"NO";"NO";"YES";"NO";"NO";"";"";"0";"0"
"ExecuteOn.java";"org.apache.tools.ant.taskdefs";"NO";"NO";"NO";"NO";"NO";"NO";"YES";"NO";"NO";"NO";"NO";"NO";"NO";"";"";"0";"0"
"MimeMailer.java";"org.apache.tools.ant.taskdefs.email";"NO";"NO";"NO";"NO";"NO";"NO";"YES";"NO";"NO";"NO";"NO";"YES";"NO";"";"";"0";"0"
"Pvcs.java";"org.apache.tools.ant.taskdefs.optional.pvcs";"NO";"NO";"NO";"NO";"NO";"NO";"YES";"NO";"NO";"NO";"NO";"YES";"NO";"f21a1750ce8008bd256ff8fd0ba35e97949b2829";"More FileUtils.close and a moved flush operation in XMLJUnitresultFormatter  git-svn-id: https://svn.apache.org/repos/asf/ant/core/trunk@905214 13f79535-47bb-0310-9956-ffa450edef68 ";"1";"-1"
"ReplaceRegExp.java";"org.apache.tools.ant.taskdefs.optional";"NO";"NO";"NO";"NO";"NO";"NO";"YES";"NO";"NO";"NO";"NO";"NO";"NO";"692c1fe1918057da970a162da3369f744ba6c835";"flush will be called in any case, make this more explicit  git-svn-id: https://svn.apache.org/repos/asf/ant/core/trunk@905217 13f79535-47bb-0310-9956-ffa450edef68 ";"1";"-1"
"ReplaceRegExp.java";"org.apache.tools.ant.taskdefs.optional";"NO";"NO";"NO";"NO";"NO";"NO";"YES";"NO";"NO";"NO";"NO";"NO";"NO";"766f1513921d35f7c16b8b962f583dcf508a098a";"a few more places where FileUtils.close can be used + a few places where a BufferedWriter might be unflushed when the underlying stream gets closed.  git-svn-id: https://svn.apache.org/repos/asf/ant/core/trunk@905179 13f79535-47bb-0310-9956-ffa450edef68 ";"1";"-1"
"Launcher.java";"org.apache.tools.ant.launch";"NO";"NO";"NO";"NO";"NO";"NO";"YES";"NO";"NO";"NO";"NO";"NO";"NO";"";"";"0";"0"
"Ant.java";"org.apache.tools.ant.taskdefs";"NO";"NO";"NO";"NO";"NO";"NO";"YES";"NO";"NO";"NO";"NO";"YES";"NO";"";"";"0";"0"
"Translate.java";"org.apache.tools.ant.taskdefs.optional.i18n";"NO";"NO";"NO";"NO";"NO";"NO";"YES";"NO";"NO";"NO";"NO";"YES";"NO";"74f04b527f206f00581cd8c5727cc5ff0b0476a6";"extract method  git-svn-id: https://svn.apache.org/repos/asf/ant/core/trunk@905216 13f79535-47bb-0310-9956-ffa450edef68 ";"1";"-1"
"Translate.java";"org.apache.tools.ant.taskdefs.optional.i18n";"NO";"NO";"NO";"NO";"NO";"NO";"YES";"NO";"NO";"NO";"NO";"YES";"NO";"f21a1750ce8008bd256ff8fd0ba35e97949b2829";"More FileUtils.close and a moved flush operation in XMLJUnitresultFormatter  git-svn-id: https://svn.apache.org/repos/asf/ant/core/trunk@905214 13f79535-47bb-0310-9956-ffa450edef68 ";"1";"-1"
"SelectorUtils.java";"org.apache.tools.ant.types.selectors";"NO";"NO";"NO";"NO";"NO";"NO";"YES";"NO";"NO";"NO";"NO";"NO";"NO";"";"";"0";"0"
"Parallel.java";"org.apache.tools.ant.taskdefs";"NO";"NO";"NO";"NO";"NO";"NO";"YES";"NO";"NO";"NO";"NO";"YES";"NO";"";"";"0";"0"
"Tar.java";"org.apache.tools.ant.taskdefs";"NO";"NO";"NO";"NO";"NO";"NO";"YES";"NO";"NO";"NO";"NO";"YES";"NO";"";"";"0";"0"
"DefaultCompilerAdapter.java";"org.apache.tools.ant.taskdefs.compilers";"NO";"NO";"NO";"NO";"NO";"NO";"YES";"NO";"NO";"NO";"NO";"NO";"NO";"";"";"0";"0"
"XmlProperty.java";"org.apache.tools.ant.taskdefs";"NO";"NO";"NO";"NO";"NO";"NO";"YES";"NO";"NO";"NO";"NO";"NO";"NO";"";"";"0";"0"
"ComponentHelper.java";"org.apache.tools.ant";"NO";"NO";"NO";"NO";"NO";"NO";"YES";"NO";"NO";"NO";"NO";"NO";"NO";"";"";"0";"0"
"Expand.java";"org.apache.tools.ant.taskdefs";"NO";"NO";"NO";"NO";"NO";"NO";"YES";"YES";"NO";"NO";"NO";"NO";"NO";"";"";"0";"0"
"Redirector.java";"org.apache.tools.ant.taskdefs";"NO";"NO";"NO";"NO";"NO";"NO";"YES";"NO";"NO";"NO";"NO";"YES";"NO";"";"";"0";"0"
"ModifiedSelector.java";"org.apache.tools.ant.types.selectors.modifiedselector";"NO";"NO";"NO";"NO";"NO";"NO";"YES";"NO";"NO";"NO";"NO";"YES";"NO";"";"";"0";"0"
"XSLTProcess.java";"org.apache.tools.ant.taskdefs";"NO";"NO";"NO";"NO";"NO";"NO";"YES";"NO";"NO";"NO";"NO";"YES";"NO";"";"";"0";"0"
"FileUtils.java";"org.apache.tools.ant.util";"NO";"NO";"NO";"NO";"NO";"NO";"NO";"YES";"NO";"NO";"NO";"NO";"NO";"";"";"0";"0"
"Specification.java";"org.apache.tools.ant.taskdefs.optional.extension";"NO";"NO";"NO";"NO";"NO";"NO";"NO";"YES";"NO";"NO";"NO";"NO";"NO";"";"";"0";"0"
"Extension.java";"org.apache.tools.ant.taskdefs.optional.extension";"NO";"NO";"NO";"NO";"NO";"NO";"NO";"YES";"NO";"NO";"NO";"NO";"NO";"";"";"0";"0"
"Jar.java";"org.apache.tools.ant.taskdefs";"NO";"NO";"NO";"NO";"NO";"NO";"NO";"YES";"NO";"NO";"NO";"NO";"NO";"dd92def3ae19c4f8e9b03cf212560bf533caf62b";"try to make ZipExtraField change in zip backwards compatible for subclasses that override zipFile.  PR 48541  git-svn-id: https://svn.apache.org/repos/asf/ant/core/trunk@900082 13f79535-47bb-0310-9956-ffa450edef68 ";"1";"-1"
"MatchingTask.java";"org.apache.tools.ant.taskdefs";"NO";"NO";"NO";"NO";"NO";"NO";"NO";"NO";"NO";"YES";"NO";"NO";"NO";"";"";"0";"0"
"MacroDef.java";"org.apache.tools.ant.taskdefs";"NO";"NO";"NO";"NO";"NO";"NO";"NO";"NO";"NO";"NO";"YES";"NO";"NO";"";"";"0";"0"
"AntlibDefinition.java";"org.apache.tools.ant.taskdefs";"NO";"NO";"NO";"NO";"NO";"NO";"NO";"NO";"NO";"NO";"YES";"NO";"NO";"";"";"0";"0"
"SchemaValidate.java";"org.apache.tools.ant.taskdefs.optional";"NO";"NO";"NO";"NO";"NO";"NO";"NO";"NO";"NO";"NO";"YES";"NO";"NO";"";"";"0";"0"
"XMLValidateTask.java";"org.apache.tools.ant.taskdefs.optional";"NO";"NO";"NO";"NO";"NO";"NO";"NO";"NO";"NO";"NO";"YES";"NO";"NO";"";"";"0";"0"
"WeblogicDeploymentTool.java";"org.apache.tools.ant.taskdefs.optional.ejb";"NO";"NO";"NO";"NO";"NO";"NO";"NO";"NO";"NO";"NO";"YES";"NO";"NO";"";"";"0";"0"
"GenericDeploymentTool.java";"org.apache.tools.ant.taskdefs.optional.ejb";"NO";"NO";"NO";"NO";"NO";"NO";"NO";"NO";"NO";"NO";"YES";"NO";"NO";"";"";"0";"0"
"IPlanetDeploymentTool.java";"org.apache.tools.ant.taskdefs.optional.ejb";"NO";"NO";"NO";"NO";"NO";"NO";"NO";"NO";"NO";"NO";"YES";"NO";"NO";"";"";"0";"0"
"ArchiveFileSet.java";"org.apache.tools.ant.types";"NO";"NO";"NO";"NO";"NO";"NO";"NO";"NO";"NO";"NO";"YES";"NO";"NO";"";"";"0";"0"
"FileSet.java";"org.apache.tools.ant.types";"NO";"NO";"NO";"NO";"NO";"NO";"NO";"NO";"NO";"NO";"YES";"NO";"NO";"";"";"0";"0"
"ArchiveScanner.java";"org.apache.tools.ant.types";"NO";"NO";"NO";"NO";"NO";"NO";"NO";"NO";"NO";"NO";"YES";"NO";"NO";"";"";"0";"0"
"URLResource.java";"org.apache.tools.ant.types.resources";"NO";"NO";"NO";"NO";"NO";"NO";"NO";"NO";"NO";"NO";"YES";"NO";"NO";"";"";"0";"0"
"Resource.java";"org.apache.tools.ant.types";"NO";"NO";"NO";"NO";"NO";"NO";"NO";"NO";"NO";"NO";"YES";"NO";"NO";"";"";"0";"0"
"FileResource.java";"org.apache.tools.ant.types.resources";"NO";"NO";"NO";"NO";"NO";"NO";"NO";"NO";"NO";"NO";"YES";"NO";"NO";"";"";"0";"0"
"SQLExec.java";"org.apache.tools.ant.taskdefs";"NO";"NO";"NO";"NO";"NO";"NO";"NO";"NO";"NO";"NO";"NO";"YES";"NO";"";"";"0";"0"
"Checksum.java";"org.apache.tools.ant.taskdefs";"NO";"NO";"NO";"NO";"NO";"NO";"NO";"NO";"NO";"NO";"NO";"YES";"NO";"";"";"0";"0"
"ChangeLogTask.java";"org.apache.tools.ant.taskdefs.cvslib";"NO";"NO";"NO";"NO";"NO";"NO";"NO";"NO";"NO";"NO";"NO";"YES";"NO";"";"";"0";"0"
"Cab.java";"org.apache.tools.ant.taskdefs.optional";"NO";"NO";"NO";"NO";"NO";"NO";"NO";"NO";"NO";"NO";"NO";"YES";"NO";"14c45a0623d7f87bb7585e802524d36695a1c916";"whitespace  git-svn-id: https://svn.apache.org/repos/asf/ant/core/trunk@905180 13f79535-47bb-0310-9956-ffa450edef68 ";"1";"-1"
"Cab.java";"org.apache.tools.ant.taskdefs.optional";"NO";"NO";"NO";"NO";"NO";"NO";"NO";"NO";"NO";"NO";"NO";"YES";"NO";"766f1513921d35f7c16b8b962f583dcf508a098a";"a few more places where FileUtils.close can be used + a few places where a BufferedWriter might be unflushed when the underlying stream gets closed.  git-svn-id: https://svn.apache.org/repos/asf/ant/core/trunk@905179 13f79535-47bb-0310-9956-ffa450edef68 ";"1";"-1"
"EchoProperties.java";"org.apache.tools.ant.taskdefs.optional";"NO";"NO";"NO";"NO";"NO";"NO";"NO";"NO";"NO";"NO";"NO";"YES";"NO";"";"";"0";"0"
"JspC.java";"org.apache.tools.ant.taskdefs.optional.jsp";"NO";"NO";"NO";"NO";"NO";"NO";"NO";"NO";"NO";"NO";"NO";"YES";"NO";"";"";"0";"0"
"SplashTask.java";"org.apache.tools.ant.taskdefs.optional.splash";"NO";"NO";"NO";"NO";"NO";"NO";"NO";"NO";"NO";"NO";"NO";"YES";"NO";"";"";"0";"0"
"ZipFile.java";"org.apache.tools.zip";"NO";"NO";"NO";"NO";"NO";"NO";"NO";"NO";"NO";"NO";"NO";"YES";"NO";"";"";"0";"0"
"DispatchTask.java";"org.apache.tools.ant.dispatch";"NO";"NO";"NO";"NO";"NO";"NO";"NO";"NO";"NO";"NO";"NO";"NO";"YES";"";"";"0";"0"
"DefaultJspCompilerAdapter.java";"org.apache.tools.ant.taskdefs.optional.jsp.compilers";"NO";"NO";"NO";"NO";"NO";"NO";"NO";"NO";"NO";"NO";"NO";"NO";"YES";"";"";"0";"0"
"ContentTransformingResource.java";"org.apache.tools.ant.types.resources";"NO";"NO";"NO";"NO";"NO";"NO";"NO";"NO";"NO";"NO";"NO";"NO";"YES";"2e7eacb2b49e0bad5fd5cdada7b3f02ba22c63dd";"javadoc/formatting/protected constructors for abstract classes  git-svn-id: https://svn.apache.org/repos/asf/ant/core/trunk@904214 13f79535-47bb-0310-9956-ffa450edef68 ";"1";"-1"
"AntClassLoader.java";"org.apache.tools.ant";"NO";"NO";"NO";"NO";"NO";"NO";"NO";"NO";"NO";"NO";"NO";"NO";"NO";"";"";"0";"0"
"BuildEvent.java";"org.apache.tools.ant";"NO";"NO";"NO";"NO";"NO";"NO";"NO";"NO";"NO";"NO";"NO";"NO";"NO";"";"";"0";"0"
"BuildException.java";"org.apache.tools.ant";"NO";"NO";"NO";"NO";"NO";"NO";"NO";"NO";"NO";"NO";"NO";"NO";"NO";"";"";"0";"0"
"BuildListener.java";"org.apache.tools.ant";"NO";"NO";"NO";"NO";"NO";"NO";"NO";"NO";"NO";"NO";"NO";"NO";"NO";"";"";"0";"0"
"BuildLogger.java";"org.apache.tools.ant";"NO";"NO";"NO";"NO";"NO";"NO";"NO";"NO";"NO";"NO";"NO";"NO";"NO";"";"";"0";"0"
"DefaultLogger.java";"org.apache.tools.ant";"NO";"NO";"NO";"NO";"NO";"NO";"NO";"NO";"NO";"NO";"NO";"NO";"NO";"";"";"0";"0"
"DesirableFilter.java";"org.apache.tools.ant";"NO";"NO";"NO";"NO";"NO";"NO";"NO";"NO";"NO";"NO";"NO";"NO";"NO";"";"";"0";"0"
"FileScanner.java";"org.apache.tools.ant";"NO";"NO";"NO";"NO";"NO";"NO";"NO";"NO";"NO";"NO";"NO";"NO";"NO";"";"";"0";"0"
"Location.java";"org.apache.tools.ant";"NO";"NO";"NO";"NO";"NO";"NO";"NO";"NO";"NO";"NO";"NO";"NO";"NO";"";"";"0";"0"
"Map.java";"org.apache.tools.ant";"NO";"NO";"NO";"NO";"NO";"NO";"NO";"NO";"NO";"NO";"NO";"NO";"NO";"";"";"0";"0"
"PathTokenizer.java";"org.apache.tools.ant";"NO";"NO";"NO";"NO";"NO";"NO";"NO";"NO";"NO";"NO";"NO";"NO";"NO";"";"";"0";"0"
"ProjectHelper.java";"org.apache.tools.ant";"NO";"NO";"NO";"NO";"NO";"NO";"NO";"NO";"NO";"NO";"NO";"NO";"NO";"";"";"0";"0"
"RuntimeConfigurable.java";"org.apache.tools.ant";"NO";"NO";"NO";"NO";"NO";"NO";"NO";"NO";"NO";"NO";"NO";"NO";"NO";"";"";"0";"0"
"TaskAdapter.java";"org.apache.tools.ant";"NO";"NO";"NO";"NO";"NO";"NO";"NO";"NO";"NO";"NO";"NO";"NO";"NO";"";"";"0";"0"
"AntStructure.java";"org.apache.tools.ant.taskdefs";"NO";"NO";"NO";"NO";"NO";"NO";"NO";"NO";"NO";"NO";"NO";"NO";"NO";"";"";"0";"0"
"Available.java";"org.apache.tools.ant.taskdefs";"NO";"NO";"NO";"NO";"NO";"NO";"NO";"NO";"NO";"NO";"NO";"NO";"NO";"";"";"0";"0"
"CallTarget.java";"org.apache.tools.ant.taskdefs";"NO";"NO";"NO";"NO";"NO";"NO";"NO";"NO";"NO";"NO";"NO";"NO";"NO";"";"";"0";"0"
"Chmod.java";"org.apache.tools.ant.taskdefs";"NO";"NO";"NO";"NO";"NO";"NO";"NO";"NO";"NO";"NO";"NO";"NO";"NO";"";"";"0";"0"
"CompileTask.java";"org.apache.tools.ant.taskdefs";"NO";"NO";"NO";"NO";"NO";"NO";"NO";"NO";"NO";"NO";"NO";"NO";"NO";"";"";"0";"0"
"Copydir.java";"org.apache.tools.ant.taskdefs";"NO";"NO";"NO";"NO";"NO";"NO";"NO";"NO";"NO";"NO";"NO";"NO";"NO";"";"";"0";"0"
"Copyfile.java";"org.apache.tools.ant.taskdefs";"NO";"NO";"NO";"NO";"NO";"NO";"NO";"NO";"NO";"NO";"NO";"NO";"NO";"";"";"0";"0"
"Cvs.java";"org.apache.tools.ant.taskdefs";"NO";"NO";"NO";"NO";"NO";"NO";"NO";"NO";"NO";"NO";"NO";"NO";"NO";"";"";"0";"0"
"Deltree.java";"org.apache.tools.ant.taskdefs";"NO";"NO";"NO";"NO";"NO";"NO";"NO";"NO";"NO";"NO";"NO";"NO";"NO";"";"";"0";"0"
"Echo.java";"org.apache.tools.ant.taskdefs";"NO";"NO";"NO";"NO";"NO";"NO";"NO";"NO";"NO";"NO";"NO";"NO";"NO";"";"";"0";"0"
"Exec.java";"org.apache.tools.ant.taskdefs";"NO";"NO";"NO";"NO";"NO";"NO";"NO";"NO";"NO";"NO";"NO";"NO";"NO";"";"";"0";"0"
"ExecTask.java";"org.apache.tools.ant.taskdefs";"NO";"NO";"NO";"NO";"NO";"NO";"NO";"NO";"NO";"NO";"NO";"NO";"NO";"";"";"0";"0"
"Execute.java";"org.apache.tools.ant.taskdefs";"NO";"NO";"NO";"NO";"NO";"NO";"NO";"NO";"NO";"NO";"NO";"NO";"NO";"766f1513921d35f7c16b8b962f583dcf508a098a";"a few more places where FileUtils.close can be used + a few places where a BufferedWriter might be unflushed when the underlying stream gets closed.  git-svn-id: https://svn.apache.org/repos/asf/ant/core/trunk@905179 13f79535-47bb-0310-9956-ffa450edef68 ";"1";"-1"
"ExecuteJava.java";"org.apache.tools.ant.taskdefs";"NO";"NO";"NO";"NO";"NO";"NO";"NO";"NO";"NO";"NO";"NO";"NO";"NO";"";"";"0";"0"
"ExecuteStreamHandler.java";"org.apache.tools.ant.taskdefs";"NO";"NO";"NO";"NO";"NO";"NO";"NO";"NO";"NO";"NO";"NO";"NO";"NO";"";"";"0";"0"
"ExecuteWatchdog.java";"org.apache.tools.ant.taskdefs";"NO";"NO";"NO";"NO";"NO";"NO";"NO";"NO";"NO";"NO";"NO";"NO";"NO";"";"";"0";"0"
"Exit.java";"org.apache.tools.ant.taskdefs";"NO";"NO";"NO";"NO";"NO";"NO";"NO";"NO";"NO";"NO";"NO";"NO";"NO";"";"";"0";"0"
"Filter.java";"org.apache.tools.ant.taskdefs";"NO";"NO";"NO";"NO";"NO";"NO";"NO";"NO";"NO";"NO";"NO";"NO";"NO";"";"";"0";"0"
"FixCRLF.java";"org.apache.tools.ant.taskdefs";"NO";"NO";"NO";"NO";"NO";"NO";"NO";"NO";"NO";"NO";"NO";"NO";"NO";"0591bc2592ad3204e91258cc8f0ae6ff4b2f420f";"try to delete temporary files in fixcrlf.  PR 48506.  git-svn-id: https://svn.apache.org/repos/asf/ant/core/trunk@898183 13f79535-47bb-0310-9956-ffa450edef68 ";"1";"-1"
"Get.java";"org.apache.tools.ant.taskdefs";"NO";"NO";"NO";"NO";"NO";"NO";"NO";"NO";"NO";"NO";"NO";"NO";"NO";"";"";"0";"0"
"GUnzip.java";"org.apache.tools.ant.taskdefs";"NO";"NO";"NO";"NO";"NO";"NO";"NO";"NO";"NO";"NO";"NO";"NO";"NO";"";"";"0";"0"
"GZip.java";"org.apache.tools.ant.taskdefs";"NO";"NO";"NO";"NO";"NO";"NO";"NO";"NO";"NO";"NO";"NO";"NO";"NO";"";"";"0";"0"
"JavacOutputStream.java";"org.apache.tools.ant.taskdefs";"NO";"NO";"NO";"NO";"NO";"NO";"NO";"NO";"NO";"NO";"NO";"NO";"NO";"";"";"0";"0"
"Jikes.java";"org.apache.tools.ant.taskdefs";"NO";"NO";"NO";"NO";"NO";"NO";"NO";"NO";"NO";"NO";"NO";"NO";"NO";"";"";"0";"0"
"JikesOutputParser.java";"org.apache.tools.ant.taskdefs";"NO";"NO";"NO";"NO";"NO";"NO";"NO";"NO";"NO";"NO";"NO";"NO";"NO";"";"";"0";"0"
"KeySubst.java";"org.apache.tools.ant.taskdefs";"NO";"NO";"NO";"NO";"NO";"NO";"NO";"NO";"NO";"NO";"NO";"NO";"NO";"f21a1750ce8008bd256ff8fd0ba35e97949b2829";"More FileUtils.close and a moved flush operation in XMLJUnitresultFormatter  git-svn-id: https://svn.apache.org/repos/asf/ant/core/trunk@905214 13f79535-47bb-0310-9956-ffa450edef68 ";"1";"-1"
"LogOutputStream.java";"org.apache.tools.ant.taskdefs";"NO";"NO";"NO";"NO";"NO";"NO";"NO";"NO";"NO";"NO";"NO";"NO";"NO";"";"";"0";"0"
"LogStreamHandler.java";"org.apache.tools.ant.taskdefs";"NO";"NO";"NO";"NO";"NO";"NO";"NO";"NO";"NO";"NO";"NO";"NO";"NO";"";"";"0";"0"
"Mkdir.java";"org.apache.tools.ant.taskdefs";"NO";"NO";"NO";"NO";"NO";"NO";"NO";"NO";"NO";"NO";"NO";"NO";"NO";"";"";"0";"0"
"Move.java";"org.apache.tools.ant.taskdefs";"NO";"NO";"NO";"NO";"NO";"NO";"NO";"NO";"NO";"NO";"NO";"NO";"NO";"";"";"0";"0"
"DDCreator.java";"org.apache.tools.ant.taskdefs.optional.ejb";"NO";"NO";"NO";"NO";"NO";"NO";"NO";"NO";"NO";"NO";"NO";"NO";"NO";"";"";"0";"0"
"DDCreatorHelper.java";"org.apache.tools.ant.taskdefs.optional.ejb";"NO";"NO";"NO";"NO";"NO";"NO";"NO";"NO";"NO";"NO";"NO";"NO";"NO";"";"";"0";"0"
"DescriptorHandler.java";"org.apache.tools.ant.taskdefs.optional.ejb";"NO";"NO";"NO";"NO";"NO";"NO";"NO";"NO";"NO";"NO";"NO";"NO";"NO";"";"";"0";"0"
"Ejbc.java";"org.apache.tools.ant.taskdefs.optional.ejb";"NO";"NO";"NO";"NO";"NO";"NO";"NO";"NO";"NO";"NO";"NO";"NO";"NO";"";"";"0";"0"
"EjbcHelper.java";"org.apache.tools.ant.taskdefs.optional.ejb";"NO";"NO";"NO";"NO";"NO";"NO";"NO";"NO";"NO";"NO";"NO";"NO";"NO";"";"";"0";"0"
"EJBDeploymentTool.java";"org.apache.tools.ant.taskdefs.optional.ejb";"NO";"NO";"NO";"NO";"NO";"NO";"NO";"NO";"NO";"NO";"NO";"NO";"NO";"";"";"0";"0"
"EjbJar.java";"org.apache.tools.ant.taskdefs.optional.ejb";"NO";"NO";"NO";"NO";"NO";"NO";"NO";"NO";"NO";"NO";"NO";"NO";"NO";"";"";"0";"0"
"InnerClassFilenameFilter.java";"org.apache.tools.ant.taskdefs.optional.ejb";"NO";"NO";"NO";"NO";"NO";"NO";"NO";"NO";"NO";"NO";"NO";"NO";"NO";"";"";"0";"0"
"WeblogicTOPLinkDeploymentTool.java";"org.apache.tools.ant.taskdefs.optional.ejb";"NO";"NO";"NO";"NO";"NO";"NO";"NO";"NO";"NO";"NO";"NO";"NO";"NO";"";"";"0";"0"
"WLRun.java";"org.apache.tools.ant.taskdefs.optional.ejb";"NO";"NO";"NO";"NO";"NO";"NO";"NO";"NO";"NO";"NO";"NO";"NO";"NO";"";"";"0";"0"
"WLStop.java";"org.apache.tools.ant.taskdefs.optional.ejb";"NO";"NO";"NO";"NO";"NO";"NO";"NO";"NO";"NO";"NO";"NO";"NO";"NO";"";"";"0";"0"
"FTP.java";"org.apache.tools.ant.taskdefs.optional";"NO";"NO";"NO";"NO";"NO";"NO";"NO";"NO";"NO";"NO";"NO";"NO";"NO";"";"";"0";"0"
"JavaCC.java";"org.apache.tools.ant.taskdefs.optional.javacc";"NO";"NO";"NO";"NO";"NO";"NO";"NO";"NO";"NO";"NO";"NO";"NO";"NO";"";"";"0";"0"
"JJTree.java";"org.apache.tools.ant.taskdefs.optional.javacc";"NO";"NO";"NO";"NO";"NO";"NO";"NO";"NO";"NO";"NO";"NO";"NO";"NO";"";"";"0";"0"
"ClassNameReader.java";"org.apache.tools.ant.taskdefs.optional.jlink";"NO";"NO";"NO";"NO";"NO";"NO";"NO";"NO";"NO";"NO";"NO";"NO";"NO";"";"";"0";"0"
"jlink.java";"org.apache.tools.ant.taskdefs.optional.jlink";"NO";"NO";"NO";"NO";"NO";"NO";"NO";"NO";"NO";"NO";"NO";"NO";"NO";"";"";"0";"0"
"JlinkTask.java";"org.apache.tools.ant.taskdefs.optional.jlink";"NO";"NO";"NO";"NO";"NO";"NO";"NO";"NO";"NO";"NO";"NO";"NO";"NO";"";"";"0";"0"
"WLJspc.java";"org.apache.tools.ant.taskdefs.optional.jsp";"NO";"NO";"NO";"NO";"NO";"NO";"NO";"NO";"NO";"NO";"NO";"NO";"NO";"";"";"0";"0"
"BaseTest.java";"org.apache.tools.ant.taskdefs.optional.junit";"NO";"NO";"NO";"NO";"NO";"NO";"NO";"NO";"NO";"NO";"NO";"NO";"NO";"";"";"0";"0"
"BatchTest.java";"org.apache.tools.ant.taskdefs.optional.junit";"NO";"NO";"NO";"NO";"NO";"NO";"NO";"NO";"NO";"NO";"NO";"NO";"NO";"";"";"0";"0"
"FormatterElement.java";"org.apache.tools.ant.taskdefs.optional.junit";"NO";"NO";"NO";"NO";"NO";"NO";"NO";"NO";"NO";"NO";"NO";"NO";"NO";"";"";"0";"0"
"JUnitResultFormatter.java";"org.apache.tools.ant.taskdefs.optional.junit";"NO";"NO";"NO";"NO";"NO";"NO";"NO";"NO";"NO";"NO";"NO";"NO";"NO";"";"";"0";"0"
"JUnitTask.java";"org.apache.tools.ant.taskdefs.optional.junit";"NO";"NO";"NO";"NO";"NO";"NO";"NO";"NO";"NO";"NO";"NO";"NO";"NO";"";"";"0";"0"
"JUnitTest.java";"org.apache.tools.ant.taskdefs.optional.junit";"NO";"NO";"NO";"NO";"NO";"NO";"NO";"NO";"NO";"NO";"NO";"NO";"NO";"";"";"0";"0"
"JUnitTestRunner.java";"org.apache.tools.ant.taskdefs.optional.junit";"NO";"NO";"NO";"NO";"NO";"NO";"NO";"NO";"NO";"NO";"NO";"NO";"NO";"f21a1750ce8008bd256ff8fd0ba35e97949b2829";"More FileUtils.close and a moved flush operation in XMLJUnitresultFormatter  git-svn-id: https://svn.apache.org/repos/asf/ant/core/trunk@905214 13f79535-47bb-0310-9956-ffa450edef68 ";"1";"-1"
"JUnitTestRunner.java";"org.apache.tools.ant.taskdefs.optional.junit";"NO";"NO";"NO";"NO";"NO";"NO";"NO";"NO";"NO";"NO";"NO";"NO";"NO";"59487f22d535504cfa6bd0987bd100e0f15d8691";"JUnit stack traces were missing when filtertrace=""on"", the default. Reported by N C, see http://marc.info/?l=ant-user&m=126488326902069&w=1 and http://marc.info/?l=ant-dev&m=126491578731948&w=2  git-svn-id: https://svn.apache.org/repos/asf/ant/core/trunk@905136 13f79535-47bb-0310-9956-ffa450edef68 ";"1";"-1"
"PlainJUnitResultFormatter.java";"org.apache.tools.ant.taskdefs.optional.junit";"NO";"NO";"NO";"NO";"NO";"NO";"NO";"NO";"NO";"NO";"NO";"NO";"NO";"";"";"0";"0"
"SummaryJUnitResultFormatter.java";"org.apache.tools.ant.taskdefs.optional.junit";"NO";"NO";"NO";"NO";"NO";"NO";"NO";"NO";"NO";"NO";"NO";"NO";"NO";"";"";"0";"0"
"XMLJUnitResultFormatter.java";"org.apache.tools.ant.taskdefs.optional.junit";"NO";"NO";"NO";"NO";"NO";"NO";"NO";"NO";"NO";"NO";"NO";"NO";"NO";"f21a1750ce8008bd256ff8fd0ba35e97949b2829";"More FileUtils.close and a moved flush operation in XMLJUnitresultFormatter  git-svn-id: https://svn.apache.org/repos/asf/ant/core/trunk@905214 13f79535-47bb-0310-9956-ffa450edef68 ";"1";"-1"
"MParse.java";"org.apache.tools.ant.taskdefs.optional.metamata";"NO";"NO";"NO";"NO";"NO";"NO";"NO";"NO";"NO";"NO";"NO";"NO";"NO";"";"";"0";"0"
"Native2Ascii.java";"org.apache.tools.ant.taskdefs.optional";"NO";"NO";"NO";"NO";"NO";"NO";"NO";"NO";"NO";"NO";"NO";"NO";"NO";"";"";"0";"0"
"P4sync.java";"org.apache.tools.ant.taskdefs.optional.perforce";"NO";"NO";"NO";"NO";"NO";"NO";"NO";"NO";"NO";"NO";"NO";"NO";"NO";"";"";"0";"0"
"RenameExtensions.java";"org.apache.tools.ant.taskdefs.optional";"NO";"NO";"NO";"NO";"NO";"NO";"NO";"NO";"NO";"NO";"NO";"NO";"NO";"";"";"0";"0"
"AntStarTeamCheckOut.java";"org.apache.tools.ant.taskdefs.optional.scm";"NO";"NO";"NO";"NO";"NO";"NO";"NO";"NO";"NO";"NO";"NO";"NO";"NO";"";"";"0";"0"
"Script.java";"org.apache.tools.ant.taskdefs.optional";"NO";"NO";"NO";"NO";"NO";"NO";"NO";"NO";"NO";"NO";"NO";"NO";"NO";"";"";"0";"0"
"MSVSS.java";"org.apache.tools.ant.taskdefs.optional.vss";"NO";"NO";"NO";"NO";"NO";"NO";"NO";"NO";"NO";"NO";"NO";"NO";"NO";"";"";"0";"0"
"MSVSSGET.java";"org.apache.tools.ant.taskdefs.optional.vss";"NO";"NO";"NO";"NO";"NO";"NO";"NO";"NO";"NO";"NO";"NO";"NO";"NO";"";"";"0";"0"
"XalanLiaison.java";"org.apache.tools.ant.taskdefs.optional";"NO";"NO";"NO";"NO";"NO";"NO";"NO";"NO";"NO";"NO";"NO";"NO";"NO";"";"";"0";"0"
"XslpLiaison.java";"org.apache.tools.ant.taskdefs.optional";"NO";"NO";"NO";"NO";"NO";"NO";"NO";"NO";"NO";"NO";"NO";"NO";"NO";"";"";"0";"0"
"Patch.java";"org.apache.tools.ant.taskdefs";"NO";"NO";"NO";"NO";"NO";"NO";"NO";"NO";"NO";"NO";"NO";"NO";"NO";"";"";"0";"0"
"Property.java";"org.apache.tools.ant.taskdefs";"NO";"NO";"NO";"NO";"NO";"NO";"NO";"NO";"NO";"NO";"NO";"NO";"NO";"";"";"0";"0"
"PumpStreamHandler.java";"org.apache.tools.ant.taskdefs";"NO";"NO";"NO";"NO";"NO";"NO";"NO";"NO";"NO";"NO";"NO";"NO";"NO";"";"";"0";"0"
"Rename.java";"org.apache.tools.ant.taskdefs";"NO";"NO";"NO";"NO";"NO";"NO";"NO";"NO";"NO";"NO";"NO";"NO";"NO";"";"";"0";"0"
"Replace.java";"org.apache.tools.ant.taskdefs";"NO";"NO";"NO";"NO";"NO";"NO";"NO";"NO";"NO";"NO";"NO";"NO";"NO";"";"";"0";"0"
"Rmic.java";"org.apache.tools.ant.taskdefs";"NO";"NO";"NO";"NO";"NO";"NO";"NO";"NO";"NO";"NO";"NO";"NO";"NO";"";"";"0";"0"
"SendEmail.java";"org.apache.tools.ant.taskdefs";"NO";"NO";"NO";"NO";"NO";"NO";"NO";"NO";"NO";"NO";"NO";"NO";"NO";"";"";"0";"0"
"SignJar.java";"org.apache.tools.ant.taskdefs";"NO";"NO";"NO";"NO";"NO";"NO";"NO";"NO";"NO";"NO";"NO";"NO";"NO";"";"";"0";"0"
"StreamPumper.java";"org.apache.tools.ant.taskdefs";"NO";"NO";"NO";"NO";"NO";"NO";"NO";"NO";"NO";"NO";"NO";"NO";"NO";"";"";"0";"0"
"Taskdef.java";"org.apache.tools.ant.taskdefs";"NO";"NO";"NO";"NO";"NO";"NO";"NO";"NO";"NO";"NO";"NO";"NO";"NO";"";"";"0";"0"
"TaskOutputStream.java";"org.apache.tools.ant.taskdefs";"NO";"NO";"NO";"NO";"NO";"NO";"NO";"NO";"NO";"NO";"NO";"NO";"NO";"";"";"0";"0"
"Touch.java";"org.apache.tools.ant.taskdefs";"NO";"NO";"NO";"NO";"NO";"NO";"NO";"NO";"NO";"NO";"NO";"NO";"NO";"";"";"0";"0"
"Tstamp.java";"org.apache.tools.ant.taskdefs";"NO";"NO";"NO";"NO";"NO";"NO";"NO";"NO";"NO";"NO";"NO";"NO";"NO";"";"";"0";"0"
"Untar.java";"org.apache.tools.ant.taskdefs";"NO";"NO";"NO";"NO";"NO";"NO";"NO";"NO";"NO";"NO";"NO";"NO";"NO";"";"";"0";"0"
"UpToDate.java";"org.apache.tools.ant.taskdefs";"NO";"NO";"NO";"NO";"NO";"NO";"NO";"NO";"NO";"NO";"NO";"NO";"NO";"";"";"0";"0"
"War.java";"org.apache.tools.ant.taskdefs";"NO";"NO";"NO";"NO";"NO";"NO";"NO";"NO";"NO";"NO";"NO";"NO";"NO";"";"";"0";"0"
"XSLTLiaison.java";"org.apache.tools.ant.taskdefs";"NO";"NO";"NO";"NO";"NO";"NO";"NO";"NO";"NO";"NO";"NO";"NO";"NO";"";"";"0";"0"
"DataType.java";"org.apache.tools.ant.types";"NO";"NO";"NO";"NO";"NO";"NO";"NO";"NO";"NO";"NO";"NO";"NO";"NO";"";"";"0";"0"
"EnumeratedAttribute.java";"org.apache.tools.ant.types";"NO";"NO";"NO";"NO";"NO";"NO";"NO";"NO";"NO";"NO";"NO";"NO";"NO";"";"";"0";"0"
"Environment.java";"org.apache.tools.ant.types";"NO";"NO";"NO";"NO";"NO";"NO";"NO";"NO";"NO";"NO";"NO";"NO";"NO";"";"";"0";"0"
"PatternSet.java";"org.apache.tools.ant.types";"NO";"NO";"NO";"NO";"NO";"NO";"NO";"NO";"NO";"NO";"NO";"NO";"NO";"";"";"0";"0"
"Reference.java";"org.apache.tools.ant.types";"NO";"NO";"NO";"NO";"NO";"NO";"NO";"NO";"NO";"NO";"NO";"NO";"NO";"";"";"0";"0"
"UnknownElement.java";"org.apache.tools.ant";"NO";"NO";"NO";"NO";"NO";"NO";"NO";"NO";"NO";"NO";"NO";"NO";"NO";"";"";"0";"0"
"XmlLogger.java";"org.apache.tools.ant";"NO";"NO";"NO";"NO";"NO";"NO";"NO";"NO";"NO";"NO";"NO";"NO";"NO";"";"";"0";"0"
"MailMessage.java";"org.apache.tools.mail";"NO";"NO";"NO";"NO";"NO";"NO";"NO";"NO";"NO";"NO";"NO";"NO";"NO";"";"";"0";"0"
"TarBuffer.java";"org.apache.tools.tar";"NO";"NO";"NO";"NO";"NO";"NO";"NO";"NO";"NO";"NO";"NO";"NO";"NO";"";"";"0";"0"
"TarConstants.java";"org.apache.tools.tar";"NO";"NO";"NO";"NO";"NO";"NO";"NO";"NO";"NO";"NO";"NO";"NO";"NO";"";"";"0";"0"
"TarEntry.java";"org.apache.tools.tar";"NO";"NO";"NO";"NO";"NO";"NO";"NO";"NO";"NO";"NO";"NO";"NO";"NO";"";"";"0";"0"
"TarInputStream.java";"org.apache.tools.tar";"NO";"NO";"NO";"NO";"NO";"NO";"NO";"NO";"NO";"NO";"NO";"NO";"NO";"";"";"0";"0"
"TarOutputStream.java";"org.apache.tools.tar";"NO";"NO";"NO";"NO";"NO";"NO";"NO";"NO";"NO";"NO";"NO";"NO";"NO";"";"";"0";"0"
"TarUtils.java";"org.apache.tools.tar";"NO";"NO";"NO";"NO";"NO";"NO";"NO";"NO";"NO";"NO";"NO";"NO";"NO";"";"";"0";"0"
