"CLASS NAME";"PACKAGE";"CLASS DATA SHOULD BE PRIVATE";"COMPLEX CLASS";"FEATURE ENVY";"INAPPROPRIATE INTIMACY";"LARGE CLASS";"LAZY CLASS";"LONG METHODS";"LONG PARAMETER LIST";"MESSAGE CHAIN";"MIDDLE MAN";"REFUSED BEQUEST";"SPAGHETTI CODE";"SPECULATIVE GENERALITY";"SHA-1";"COMMIT MESSAGE";"POSITIVITY";"NEGATIVITY"
"Launcher.java";"org.apache.tools.ant.launch";"YES";"NO";"NO";"NO";"NO";"NO";"YES";"NO";"NO";"NO";"NO";"NO";"NO";"9860965705cac87d4d8cca858bf318edb30a084f";"sync up support for -noclasspath and -nouserlib   git-svn-id: https://svn.apache.org/repos/asf/ant/core/branches/ANT_16_BRANCH@277739 13f79535-47bb-0310-9956-ffa450edef68 ";"1";"-1"
"Launcher.java";"org.apache.tools.ant.launch";"YES";"NO";"NO";"NO";"NO";"NO";"YES";"NO";"NO";"NO";"NO";"NO";"NO";"4389e1c10682afcfdd893edbc885268a04479488";"sync   git-svn-id: https://svn.apache.org/repos/asf/ant/core/branches/ANT_16_BRANCH@276834 13f79535-47bb-0310-9956-ffa450edef68 ";"1";"-1"
"Launcher.java";"org.apache.tools.ant.launch";"YES";"NO";"NO";"NO";"NO";"NO";"YES";"NO";"NO";"NO";"NO";"NO";"NO";"0780af48fc182e63c608009bf581a12b9ff966e1";"sync   git-svn-id: https://svn.apache.org/repos/asf/ant/core/branches/ANT_16_BRANCH@276830 13f79535-47bb-0310-9956-ffa450edef68 ";"1";"-1"
"Launcher.java";"org.apache.tools.ant.launch";"YES";"NO";"NO";"NO";"NO";"NO";"YES";"NO";"NO";"NO";"NO";"NO";"NO";"6fb0d38df4966787a4938bb5d8481e6a6e5f1eff";"sync   git-svn-id: https://svn.apache.org/repos/asf/ant/core/branches/ANT_16_BRANCH@276821 13f79535-47bb-0310-9956-ffa450edef68 ";"1";"-1"
"Launcher.java";"org.apache.tools.ant.launch";"YES";"NO";"NO";"NO";"NO";"NO";"YES";"NO";"NO";"NO";"NO";"NO";"NO";"3b007fffcd647f9e4d636a8a06841ba478024a0f";"Print out some additional info when launcher receives an Instantiation Exception.  PR:    30611   git-svn-id: https://svn.apache.org/repos/asf/ant/core/branches/ANT_16_BRANCH@276772 13f79535-47bb-0310-9956-ffa450edef68 ";"1";"-1"
"HotDeploymentTool.java";"org.apache.tools.ant.taskdefs.optional.j2ee";"YES";"NO";"NO";"NO";"NO";"NO";"NO";"NO";"NO";"NO";"NO";"NO";"NO";"";"";"0";"0"
"P4Counter.java";"org.apache.tools.ant.taskdefs.optional.perforce";"YES";"NO";"NO";"NO";"NO";"NO";"NO";"NO";"NO";"NO";"NO";"NO";"NO";"";"";"0";"0"
"Utils.java";"org.apache.tools.ant.taskdefs.optional.sitraka.bytecode";"YES";"NO";"NO";"NO";"NO";"NO";"NO";"NO";"NO";"NO";"NO";"NO";"NO";"";"";"0";"0"
"ColorMapper.java";"org.apache.tools.ant.types.optional.image";"YES";"NO";"NO";"NO";"NO";"NO";"NO";"NO";"NO";"NO";"NO";"NO";"NO";"";"";"0";"0"
"DepthSelector.java";"org.apache.tools.ant.types.selectors";"YES";"NO";"NO";"NO";"NO";"NO";"NO";"NO";"NO";"NO";"NO";"NO";"NO";"";"";"0";"0"
"IntrospectionHelper.java";"org.apache.tools.ant";"NO";"YES";"NO";"NO";"NO";"NO";"YES";"NO";"NO";"NO";"NO";"NO";"NO";"b96005b0346d8755703ce3d0904c5c97afef556e";"20054   git-svn-id: https://svn.apache.org/repos/asf/ant/core/branches/ANT_16_BRANCH@277550 13f79535-47bb-0310-9956-ffa450edef68 ";"1";"-1"
"IntrospectionHelper.java";"org.apache.tools.ant";"NO";"YES";"NO";"NO";"NO";"NO";"YES";"NO";"NO";"NO";"NO";"NO";"NO";"2ff6712e19d46aa567f289bf9699b85af38ea1c3";"Sync with HEAD.   git-svn-id: https://svn.apache.org/repos/asf/ant/core/branches/ANT_16_BRANCH@277514 13f79535-47bb-0310-9956-ffa450edef68 ";"1";"-1"
"IntrospectionHelper.java";"org.apache.tools.ant";"NO";"YES";"NO";"NO";"NO";"NO";"YES";"NO";"NO";"NO";"NO";"NO";"NO";"60fdc712b5f6e9d16afe266da3fb89eb48ef92a8";"Merge the patch that allows this branch to compile   git-svn-id: https://svn.apache.org/repos/asf/ant/core/branches/ANT_16_BRANCH@276955 13f79535-47bb-0310-9956-ffa450edef68 ";"1";"-1"
"IntrospectionHelper.java";"org.apache.tools.ant";"NO";"YES";"NO";"NO";"NO";"NO";"YES";"NO";"NO";"NO";"NO";"NO";"NO";"de85bc722169cfac644400ce549636f0f610b28e";"sync   git-svn-id: https://svn.apache.org/repos/asf/ant/core/branches/ANT_16_BRANCH@276855 13f79535-47bb-0310-9956-ffa450edef68 ";"1";"-1"
"IntrospectionHelper.java";"org.apache.tools.ant";"NO";"YES";"NO";"NO";"NO";"NO";"YES";"NO";"NO";"NO";"NO";"NO";"NO";"688b6d55839aa07c85fd473c905051721df5beee";"sync   git-svn-id: https://svn.apache.org/repos/asf/ant/core/branches/ANT_16_BRANCH@276797 13f79535-47bb-0310-9956-ffa450edef68 ";"1";"-1"
"FTP.java";"org.apache.tools.ant.taskdefs.optional.net";"NO";"YES";"NO";"NO";"YES";"NO";"NO";"NO";"NO";"NO";"NO";"NO";"NO";"8fdefc53240cfa08eba7e5dff58108e46e256d7f";"2005   git-svn-id: https://svn.apache.org/repos/asf/ant/core/branches/ANT_16_BRANCH@277981 13f79535-47bb-0310-9956-ffa450edef68 ";"1";"-1"
"FTP.java";"org.apache.tools.ant.taskdefs.optional.net";"NO";"YES";"NO";"NO";"YES";"NO";"NO";"NO";"NO";"NO";"NO";"NO";"NO";"90179bc6486079c92ebad1a26cc9b24251ead934";"PR: 28797  FTP list command could crash with an ArrayIndexOutOfBoundsException.   git-svn-id: https://svn.apache.org/repos/asf/ant/core/branches/ANT_16_BRANCH@277960 13f79535-47bb-0310-9956-ffa450edef68 ";"1";"-1"
"FTP.java";"org.apache.tools.ant.taskdefs.optional.net";"NO";"YES";"NO";"NO";"YES";"NO";"NO";"NO";"NO";"NO";"NO";"NO";"NO";"ead0563b5faf04170dea5ab2fe7ee024242b9973";"FTP tas, getTimeDiff was returning wrong value PR: 30595   git-svn-id: https://svn.apache.org/repos/asf/ant/core/branches/ANT_16_BRANCH@276801 13f79535-47bb-0310-9956-ffa450edef68 ";"1";"-1"
"AntStructure.java";"org.apache.tools.ant.taskdefs";"NO";"NO";"YES";"NO";"NO";"NO";"NO";"NO";"NO";"NO";"NO";"NO";"NO";"81b8fac0bd2bbf2f9bbfac779632ffa3e0e6291f";"Removed CVS keyword substitution ANT_16   git-svn-id: https://svn.apache.org/repos/asf/ant/core/branches/ANT_16_BRANCH@277857 13f79535-47bb-0310-9956-ffa450edef68 ";"1";"-1"
"GenerateKey.java";"org.apache.tools.ant.taskdefs";"NO";"NO";"YES";"NO";"NO";"NO";"NO";"NO";"NO";"NO";"NO";"YES";"NO";"";"";"0";"0"
"NetRexxC.java";"org.apache.tools.ant.taskdefs.optional";"NO";"NO";"YES";"NO";"NO";"NO";"NO";"NO";"NO";"NO";"NO";"YES";"NO";"";"";"0";"0"
"Main.java";"org.apache.tools.ant";"NO";"NO";"YES";"NO";"NO";"NO";"YES";"NO";"NO";"NO";"NO";"NO";"NO";"9860965705cac87d4d8cca858bf318edb30a084f";"sync up support for -noclasspath and -nouserlib   git-svn-id: https://svn.apache.org/repos/asf/ant/core/branches/ANT_16_BRANCH@277739 13f79535-47bb-0310-9956-ffa450edef68 ";"1";"-1"
"Project.java";"org.apache.tools.ant";"NO";"NO";"NO";"YES";"YES";"NO";"NO";"NO";"NO";"NO";"NO";"NO";"NO";"a19fa90498ce1985cddb7debdaaadbbc3462a532";"Merge Executor mods for 1.6.3 .   git-svn-id: https://svn.apache.org/repos/asf/ant/core/branches/ANT_16_BRANCH@278119 13f79535-47bb-0310-9956-ffa450edef68 ";"1";"-1"
"Project.java";"org.apache.tools.ant";"NO";"NO";"NO";"YES";"YES";"NO";"NO";"NO";"NO";"NO";"NO";"NO";"NO";"81b8fac0bd2bbf2f9bbfac779632ffa3e0e6291f";"Removed CVS keyword substitution ANT_16   git-svn-id: https://svn.apache.org/repos/asf/ant/core/branches/ANT_16_BRANCH@277857 13f79535-47bb-0310-9956-ffa450edef68 ";"1";"-1"
"Project.java";"org.apache.tools.ant";"NO";"NO";"NO";"YES";"YES";"NO";"NO";"NO";"NO";"NO";"NO";"NO";"NO";"961828ca568da7defe76d1d4a7889eafcc94cc0b";"Sync with HEAD   git-svn-id: https://svn.apache.org/repos/asf/ant/core/branches/ANT_16_BRANCH@277556 13f79535-47bb-0310-9956-ffa450edef68 ";"1";"-1"
"Project.java";"org.apache.tools.ant";"NO";"NO";"NO";"YES";"YES";"NO";"NO";"NO";"NO";"NO";"NO";"NO";"NO";"414b331f29fa29399989c528276cbe7b176fef57";"merge   git-svn-id: https://svn.apache.org/repos/asf/ant/core/branches/ANT_16_BRANCH@277363 13f79535-47bb-0310-9956-ffa450edef68 ";"1";"-1"
"Project.java";"org.apache.tools.ant";"NO";"NO";"NO";"YES";"YES";"NO";"NO";"NO";"NO";"NO";"NO";"NO";"NO";"2fb1ae93f83e61d3c35fb85ecb13904d4f5ac121";"Merge Executor stuff and nested target elements for ant & antcall   git-svn-id: https://svn.apache.org/repos/asf/ant/core/branches/ANT_16_BRANCH@277202 13f79535-47bb-0310-9956-ffa450edef68 ";"1";"-1"
"Project.java";"org.apache.tools.ant";"NO";"NO";"NO";"YES";"YES";"NO";"NO";"NO";"NO";"NO";"NO";"NO";"NO";"cf9d43761728e7c9dcbe71ab67f74b8fa04bba8a";"sync   git-svn-id: https://svn.apache.org/repos/asf/ant/core/branches/ANT_16_BRANCH@276972 13f79535-47bb-0310-9956-ffa450edef68 ";"1";"-1"
"Project.java";"org.apache.tools.ant";"NO";"NO";"NO";"YES";"YES";"NO";"NO";"NO";"NO";"NO";"NO";"NO";"NO";"a1d4e39ae1428b2b6bdc8b147528dcf62fc7e965";"sync   git-svn-id: https://svn.apache.org/repos/asf/ant/core/branches/ANT_16_BRANCH@276970 13f79535-47bb-0310-9956-ffa450edef68 ";"1";"-1"
"Project.java";"org.apache.tools.ant";"NO";"NO";"NO";"YES";"YES";"NO";"NO";"NO";"NO";"NO";"NO";"NO";"NO";"528b285037cc0c6798f3c79265831f2b9eccdd27";"Merge from HEAD Javadoc fixes for RuntimeConfigurable, Project, Location PR: 30160 Submitted by: Jesse Glick (jglick at netbeans dot org)   git-svn-id: https://svn.apache.org/repos/asf/ant/core/branches/ANT_16_BRANCH@276710 13f79535-47bb-0310-9956-ffa450edef68 ";"1";"-1"
"XMLCatalog.java";"org.apache.tools.ant.types";"NO";"NO";"NO";"YES";"NO";"NO";"NO";"NO";"NO";"NO";"NO";"NO";"NO";"bbc18dc561285c9487218686347f775c3c8ada3b";"merge   git-svn-id: https://svn.apache.org/repos/asf/ant/core/branches/ANT_16_BRANCH@277004 13f79535-47bb-0310-9956-ffa450edef68 ";"1";"-1"
"RecorderEntry.java";"org.apache.tools.ant.taskdefs";"NO";"NO";"NO";"YES";"NO";"NO";"NO";"NO";"NO";"NO";"NO";"NO";"NO";"3012c097f13a5817ec571e748d1203d5cbfebd49";"merge   git-svn-id: https://svn.apache.org/repos/asf/ant/core/branches/ANT_16_BRANCH@276988 13f79535-47bb-0310-9956-ffa450edef68 ";"1";"-1"
"ProjectComponent.java";"org.apache.tools.ant";"NO";"NO";"NO";"YES";"NO";"NO";"NO";"NO";"NO";"NO";"NO";"NO";"NO";"";"";"0";"0"
"CommandlineJava.java";"org.apache.tools.ant.types";"NO";"NO";"NO";"YES";"NO";"NO";"NO";"NO";"NO";"NO";"NO";"NO";"NO";"6b0577983cd70dba49d83e9673e2356c3073a93e";"Merge Kaffe related changes from HEAD   git-svn-id: https://svn.apache.org/repos/asf/ant/core/branches/ANT_16_BRANCH@277593 13f79535-47bb-0310-9956-ffa450edef68 ";"1";"-1"
"CommandlineJava.java";"org.apache.tools.ant.types";"NO";"NO";"NO";"YES";"NO";"NO";"NO";"NO";"NO";"NO";"NO";"NO";"NO";"cf9d43761728e7c9dcbe71ab67f74b8fa04bba8a";"sync   git-svn-id: https://svn.apache.org/repos/asf/ant/core/branches/ANT_16_BRANCH@276972 13f79535-47bb-0310-9956-ffa450edef68 ";"1";"-1"
"CommandlineJava.java";"org.apache.tools.ant.types";"NO";"NO";"NO";"YES";"NO";"NO";"NO";"NO";"NO";"NO";"NO";"NO";"NO";"a1d4e39ae1428b2b6bdc8b147528dcf62fc7e965";"sync   git-svn-id: https://svn.apache.org/repos/asf/ant/core/branches/ANT_16_BRANCH@276970 13f79535-47bb-0310-9956-ffa450edef68 ";"1";"-1"
"Commandline.java";"org.apache.tools.ant.types";"NO";"NO";"NO";"YES";"NO";"NO";"NO";"NO";"NO";"NO";"NO";"NO";"NO";"";"";"0";"0"
"JDependTask.java";"org.apache.tools.ant.taskdefs.optional.jdepend";"NO";"NO";"NO";"YES";"NO";"NO";"NO";"NO";"NO";"NO";"NO";"NO";"NO";"";"";"0";"0"
"BorlandDeploymentTool.java";"org.apache.tools.ant.taskdefs.optional.ejb";"NO";"NO";"NO";"YES";"NO";"NO";"NO";"NO";"NO";"NO";"YES";"NO";"NO";"";"";"0";"0"
"Target.java";"org.apache.tools.ant";"NO";"NO";"NO";"YES";"NO";"NO";"NO";"NO";"NO";"NO";"NO";"NO";"NO";"2fb1ae93f83e61d3c35fb85ecb13904d4f5ac121";"Merge Executor stuff and nested target elements for ant & antcall   git-svn-id: https://svn.apache.org/repos/asf/ant/core/branches/ANT_16_BRANCH@277202 13f79535-47bb-0310-9956-ffa450edef68 ";"1";"-1"
"Target.java";"org.apache.tools.ant";"NO";"NO";"NO";"YES";"NO";"NO";"NO";"NO";"NO";"NO";"NO";"NO";"NO";"3c69c0a319c8a54e24e1a726ea7054bcb6662b3f";"Merge from HEAD Add @since tags to methods introduced in ant 1.6.2 PR: 30276 Submitted by: Jesse Glick   git-svn-id: https://svn.apache.org/repos/asf/ant/core/branches/ANT_16_BRANCH@276780 13f79535-47bb-0310-9956-ffa450edef68 ";"1";"-1"
"Javadoc.java";"org.apache.tools.ant.taskdefs";"NO";"NO";"NO";"YES";"NO";"NO";"NO";"NO";"NO";"NO";"NO";"YES";"NO";"24ee235bf8574f50ec01f7e7d9f3d9d5c9f1bafe";"Merge of #30606: 'executable' attr for <javadoc>.   git-svn-id: https://svn.apache.org/repos/asf/ant/core/branches/ANT_16_BRANCH@278089 13f79535-47bb-0310-9956-ffa450edef68 ";"1";"-1"
"Javadoc.java";"org.apache.tools.ant.taskdefs";"NO";"NO";"NO";"YES";"NO";"NO";"NO";"NO";"NO";"NO";"NO";"YES";"NO";"e9e61d6c41ad46aa12126d08f6b322e349ee827f";"merge   git-svn-id: https://svn.apache.org/repos/asf/ant/core/branches/ANT_16_BRANCH@278006 13f79535-47bb-0310-9956-ffa450edef68 ";"1";"-1"
"Javadoc.java";"org.apache.tools.ant.taskdefs";"NO";"NO";"NO";"YES";"NO";"NO";"NO";"NO";"NO";"NO";"NO";"YES";"NO";"36e25b15867725fd09f5f392552d628ac1beb81c";"merge   git-svn-id: https://svn.apache.org/repos/asf/ant/core/branches/ANT_16_BRANCH@278004 13f79535-47bb-0310-9956-ffa450edef68 ";"1";"-1"
"Task.java";"org.apache.tools.ant";"NO";"NO";"NO";"YES";"NO";"NO";"NO";"NO";"NO";"NO";"NO";"NO";"NO";"400f37d6aac5856cb1c806f8206aaf8963fb95a1";"sync   git-svn-id: https://svn.apache.org/repos/asf/ant/core/branches/ANT_16_BRANCH@276844 13f79535-47bb-0310-9956-ffa450edef68 ";"1";"-1"
"CBZip2OutputStream.java";"org.apache.tools.bzip2";"NO";"NO";"NO";"NO";"YES";"NO";"YES";"NO";"NO";"NO";"NO";"YES";"NO";"";"";"0";"0"
"IPlanetEjbc.java";"org.apache.tools.ant.taskdefs.optional.ejb";"NO";"NO";"NO";"NO";"YES";"NO";"NO";"NO";"NO";"NO";"NO";"NO";"NO";"";"";"0";"0"
"Zip.java";"org.apache.tools.ant.taskdefs";"NO";"NO";"NO";"NO";"NO";"NO";"YES";"NO";"NO";"NO";"NO";"YES";"NO";"c93813ce35a501ee71d43a3b8f3e7c3f1f890889";"Merge make Zip and derivates call createEmptyZip when creating empty archives   git-svn-id: https://svn.apache.org/repos/asf/ant/core/branches/ANT_16_BRANCH@278145 13f79535-47bb-0310-9956-ffa450edef68 ";"1";"-1"
"Zip.java";"org.apache.tools.ant.taskdefs";"NO";"NO";"NO";"NO";"NO";"NO";"YES";"NO";"NO";"NO";"NO";"YES";"NO";"a5df3979ee3d9c36425d1ce4bf213e99e9520f91";"merge   git-svn-id: https://svn.apache.org/repos/asf/ant/core/branches/ANT_16_BRANCH@277891 13f79535-47bb-0310-9956-ffa450edef68 ";"1";"-1"
"Zip.java";"org.apache.tools.ant.taskdefs";"NO";"NO";"NO";"NO";"NO";"NO";"YES";"NO";"NO";"NO";"NO";"YES";"NO";"dc4e876ead3ee582fb26baa30477b8b98f36a40a";"sync   git-svn-id: https://svn.apache.org/repos/asf/ant/core/branches/ANT_16_BRANCH@277747 13f79535-47bb-0310-9956-ffa450edef68 ";"1";"-1"
"Zip.java";"org.apache.tools.ant.taskdefs";"NO";"NO";"NO";"NO";"NO";"NO";"YES";"NO";"NO";"NO";"NO";"YES";"NO";"d21f19c13749a6aabd9894e5d088872cf56c9328";"merge   git-svn-id: https://svn.apache.org/repos/asf/ant/core/branches/ANT_16_BRANCH@277702 13f79535-47bb-0310-9956-ffa450edef68 ";"1";"-1"
"Zip.java";"org.apache.tools.ant.taskdefs";"NO";"NO";"NO";"NO";"NO";"NO";"YES";"NO";"NO";"NO";"NO";"YES";"NO";"7538b59f76690b09846985b76f5119ba80384f6e";"merge   git-svn-id: https://svn.apache.org/repos/asf/ant/core/branches/ANT_16_BRANCH@277686 13f79535-47bb-0310-9956-ffa450edef68 ";"1";"-1"
"Zip.java";"org.apache.tools.ant.taskdefs";"NO";"NO";"NO";"NO";"NO";"NO";"YES";"NO";"NO";"NO";"NO";"YES";"NO";"d2300eb7ccecc0b0d7344e9334c431b1b95ab9dd";"sync   git-svn-id: https://svn.apache.org/repos/asf/ant/core/branches/ANT_16_BRANCH@277384 13f79535-47bb-0310-9956-ffa450edef68 ";"1";"-1"
"Zip.java";"org.apache.tools.ant.taskdefs";"NO";"NO";"NO";"NO";"NO";"NO";"YES";"NO";"NO";"NO";"NO";"YES";"NO";"a3ef9a91186de084c5b7e010007e4c95508a74a1";"Merge Make manifest-only jars working with duplicate=""preserve"" PR: 32802   git-svn-id: https://svn.apache.org/repos/asf/ant/core/branches/ANT_16_BRANCH@277266 13f79535-47bb-0310-9956-ffa450edef68 ";"1";"-1"
"Zip.java";"org.apache.tools.ant.taskdefs";"NO";"NO";"NO";"NO";"NO";"NO";"YES";"NO";"NO";"NO";"NO";"YES";"NO";"6309a454db92ae4356a472a0055b40fb0a7e7ce1";"Merge from HEAD Zip task would not zip filesets containing only empty dirs PR: 30365 Submitted by: Matt Benson   git-svn-id: https://svn.apache.org/repos/asf/ant/core/branches/ANT_16_BRANCH@276805 13f79535-47bb-0310-9956-ffa450edef68 ";"1";"-1"
"WeblogicDeploymentTool.java";"org.apache.tools.ant.taskdefs.optional.ejb";"NO";"NO";"NO";"NO";"NO";"NO";"YES";"NO";"NO";"NO";"YES";"NO";"NO";"";"";"0";"0"
"WebsphereDeploymentTool.java";"org.apache.tools.ant.taskdefs.optional.ejb";"NO";"NO";"NO";"NO";"NO";"NO";"YES";"NO";"NO";"NO";"YES";"NO";"NO";"";"";"0";"0"
"CBZip2InputStream.java";"org.apache.tools.bzip2";"NO";"NO";"NO";"NO";"NO";"NO";"YES";"YES";"NO";"NO";"NO";"YES";"NO";"";"";"0";"0"
"IContract.java";"org.apache.tools.ant.taskdefs.optional";"NO";"NO";"NO";"NO";"NO";"NO";"YES";"NO";"NO";"NO";"NO";"YES";"NO";"";"";"0";"0"
"FixCRLF.java";"org.apache.tools.ant.taskdefs";"NO";"NO";"NO";"NO";"NO";"NO";"YES";"NO";"NO";"NO";"NO";"NO";"NO";"81b8fac0bd2bbf2f9bbfac779632ffa3e0e6291f";"Removed CVS keyword substitution ANT_16   git-svn-id: https://svn.apache.org/repos/asf/ant/core/branches/ANT_16_BRANCH@277857 13f79535-47bb-0310-9956-ffa450edef68 ";"1";"-1"
"FileUtils.java";"org.apache.tools.ant.util";"NO";"NO";"NO";"NO";"NO";"NO";"YES";"YES";"NO";"NO";"NO";"NO";"NO";"81b8fac0bd2bbf2f9bbfac779632ffa3e0e6291f";"Removed CVS keyword substitution ANT_16   git-svn-id: https://svn.apache.org/repos/asf/ant/core/branches/ANT_16_BRANCH@277857 13f79535-47bb-0310-9956-ffa450edef68 ";"1";"-1"
"FileUtils.java";"org.apache.tools.ant.util";"NO";"NO";"NO";"NO";"NO";"NO";"YES";"YES";"NO";"NO";"NO";"NO";"NO";"d8bcac05849c0b1d889cebf332ddab3ae3d53264";"Sync with HEAD   git-svn-id: https://svn.apache.org/repos/asf/ant/core/branches/ANT_16_BRANCH@277600 13f79535-47bb-0310-9956-ffa450edef68 ";"1";"-1"
"FileUtils.java";"org.apache.tools.ant.util";"NO";"NO";"NO";"NO";"NO";"NO";"YES";"YES";"NO";"NO";"NO";"NO";"NO";"6e99fa43ba42e49304ea18040173a308938f15c6";"Merge   git-svn-id: https://svn.apache.org/repos/asf/ant/core/branches/ANT_16_BRANCH@277565 13f79535-47bb-0310-9956-ffa450edef68 ";"1";"-1"
"FileUtils.java";"org.apache.tools.ant.util";"NO";"NO";"NO";"NO";"NO";"NO";"YES";"YES";"NO";"NO";"NO";"NO";"NO";"b07f9b79ff4406b246369721163d0b263a617495";"Sync with HEAD, minus two deprecation warnings.   git-svn-id: https://svn.apache.org/repos/asf/ant/core/branches/ANT_16_BRANCH@277475 13f79535-47bb-0310-9956-ffa450edef68 ";"1";"-1"
"Get.java";"org.apache.tools.ant.taskdefs";"NO";"NO";"NO";"NO";"NO";"NO";"YES";"NO";"NO";"NO";"NO";"YES";"NO";"2af3e33b7cc57b6c177c2088e29b76a56ccbd78a";"Merge fix get with usetimestamp when local timestamp >= now.   git-svn-id: https://svn.apache.org/repos/asf/ant/core/branches/ANT_16_BRANCH@277762 13f79535-47bb-0310-9956-ffa450edef68 ";"1";"-1"
"Get.java";"org.apache.tools.ant.taskdefs";"NO";"NO";"NO";"NO";"NO";"NO";"YES";"NO";"NO";"NO";"NO";"YES";"NO";"4e639593ad8bd31988c219420c70806197b62669";"Sync Get to HEAD (hope that's okay Steve); in particular sync usetimestamp fix on Java 1.2   git-svn-id: https://svn.apache.org/repos/asf/ant/core/branches/ANT_16_BRANCH@277742 13f79535-47bb-0310-9956-ffa450edef68 ";"1";"-1"
"DependSet.java";"org.apache.tools.ant.taskdefs";"NO";"NO";"NO";"NO";"NO";"NO";"YES";"NO";"NO";"NO";"NO";"YES";"NO";"81b8fac0bd2bbf2f9bbfac779632ffa3e0e6291f";"Removed CVS keyword substitution ANT_16   git-svn-id: https://svn.apache.org/repos/asf/ant/core/branches/ANT_16_BRANCH@277857 13f79535-47bb-0310-9956-ffa450edef68 ";"1";"-1"
"DependSet.java";"org.apache.tools.ant.taskdefs";"NO";"NO";"NO";"NO";"NO";"NO";"YES";"NO";"NO";"NO";"NO";"YES";"NO";"72a45dfd10ada955b6a5233a2793707fc4ae350b";"Sync with HEAD   git-svn-id: https://svn.apache.org/repos/asf/ant/core/branches/ANT_16_BRANCH@277517 13f79535-47bb-0310-9956-ffa450edef68 ";"1";"-1"
"ExecuteOn.java";"org.apache.tools.ant.taskdefs";"NO";"NO";"NO";"NO";"NO";"NO";"YES";"NO";"NO";"NO";"NO";"NO";"NO";"36697c699f8856778fa98d534ebeaf7a95fd0a8a";"Merge apply changes from HEAD.   git-svn-id: https://svn.apache.org/repos/asf/ant/core/branches/ANT_16_BRANCH@277490 13f79535-47bb-0310-9956-ffa450edef68 ";"1";"-1"
"SelectorUtils.java";"org.apache.tools.ant.types.selectors";"NO";"NO";"NO";"NO";"NO";"NO";"YES";"NO";"NO";"NO";"NO";"NO";"NO";"";"";"0";"0"
"Jikes.java";"org.apache.tools.ant.taskdefs.compilers";"NO";"NO";"NO";"NO";"NO";"NO";"YES";"NO";"NO";"NO";"NO";"NO";"NO";"ef68629747de5607d1b97dcfdb4600baddc6dac6";"merge   git-svn-id: https://svn.apache.org/repos/asf/ant/core/branches/ANT_16_BRANCH@278008 13f79535-47bb-0310-9956-ffa450edef68 ";"1";"-1"
"Jikes.java";"org.apache.tools.ant.taskdefs.compilers";"NO";"NO";"NO";"NO";"NO";"NO";"YES";"NO";"NO";"NO";"NO";"NO";"NO";"68c8b795a88532ec22d1a3e8849799c41fd72121";"merge   git-svn-id: https://svn.apache.org/repos/asf/ant/core/branches/ANT_16_BRANCH@277597 13f79535-47bb-0310-9956-ffa450edef68 ";"1";"-1"
"Jikes.java";"org.apache.tools.ant.taskdefs.compilers";"NO";"NO";"NO";"NO";"NO";"NO";"YES";"NO";"NO";"NO";"NO";"NO";"NO";"37f9c48ddbebca3e4ace083211eb28bc8f708651";"jikes supports -bootclasspath   git-svn-id: https://svn.apache.org/repos/asf/ant/core/branches/ANT_16_BRANCH@277333 13f79535-47bb-0310-9956-ffa450edef68 ";"1";"-1"
"Jikes.java";"org.apache.tools.ant.taskdefs.compilers";"NO";"NO";"NO";"NO";"NO";"NO";"YES";"NO";"NO";"NO";"NO";"NO";"NO";"6517a451c1507931e0c995d74a1ea926874c051f";"merge   git-svn-id: https://svn.apache.org/repos/asf/ant/core/branches/ANT_16_BRANCH@277151 13f79535-47bb-0310-9956-ffa450edef68 ";"1";"-1"
"Jikes.java";"org.apache.tools.ant.taskdefs.compilers";"NO";"NO";"NO";"NO";"NO";"NO";"YES";"NO";"NO";"NO";"NO";"NO";"NO";"03130d44e53551dc0df5a266eddc8a66e6d2ba4b";"merge   git-svn-id: https://svn.apache.org/repos/asf/ant/core/branches/ANT_16_BRANCH@277141 13f79535-47bb-0310-9956-ffa450edef68 ";"1";"-1"
"EmailTask.java";"org.apache.tools.ant.taskdefs.email";"NO";"NO";"NO";"NO";"NO";"NO";"YES";"NO";"NO";"NO";"NO";"YES";"NO";"";"";"0";"0"
"ReplaceRegExp.java";"org.apache.tools.ant.taskdefs.optional";"NO";"NO";"NO";"NO";"NO";"NO";"YES";"NO";"NO";"NO";"NO";"NO";"NO";"";"";"0";"0"
"Redirector.java";"org.apache.tools.ant.taskdefs";"NO";"NO";"NO";"NO";"NO";"NO";"YES";"NO";"NO";"NO";"NO";"YES";"NO";"8aa391adde3ff2d7dbd35d26d79099721a84e39c";"Merging <java fork=""true""> console input fix to Ant 1.6.3. PR: 24918   git-svn-id: https://svn.apache.org/repos/asf/ant/core/branches/ANT_16_BRANCH@277997 13f79535-47bb-0310-9956-ffa450edef68 ";"1";"-1"
"Redirector.java";"org.apache.tools.ant.taskdefs";"NO";"NO";"NO";"NO";"NO";"NO";"YES";"NO";"NO";"NO";"NO";"YES";"NO";"6b0577983cd70dba49d83e9673e2356c3073a93e";"Merge Kaffe related changes from HEAD   git-svn-id: https://svn.apache.org/repos/asf/ant/core/branches/ANT_16_BRANCH@277593 13f79535-47bb-0310-9956-ffa450edef68 ";"1";"-1"
"Redirector.java";"org.apache.tools.ant.taskdefs";"NO";"NO";"NO";"NO";"NO";"NO";"YES";"NO";"NO";"NO";"NO";"YES";"NO";"e43b4b7465d36ceef162bbb49232757e1e56d798";"sync   git-svn-id: https://svn.apache.org/repos/asf/ant/core/branches/ANT_16_BRANCH@277302 13f79535-47bb-0310-9956-ffa450edef68 ";"1";"-1"
"Redirector.java";"org.apache.tools.ant.taskdefs";"NO";"NO";"NO";"NO";"NO";"NO";"YES";"NO";"NO";"NO";"NO";"YES";"NO";"4d691ebc7fb85d514c679763d85b18da62fe03d6";"sync   git-svn-id: https://svn.apache.org/repos/asf/ant/core/branches/ANT_16_BRANCH@277290 13f79535-47bb-0310-9956-ffa450edef68 ";"1";"-1"
"Redirector.java";"org.apache.tools.ant.taskdefs";"NO";"NO";"NO";"NO";"NO";"NO";"YES";"NO";"NO";"NO";"NO";"YES";"NO";"85006da4e022081495313aa4e06a995b9b9b92cf";"Merge   git-svn-id: https://svn.apache.org/repos/asf/ant/core/branches/ANT_16_BRANCH@276890 13f79535-47bb-0310-9956-ffa450edef68 ";"1";"-1"
"JonasDeploymentTool.java";"org.apache.tools.ant.taskdefs.optional.ejb";"NO";"NO";"NO";"NO";"NO";"NO";"YES";"NO";"NO";"NO";"YES";"NO";"NO";"953e076699f286a2445bf40860d51f6ea4ed762f";"merge   git-svn-id: https://svn.apache.org/repos/asf/ant/core/branches/ANT_16_BRANCH@277026 13f79535-47bb-0310-9956-ffa450edef68 ";"1";"-1"
"Pvcs.java";"org.apache.tools.ant.taskdefs.optional.pvcs";"NO";"NO";"NO";"NO";"NO";"NO";"YES";"NO";"NO";"NO";"NO";"YES";"NO";"";"";"0";"0"
"Depend.java";"org.apache.tools.ant.taskdefs.optional.depend";"NO";"NO";"NO";"NO";"NO";"NO";"YES";"NO";"NO";"NO";"NO";"YES";"NO";"";"";"0";"0"
"Translate.java";"org.apache.tools.ant.taskdefs.optional.i18n";"NO";"NO";"NO";"NO";"NO";"NO";"YES";"NO";"NO";"NO";"NO";"YES";"NO";"";"";"0";"0"
"Ant.java";"org.apache.tools.ant.taskdefs";"NO";"NO";"NO";"NO";"NO";"NO";"YES";"NO";"NO";"NO";"NO";"YES";"NO";"a19fa90498ce1985cddb7debdaaadbbc3462a532";"Merge Executor mods for 1.6.3 .   git-svn-id: https://svn.apache.org/repos/asf/ant/core/branches/ANT_16_BRANCH@278119 13f79535-47bb-0310-9956-ffa450edef68 ";"1";"-1"
"Ant.java";"org.apache.tools.ant.taskdefs";"NO";"NO";"NO";"NO";"NO";"NO";"YES";"NO";"NO";"NO";"NO";"YES";"NO";"c62b86b104ab3d67f335365cd2046ccd2c25fc96";"sync   git-svn-id: https://svn.apache.org/repos/asf/ant/core/branches/ANT_16_BRANCH@277262 13f79535-47bb-0310-9956-ffa450edef68 ";"1";"-1"
"Ant.java";"org.apache.tools.ant.taskdefs";"NO";"NO";"NO";"NO";"NO";"NO";"YES";"NO";"NO";"NO";"NO";"YES";"NO";"2fb1ae93f83e61d3c35fb85ecb13904d4f5ac121";"Merge Executor stuff and nested target elements for ant & antcall   git-svn-id: https://svn.apache.org/repos/asf/ant/core/branches/ANT_16_BRANCH@277202 13f79535-47bb-0310-9956-ffa450edef68 ";"1";"-1"
"Ant.java";"org.apache.tools.ant.taskdefs";"NO";"NO";"NO";"NO";"NO";"NO";"YES";"NO";"NO";"NO";"NO";"YES";"NO";"953e076699f286a2445bf40860d51f6ea4ed762f";"merge   git-svn-id: https://svn.apache.org/repos/asf/ant/core/branches/ANT_16_BRANCH@277026 13f79535-47bb-0310-9956-ffa450edef68 ";"1";"-1"
"AbstractCvsTask.java";"org.apache.tools.ant.taskdefs";"NO";"NO";"NO";"NO";"NO";"NO";"YES";"NO";"NO";"NO";"NO";"NO";"NO";"649d9d84052e72da096bf7576c30271f2f5ddb50";"Merge from HEAD PR: 30097 Submitted by: Will Wang   git-svn-id: https://svn.apache.org/repos/asf/ant/core/branches/ANT_16_BRANCH@276706 13f79535-47bb-0310-9956-ffa450edef68 ";"1";"-1"
"Parallel.java";"org.apache.tools.ant.taskdefs";"NO";"NO";"NO";"NO";"NO";"NO";"YES";"NO";"NO";"NO";"NO";"YES";"NO";"9e4b284d3cca097b21a013b472e8e4769bc4c895";"Sync   git-svn-id: https://svn.apache.org/repos/asf/ant/core/branches/ANT_16_BRANCH@277175 13f79535-47bb-0310-9956-ffa450edef68 ";"1";"-1"
"DefaultCompilerAdapter.java";"org.apache.tools.ant.taskdefs.compilers";"NO";"NO";"NO";"NO";"NO";"NO";"YES";"NO";"NO";"NO";"NO";"NO";"NO";"1f254af63d8c4d26f4d0055eb53a7e1b15d61531";"merge   git-svn-id: https://svn.apache.org/repos/asf/ant/core/branches/ANT_16_BRANCH@278037 13f79535-47bb-0310-9956-ffa450edef68 ";"1";"-1"
"DefaultCompilerAdapter.java";"org.apache.tools.ant.taskdefs.compilers";"NO";"NO";"NO";"NO";"NO";"NO";"YES";"NO";"NO";"NO";"NO";"NO";"NO";"ca2a556aca824d6edf46f16a266df78bd534fe32";"Merge JDK 1.5 special handling and Symantec fix from HEAD   git-svn-id: https://svn.apache.org/repos/asf/ant/core/branches/ANT_16_BRANCH@277728 13f79535-47bb-0310-9956-ffa450edef68 ";"1";"-1"
"DefaultCompilerAdapter.java";"org.apache.tools.ant.taskdefs.compilers";"NO";"NO";"NO";"NO";"NO";"NO";"YES";"NO";"NO";"NO";"NO";"NO";"NO";"b96005b0346d8755703ce3d0904c5c97afef556e";"20054   git-svn-id: https://svn.apache.org/repos/asf/ant/core/branches/ANT_16_BRANCH@277550 13f79535-47bb-0310-9956-ffa450edef68 ";"1";"-1"
"DefaultCompilerAdapter.java";"org.apache.tools.ant.taskdefs.compilers";"NO";"NO";"NO";"NO";"NO";"NO";"YES";"NO";"NO";"NO";"NO";"NO";"NO";"93988534101bc049edf372d99f1be7758a98bdce";"Merge basic switch to java.io.tmpdir via FileUtils.createTempFile(...)   git-svn-id: https://svn.apache.org/repos/asf/ant/core/branches/ANT_16_BRANCH@277493 13f79535-47bb-0310-9956-ffa450edef68 ";"1";"-1"
"DefaultCompilerAdapter.java";"org.apache.tools.ant.taskdefs.compilers";"NO";"NO";"NO";"NO";"NO";"NO";"YES";"NO";"NO";"NO";"NO";"NO";"NO";"da3590e17b70923b532591c459295584232a579e";"merge   git-svn-id: https://svn.apache.org/repos/asf/ant/core/branches/ANT_16_BRANCH@276978 13f79535-47bb-0310-9956-ffa450edef68 ";"1";"-1"
"Symlink.java";"org.apache.tools.ant.taskdefs.optional.unix";"NO";"NO";"NO";"NO";"NO";"NO";"YES";"NO";"NO";"NO";"NO";"YES";"NO";"81b8fac0bd2bbf2f9bbfac779632ffa3e0e6291f";"Removed CVS keyword substitution ANT_16   git-svn-id: https://svn.apache.org/repos/asf/ant/core/branches/ANT_16_BRANCH@277857 13f79535-47bb-0310-9956-ffa450edef68 ";"1";"-1"
"Symlink.java";"org.apache.tools.ant.taskdefs.optional.unix";"NO";"NO";"NO";"NO";"NO";"NO";"YES";"NO";"NO";"NO";"NO";"YES";"NO";"80cf03763767c527df6c6779e5b3e6b1b7cfe24a";"Merge   git-svn-id: https://svn.apache.org/repos/asf/ant/core/branches/ANT_16_BRANCH@277549 13f79535-47bb-0310-9956-ffa450edef68 ";"1";"-1"
"Symlink.java";"org.apache.tools.ant.taskdefs.optional.unix";"NO";"NO";"NO";"NO";"NO";"NO";"YES";"NO";"NO";"NO";"NO";"YES";"NO";"3b3bcbf0baac1d0df37c4c4466c2923e5515c973";"Merge   git-svn-id: https://svn.apache.org/repos/asf/ant/core/branches/ANT_16_BRANCH@277530 13f79535-47bb-0310-9956-ffa450edef68 ";"1";"-1"
"VAJUtil.java";"org.apache.tools.ant.taskdefs.optional.ide";"NO";"NO";"NO";"NO";"NO";"NO";"NO";"YES";"NO";"NO";"NO";"NO";"NO";"";"";"0";"0"
"VAJLocalUtil.java";"org.apache.tools.ant.taskdefs.optional.ide";"NO";"NO";"NO";"NO";"NO";"NO";"NO";"YES";"NO";"NO";"NO";"NO";"NO";"";"";"0";"0"
"VAJRemoteUtil.java";"org.apache.tools.ant.taskdefs.optional.ide";"NO";"NO";"NO";"NO";"NO";"NO";"NO";"YES";"NO";"NO";"NO";"NO";"NO";"f79609eea445d7a047809e345b25bb954d978968";"merge   git-svn-id: https://svn.apache.org/repos/asf/ant/core/branches/ANT_16_BRANCH@277935 13f79535-47bb-0310-9956-ffa450edef68 ";"1";"-1"
"Extension.java";"org.apache.tools.ant.taskdefs.optional.extension";"NO";"NO";"NO";"NO";"NO";"NO";"NO";"YES";"NO";"NO";"NO";"NO";"NO";"81b8fac0bd2bbf2f9bbfac779632ffa3e0e6291f";"Removed CVS keyword substitution ANT_16   git-svn-id: https://svn.apache.org/repos/asf/ant/core/branches/ANT_16_BRANCH@277857 13f79535-47bb-0310-9956-ffa450edef68 ";"1";"-1"
"Extension.java";"org.apache.tools.ant.taskdefs.optional.extension";"NO";"NO";"NO";"NO";"NO";"NO";"NO";"YES";"NO";"NO";"NO";"NO";"NO";"953e076699f286a2445bf40860d51f6ea4ed762f";"merge   git-svn-id: https://svn.apache.org/repos/asf/ant/core/branches/ANT_16_BRANCH@277026 13f79535-47bb-0310-9956-ffa450edef68 ";"1";"-1"
"Extension.java";"org.apache.tools.ant.taskdefs.optional.extension";"NO";"NO";"NO";"NO";"NO";"NO";"NO";"YES";"NO";"NO";"NO";"NO";"NO";"4808fb8921d6172c174fe68a9827dd5228d40406";"merge   git-svn-id: https://svn.apache.org/repos/asf/ant/core/branches/ANT_16_BRANCH@277002 13f79535-47bb-0310-9956-ffa450edef68 ";"1";"-1"
"Expand.java";"org.apache.tools.ant.taskdefs";"NO";"NO";"NO";"NO";"NO";"NO";"NO";"YES";"NO";"NO";"NO";"NO";"NO";"";"";"0";"0"
"AntStarTeamCheckOut.java";"org.apache.tools.ant.taskdefs.optional.scm";"NO";"NO";"NO";"NO";"NO";"NO";"NO";"YES";"NO";"NO";"NO";"NO";"NO";"";"";"0";"0"
"MailLogger.java";"org.apache.tools.ant.listener";"NO";"NO";"NO";"NO";"NO";"NO";"NO";"YES";"NO";"NO";"NO";"NO";"NO";"";"";"0";"0"
"Specification.java";"org.apache.tools.ant.taskdefs.optional.extension";"NO";"NO";"NO";"NO";"NO";"NO";"NO";"YES";"NO";"NO";"NO";"NO";"NO";"81b8fac0bd2bbf2f9bbfac779632ffa3e0e6291f";"Removed CVS keyword substitution ANT_16   git-svn-id: https://svn.apache.org/repos/asf/ant/core/branches/ANT_16_BRANCH@277857 13f79535-47bb-0310-9956-ffa450edef68 ";"1";"-1"
"Specification.java";"org.apache.tools.ant.taskdefs.optional.extension";"NO";"NO";"NO";"NO";"NO";"NO";"NO";"YES";"NO";"NO";"NO";"NO";"NO";"91606d546ed7b558c9b61121cf29e68ae018a7f9";"merge   git-svn-id: https://svn.apache.org/repos/asf/ant/core/branches/ANT_16_BRANCH@277035 13f79535-47bb-0310-9956-ffa450edef68 ";"1";"-1"
"Specification.java";"org.apache.tools.ant.taskdefs.optional.extension";"NO";"NO";"NO";"NO";"NO";"NO";"NO";"YES";"NO";"NO";"NO";"NO";"NO";"953e076699f286a2445bf40860d51f6ea4ed762f";"merge   git-svn-id: https://svn.apache.org/repos/asf/ant/core/branches/ANT_16_BRANCH@277026 13f79535-47bb-0310-9956-ffa450edef68 ";"1";"-1"
"CovBase.java";"org.apache.tools.ant.taskdefs.optional.sitraka";"NO";"NO";"NO";"NO";"NO";"NO";"NO";"NO";"YES";"NO";"NO";"NO";"NO";"";"";"0";"0"
"Available.java";"org.apache.tools.ant.taskdefs";"NO";"NO";"NO";"NO";"NO";"NO";"NO";"NO";"YES";"NO";"NO";"NO";"NO";"91796461b30d5744bbc0a78711663961a3d8ac68";"<available> returned false positives when checking a file passed in with the current basedir leading twice: e.g. ${basedir}${file.separator}${basedir}${file.separator}foo .   git-svn-id: https://svn.apache.org/repos/asf/ant/core/branches/ANT_16_BRANCH@277489 13f79535-47bb-0310-9956-ffa450edef68 ";"1";"-1"
"DefBase.java";"org.apache.tools.ant.taskdefs";"NO";"NO";"NO";"NO";"NO";"NO";"NO";"NO";"NO";"YES";"NO";"NO";"NO";"6fdc28bec39d39bce89a226826348d8f3d2ccab8";"Sync with head ... forgot this for 1.6.2   git-svn-id: https://svn.apache.org/repos/asf/ant/core/branches/ANT_16_BRANCH@276795 13f79535-47bb-0310-9956-ffa450edef68 ";"1";"-1"
"MatchingTask.java";"org.apache.tools.ant.taskdefs";"NO";"NO";"NO";"NO";"NO";"NO";"NO";"NO";"NO";"YES";"NO";"NO";"NO";"";"";"0";"0"
"MacroDef.java";"org.apache.tools.ant.taskdefs";"NO";"NO";"NO";"NO";"NO";"NO";"NO";"NO";"NO";"NO";"YES";"NO";"NO";"8fdefc53240cfa08eba7e5dff58108e46e256d7f";"2005   git-svn-id: https://svn.apache.org/repos/asf/ant/core/branches/ANT_16_BRANCH@277981 13f79535-47bb-0310-9956-ffa450edef68 ";"1";"-1"
"MacroDef.java";"org.apache.tools.ant.taskdefs";"NO";"NO";"NO";"NO";"NO";"NO";"NO";"NO";"NO";"NO";"YES";"NO";"NO";"c09566457d656e9fc9d2f98974179726b3134110";"sync- bugzilla 31215   git-svn-id: https://svn.apache.org/repos/asf/ant/core/branches/ANT_16_BRANCH@277969 13f79535-47bb-0310-9956-ffa450edef68 ";"1";"-1"
"AntlibDefinition.java";"org.apache.tools.ant.taskdefs";"NO";"NO";"NO";"NO";"NO";"NO";"NO";"NO";"NO";"NO";"YES";"NO";"NO";"";"";"0";"0"
"Ilasm.java";"org.apache.tools.ant.taskdefs.optional.dotnet";"NO";"NO";"NO";"NO";"NO";"NO";"NO";"NO";"NO";"NO";"YES";"NO";"NO";"";"";"0";"0"
"DotnetBaseMatchingTask.java";"org.apache.tools.ant.taskdefs.optional.dotnet";"NO";"NO";"NO";"NO";"NO";"NO";"NO";"NO";"NO";"NO";"YES";"NO";"NO";"";"";"0";"0"
"DotnetCompile.java";"org.apache.tools.ant.taskdefs.optional.dotnet";"NO";"NO";"NO";"NO";"NO";"NO";"NO";"NO";"NO";"NO";"YES";"NO";"NO";"4585f6a29ec2097d41da8db8140dd48aba2ba65e";"merge   git-svn-id: https://svn.apache.org/repos/asf/ant/core/branches/ANT_16_BRANCH@277940 13f79535-47bb-0310-9956-ffa450edef68 ";"1";"-1"
"GenericDeploymentTool.java";"org.apache.tools.ant.taskdefs.optional.ejb";"NO";"NO";"NO";"NO";"NO";"NO";"NO";"NO";"NO";"NO";"YES";"NO";"NO";"";"";"0";"0"
"IPlanetDeploymentTool.java";"org.apache.tools.ant.taskdefs.optional.ejb";"NO";"NO";"NO";"NO";"NO";"NO";"NO";"NO";"NO";"NO";"YES";"NO";"NO";"";"";"0";"0"
"ZipFileSet.java";"org.apache.tools.ant.types";"NO";"NO";"NO";"NO";"NO";"NO";"NO";"NO";"NO";"NO";"YES";"NO";"NO";"";"";"0";"0"
"FileSet.java";"org.apache.tools.ant.types";"NO";"NO";"NO";"NO";"NO";"NO";"NO";"NO";"NO";"NO";"YES";"NO";"NO";"";"";"0";"0"
"DirectoryScanner.java";"org.apache.tools.ant";"NO";"NO";"NO";"NO";"NO";"NO";"NO";"NO";"NO";"NO";"NO";"YES";"NO";"d630ecca7f6b6d011788e0356a069c0beec5052b";"Merge DirectoryScanner improvements; disable ClasspathUtilsTest if tests.and.ant.share.classloader PR: 33118   git-svn-id: https://svn.apache.org/repos/asf/ant/core/branches/ANT_16_BRANCH@277911 13f79535-47bb-0310-9956-ffa450edef68 ";"1";"-1"
"DirectoryScanner.java";"org.apache.tools.ant";"NO";"NO";"NO";"NO";"NO";"NO";"NO";"NO";"NO";"NO";"NO";"YES";"NO";"1bc26d275765e3fffda95ed95abdb5e3c6a1397e";"Year!   git-svn-id: https://svn.apache.org/repos/asf/ant/core/branches/ANT_16_BRANCH@277524 13f79535-47bb-0310-9956-ffa450edef68 ";"2";"-1"
"DirectoryScanner.java";"org.apache.tools.ant";"NO";"NO";"NO";"NO";"NO";"NO";"NO";"NO";"NO";"NO";"NO";"YES";"NO";"a18b58263ba1f8d818a244fb6cc0708ade99768c";"Add size to Resource; also add DS changes that will allow <apply> merges to work.   git-svn-id: https://svn.apache.org/repos/asf/ant/core/branches/ANT_16_BRANCH@277523 13f79535-47bb-0310-9956-ffa450edef68 ";"1";"-1"
"Checksum.java";"org.apache.tools.ant.taskdefs";"NO";"NO";"NO";"NO";"NO";"NO";"NO";"NO";"NO";"NO";"NO";"YES";"NO";"";"";"0";"0"
"Tar.java";"org.apache.tools.ant.taskdefs";"NO";"NO";"NO";"NO";"NO";"NO";"NO";"NO";"NO";"NO";"NO";"YES";"NO";"";"";"0";"0"
"PathConvert.java";"org.apache.tools.ant.taskdefs";"NO";"NO";"NO";"NO";"NO";"NO";"NO";"NO";"NO";"NO";"NO";"YES";"NO";"7d68603aa3d86789daea9297ab03c30392b52c89";"Merge pathconvert doesn't require targetos|dirsep|pathsep.   git-svn-id: https://svn.apache.org/repos/asf/ant/core/branches/ANT_16_BRANCH@277716 13f79535-47bb-0310-9956-ffa450edef68 ";"1";"-1"
"PathConvert.java";"org.apache.tools.ant.taskdefs";"NO";"NO";"NO";"NO";"NO";"NO";"NO";"NO";"NO";"NO";"NO";"YES";"NO";"bbabf906078b75f060e9dca362af20698a25b68d";"sync to head to get the nested mapper type   git-svn-id: https://svn.apache.org/repos/asf/ant/core/branches/ANT_16_BRANCH@277608 13f79535-47bb-0310-9956-ffa450edef68 ";"1";"-1"
"Delete.java";"org.apache.tools.ant.taskdefs";"NO";"NO";"NO";"NO";"NO";"NO";"NO";"NO";"NO";"NO";"NO";"YES";"NO";"b96005b0346d8755703ce3d0904c5c97afef556e";"20054   git-svn-id: https://svn.apache.org/repos/asf/ant/core/branches/ANT_16_BRANCH@277550 13f79535-47bb-0310-9956-ffa450edef68 ";"1";"-1"
"Delete.java";"org.apache.tools.ant.taskdefs";"NO";"NO";"NO";"NO";"NO";"NO";"NO";"NO";"NO";"NO";"NO";"YES";"NO";"cc2cc2c4f7b8261a8c2d95eea712fc62dab99632";"sync with HEAD   git-svn-id: https://svn.apache.org/repos/asf/ant/core/branches/ANT_16_BRANCH@277480 13f79535-47bb-0310-9956-ffa450edef68 ";"1";"-1"
"SQLExec.java";"org.apache.tools.ant.taskdefs";"NO";"NO";"NO";"NO";"NO";"NO";"NO";"NO";"NO";"NO";"NO";"YES";"NO";"a8836c940aeaa211f2abbc68064adf89d15ad753";"merge fix for 27162   git-svn-id: https://svn.apache.org/repos/asf/ant/core/branches/ANT_16_BRANCH@278129 13f79535-47bb-0310-9956-ffa450edef68 ";"1";"-1"
"Java.java";"org.apache.tools.ant.taskdefs";"NO";"NO";"NO";"NO";"NO";"NO";"NO";"NO";"NO";"NO";"NO";"YES";"NO";"92ac5a7da204431b87dca289b0731e9a9c2b71f2";"merge   git-svn-id: https://svn.apache.org/repos/asf/ant/core/branches/ANT_16_BRANCH@278140 13f79535-47bb-0310-9956-ffa450edef68 ";"1";"-1"
"Java.java";"org.apache.tools.ant.taskdefs";"NO";"NO";"NO";"NO";"NO";"NO";"NO";"NO";"NO";"NO";"NO";"YES";"NO";"5762183a2bc42f8d943eaed166449b56173cf083";"Merging changes from v1.95 PR: 27154   git-svn-id: https://svn.apache.org/repos/asf/ant/core/branches/ANT_16_BRANCH@278018 13f79535-47bb-0310-9956-ffa450edef68 ";"1";"-1"
"Java.java";"org.apache.tools.ant.taskdefs";"NO";"NO";"NO";"NO";"NO";"NO";"NO";"NO";"NO";"NO";"NO";"YES";"NO";"8aa391adde3ff2d7dbd35d26d79099721a84e39c";"Merging <java fork=""true""> console input fix to Ant 1.6.3. PR: 24918   git-svn-id: https://svn.apache.org/repos/asf/ant/core/branches/ANT_16_BRANCH@277997 13f79535-47bb-0310-9956-ffa450edef68 ";"1";"-1"
"Concat.java";"org.apache.tools.ant.taskdefs";"NO";"NO";"NO";"NO";"NO";"NO";"NO";"NO";"NO";"NO";"NO";"YES";"NO";"c94263445148db0a315fa11315298ba443ec34df";"sync   git-svn-id: https://svn.apache.org/repos/asf/ant/core/branches/ANT_16_BRANCH@276954 13f79535-47bb-0310-9956-ffa450edef68 ";"1";"-1"
"LoadProperties.java";"org.apache.tools.ant.taskdefs";"NO";"NO";"NO";"NO";"NO";"NO";"NO";"NO";"NO";"NO";"NO";"YES";"NO";"055da24861d8c3ffa9b57e2ef2d38cbb933ccf20";"checkstyle   git-svn-id: https://svn.apache.org/repos/asf/ant/core/branches/ANT_16_BRANCH@277125 13f79535-47bb-0310-9956-ffa450edef68 ";"1";"-1"
"MimeMailer.java";"org.apache.tools.ant.taskdefs.email";"NO";"NO";"NO";"NO";"NO";"NO";"NO";"NO";"NO";"NO";"NO";"YES";"NO";"";"";"0";"0"
"Cab.java";"org.apache.tools.ant.taskdefs.optional";"NO";"NO";"NO";"NO";"NO";"NO";"NO";"NO";"NO";"NO";"NO";"YES";"NO";"6bed3b8b70d83636d4a055e233ce4d0b8f9062d2";"merge   git-svn-id: https://svn.apache.org/repos/asf/ant/core/branches/ANT_16_BRANCH@277931 13f79535-47bb-0310-9956-ffa450edef68 ";"1";"-1"
"EchoProperties.java";"org.apache.tools.ant.taskdefs.optional";"NO";"NO";"NO";"NO";"NO";"NO";"NO";"NO";"NO";"NO";"NO";"YES";"NO";"";"";"0";"0"
"SplashTask.java";"org.apache.tools.ant.taskdefs.optional.splash";"NO";"NO";"NO";"NO";"NO";"NO";"NO";"NO";"NO";"NO";"NO";"YES";"NO";"";"";"0";"0"
"SSHExec.java";"org.apache.tools.ant.taskdefs.optional.ssh";"NO";"NO";"NO";"NO";"NO";"NO";"NO";"NO";"NO";"NO";"NO";"YES";"NO";"ec2799f29dd6aae4ca4364c54cd3596416b34dec";"merge   git-svn-id: https://svn.apache.org/repos/asf/ant/core/branches/ANT_16_BRANCH@277915 13f79535-47bb-0310-9956-ffa450edef68 ";"1";"-1"
"SSHExec.java";"org.apache.tools.ant.taskdefs.optional.ssh";"NO";"NO";"NO";"NO";"NO";"NO";"NO";"NO";"NO";"NO";"NO";"YES";"NO";"81b8fac0bd2bbf2f9bbfac779632ffa3e0e6291f";"Removed CVS keyword substitution ANT_16   git-svn-id: https://svn.apache.org/repos/asf/ant/core/branches/ANT_16_BRANCH@277857 13f79535-47bb-0310-9956-ffa450edef68 ";"1";"-1"
"SSHExec.java";"org.apache.tools.ant.taskdefs.optional.ssh";"NO";"NO";"NO";"NO";"NO";"NO";"NO";"NO";"NO";"NO";"NO";"YES";"NO";"1743f0429dadcde893e6600e6c1873201bc03371";"checkstyle   git-svn-id: https://svn.apache.org/repos/asf/ant/core/branches/ANT_16_BRANCH@277101 13f79535-47bb-0310-9956-ffa450edef68 ";"1";"-1"
"ModifiedSelector.java";"org.apache.tools.ant.types.selectors.modifiedselector";"NO";"NO";"NO";"NO";"NO";"NO";"NO";"NO";"NO";"NO";"NO";"YES";"NO";"953e076699f286a2445bf40860d51f6ea4ed762f";"merge   git-svn-id: https://svn.apache.org/repos/asf/ant/core/branches/ANT_16_BRANCH@277026 13f79535-47bb-0310-9956-ffa450edef68 ";"1";"-1"
"Definer.java";"org.apache.tools.ant.taskdefs";"NO";"NO";"NO";"NO";"NO";"NO";"NO";"NO";"NO";"NO";"NO";"NO";"YES";"";"";"0";"0"
"DefaultJspCompilerAdapter.java";"org.apache.tools.ant.taskdefs.optional.jsp.compilers";"NO";"NO";"NO";"NO";"NO";"NO";"NO";"NO";"NO";"NO";"NO";"NO";"YES";"";"";"0";"0"
"WeakishReference.java";"org.apache.tools.ant.util";"NO";"NO";"NO";"NO";"NO";"NO";"NO";"NO";"NO";"NO";"NO";"NO";"YES";"";"";"0";"0"
"AntClassLoader.java";"org.apache.tools.ant";"NO";"NO";"NO";"NO";"NO";"NO";"NO";"NO";"NO";"NO";"NO";"NO";"NO";"dd91a794312077ac6ffddecd57b7957e87f885bd";"sync   git-svn-id: https://svn.apache.org/repos/asf/ant/core/branches/ANT_16_BRANCH@277118 13f79535-47bb-0310-9956-ffa450edef68 ";"1";"-1"
"AntClassLoader.java";"org.apache.tools.ant";"NO";"NO";"NO";"NO";"NO";"NO";"NO";"NO";"NO";"NO";"NO";"NO";"NO";"aa6f49cddb8c36260d673bebf236783fbeab22a2";"Merge from HEAD solve problem : Impossible to use implicit classpath for <taskdef> when Ant core loader != Java application loader and Path.systemClassPath taken from ${java.class.path} PR: 30161 Submitted by: Jesse Glick (jglick at netbeans dot org)   git-svn-id: https://svn.apache.org/repos/asf/ant/core/branches/ANT_16_BRANCH@276722 13f79535-47bb-0310-9956-ffa450edef68 ";"2";"-1"
"BuildEvent.java";"org.apache.tools.ant";"NO";"NO";"NO";"NO";"NO";"NO";"NO";"NO";"NO";"NO";"NO";"NO";"NO";"";"";"0";"0"
"BuildException.java";"org.apache.tools.ant";"NO";"NO";"NO";"NO";"NO";"NO";"NO";"NO";"NO";"NO";"NO";"NO";"NO";"";"";"0";"0"
"BuildListener.java";"org.apache.tools.ant";"NO";"NO";"NO";"NO";"NO";"NO";"NO";"NO";"NO";"NO";"NO";"NO";"NO";"";"";"0";"0"
"BuildLogger.java";"org.apache.tools.ant";"NO";"NO";"NO";"NO";"NO";"NO";"NO";"NO";"NO";"NO";"NO";"NO";"NO";"";"";"0";"0"
"DefaultLogger.java";"org.apache.tools.ant";"NO";"NO";"NO";"NO";"NO";"NO";"NO";"NO";"NO";"NO";"NO";"NO";"NO";"";"";"0";"0"
"DesirableFilter.java";"org.apache.tools.ant";"NO";"NO";"NO";"NO";"NO";"NO";"NO";"NO";"NO";"NO";"NO";"NO";"NO";"";"";"0";"0"
"FileScanner.java";"org.apache.tools.ant";"NO";"NO";"NO";"NO";"NO";"NO";"NO";"NO";"NO";"NO";"NO";"NO";"NO";"";"";"0";"0"
"Location.java";"org.apache.tools.ant";"NO";"NO";"NO";"NO";"NO";"NO";"NO";"NO";"NO";"NO";"NO";"NO";"NO";"d935c8418b9415b7b0db8eba7907c0801ad0ebae";"sync   git-svn-id: https://svn.apache.org/repos/asf/ant/core/branches/ANT_16_BRANCH@277973 13f79535-47bb-0310-9956-ffa450edef68 ";"1";"-1"
"Location.java";"org.apache.tools.ant";"NO";"NO";"NO";"NO";"NO";"NO";"NO";"NO";"NO";"NO";"NO";"NO";"NO";"0798322b836e0f1a211bed42ccf1a805b487f1d2";"sync   git-svn-id: https://svn.apache.org/repos/asf/ant/core/branches/ANT_16_BRANCH@277967 13f79535-47bb-0310-9956-ffa450edef68 ";"1";"-1"
"Location.java";"org.apache.tools.ant";"NO";"NO";"NO";"NO";"NO";"NO";"NO";"NO";"NO";"NO";"NO";"NO";"NO";"528b285037cc0c6798f3c79265831f2b9eccdd27";"Merge from HEAD Javadoc fixes for RuntimeConfigurable, Project, Location PR: 30160 Submitted by: Jesse Glick (jglick at netbeans dot org)   git-svn-id: https://svn.apache.org/repos/asf/ant/core/branches/ANT_16_BRANCH@276710 13f79535-47bb-0310-9956-ffa450edef68 ";"1";"-1"
"Map.java";"org.apache.tools.ant";"NO";"NO";"NO";"NO";"NO";"NO";"NO";"NO";"NO";"NO";"NO";"NO";"NO";"";"";"0";"0"
"PathTokenizer.java";"org.apache.tools.ant";"NO";"NO";"NO";"NO";"NO";"NO";"NO";"NO";"NO";"NO";"NO";"NO";"NO";"";"";"0";"0"
"ProjectHelper.java";"org.apache.tools.ant";"NO";"NO";"NO";"NO";"NO";"NO";"NO";"NO";"NO";"NO";"NO";"NO";"NO";"";"";"0";"0"
"RuntimeConfigurable.java";"org.apache.tools.ant";"NO";"NO";"NO";"NO";"NO";"NO";"NO";"NO";"NO";"NO";"NO";"NO";"NO";"528b285037cc0c6798f3c79265831f2b9eccdd27";"Merge from HEAD Javadoc fixes for RuntimeConfigurable, Project, Location PR: 30160 Submitted by: Jesse Glick (jglick at netbeans dot org)   git-svn-id: https://svn.apache.org/repos/asf/ant/core/branches/ANT_16_BRANCH@276710 13f79535-47bb-0310-9956-ffa450edef68 ";"1";"-1"
"TaskAdapter.java";"org.apache.tools.ant";"NO";"NO";"NO";"NO";"NO";"NO";"NO";"NO";"NO";"NO";"NO";"NO";"NO";"";"";"0";"0"
"CallTarget.java";"org.apache.tools.ant.taskdefs";"NO";"NO";"NO";"NO";"NO";"NO";"NO";"NO";"NO";"NO";"NO";"NO";"NO";"2fb1ae93f83e61d3c35fb85ecb13904d4f5ac121";"Merge Executor stuff and nested target elements for ant & antcall   git-svn-id: https://svn.apache.org/repos/asf/ant/core/branches/ANT_16_BRANCH@277202 13f79535-47bb-0310-9956-ffa450edef68 ";"1";"-1"
"Chmod.java";"org.apache.tools.ant.taskdefs";"NO";"NO";"NO";"NO";"NO";"NO";"NO";"NO";"NO";"NO";"NO";"NO";"NO";"";"";"0";"0"
"CompileTask.java";"org.apache.tools.ant.taskdefs";"NO";"NO";"NO";"NO";"NO";"NO";"NO";"NO";"NO";"NO";"NO";"NO";"NO";"";"";"0";"0"
"Copy.java";"org.apache.tools.ant.taskdefs";"NO";"NO";"NO";"NO";"NO";"NO";"NO";"NO";"NO";"NO";"NO";"NO";"NO";"81b8fac0bd2bbf2f9bbfac779632ffa3e0e6291f";"Removed CVS keyword substitution ANT_16   git-svn-id: https://svn.apache.org/repos/asf/ant/core/branches/ANT_16_BRANCH@277857 13f79535-47bb-0310-9956-ffa450edef68 ";"1";"-1"
"Copy.java";"org.apache.tools.ant.taskdefs";"NO";"NO";"NO";"NO";"NO";"NO";"NO";"NO";"NO";"NO";"NO";"NO";"NO";"7ef945f8080923e4ec4313bff2321622fbe4b6e8";"sync: copy's filenamemapper type support   git-svn-id: https://svn.apache.org/repos/asf/ant/core/branches/ANT_16_BRANCH@277159 13f79535-47bb-0310-9956-ffa450edef68 ";"1";"-1"
"Copy.java";"org.apache.tools.ant.taskdefs";"NO";"NO";"NO";"NO";"NO";"NO";"NO";"NO";"NO";"NO";"NO";"NO";"NO";"a7ec301b87ad08be0ec8933b2cc8c0c1dc7f8751";"Let <move> compile.   git-svn-id: https://svn.apache.org/repos/asf/ant/core/branches/ANT_16_BRANCH@276811 13f79535-47bb-0310-9956-ffa450edef68 ";"1";"-1"
"Copydir.java";"org.apache.tools.ant.taskdefs";"NO";"NO";"NO";"NO";"NO";"NO";"NO";"NO";"NO";"NO";"NO";"NO";"NO";"";"";"0";"0"
"Copyfile.java";"org.apache.tools.ant.taskdefs";"NO";"NO";"NO";"NO";"NO";"NO";"NO";"NO";"NO";"NO";"NO";"NO";"NO";"";"";"0";"0"
"Cvs.java";"org.apache.tools.ant.taskdefs";"NO";"NO";"NO";"NO";"NO";"NO";"NO";"NO";"NO";"NO";"NO";"NO";"NO";"";"";"0";"0"
"Deltree.java";"org.apache.tools.ant.taskdefs";"NO";"NO";"NO";"NO";"NO";"NO";"NO";"NO";"NO";"NO";"NO";"NO";"NO";"";"";"0";"0"
"Echo.java";"org.apache.tools.ant.taskdefs";"NO";"NO";"NO";"NO";"NO";"NO";"NO";"NO";"NO";"NO";"NO";"NO";"NO";"";"";"0";"0"
"Exec.java";"org.apache.tools.ant.taskdefs";"NO";"NO";"NO";"NO";"NO";"NO";"NO";"NO";"NO";"NO";"NO";"NO";"NO";"";"";"0";"0"
"ExecTask.java";"org.apache.tools.ant.taskdefs";"NO";"NO";"NO";"NO";"NO";"NO";"NO";"NO";"NO";"NO";"NO";"NO";"NO";"78b4762f06e923d8cbf70205398b43e6d5b2c6a3";"Sync <exec> from HEAD   git-svn-id: https://svn.apache.org/repos/asf/ant/core/branches/ANT_16_BRANCH@277496 13f79535-47bb-0310-9956-ffa450edef68 ";"1";"-1"
"ExecTask.java";"org.apache.tools.ant.taskdefs";"NO";"NO";"NO";"NO";"NO";"NO";"NO";"NO";"NO";"NO";"NO";"NO";"NO";"a8ee76a47390b7b8b82c8cd42f343e887e316fe0";"sync   git-svn-id: https://svn.apache.org/repos/asf/ant/core/branches/ANT_16_BRANCH@276952 13f79535-47bb-0310-9956-ffa450edef68 ";"1";"-1"
"Execute.java";"org.apache.tools.ant.taskdefs";"NO";"NO";"NO";"NO";"NO";"NO";"NO";"NO";"NO";"NO";"NO";"NO";"NO";"033a0e8e22585ca60eac08f8e528a2faf8521db0";"Stop a forked process if the thread running <java> is stopped. [merge] PR: 31928   git-svn-id: https://svn.apache.org/repos/asf/ant/core/branches/ANT_16_BRANCH@278065 13f79535-47bb-0310-9956-ffa450edef68 ";"1";"-1"
"Execute.java";"org.apache.tools.ant.taskdefs";"NO";"NO";"NO";"NO";"NO";"NO";"NO";"NO";"NO";"NO";"NO";"NO";"NO";"81b8fac0bd2bbf2f9bbfac779632ffa3e0e6291f";"Removed CVS keyword substitution ANT_16   git-svn-id: https://svn.apache.org/repos/asf/ant/core/branches/ANT_16_BRANCH@277857 13f79535-47bb-0310-9956-ffa450edef68 ";"1";"-1"
"ExecuteJava.java";"org.apache.tools.ant.taskdefs";"NO";"NO";"NO";"NO";"NO";"NO";"NO";"NO";"NO";"NO";"NO";"NO";"NO";"51fa20f0c5507b8e9926218856e8b6991aff7233";"Merge of #32941: do not catch ThreadDeath when <java fork=""false""> is halted.   git-svn-id: https://svn.apache.org/repos/asf/ant/core/branches/ANT_16_BRANCH@278076 13f79535-47bb-0310-9956-ffa450edef68 ";"1";"-1"
"ExecuteJava.java";"org.apache.tools.ant.taskdefs";"NO";"NO";"NO";"NO";"NO";"NO";"NO";"NO";"NO";"NO";"NO";"NO";"NO";"6b0577983cd70dba49d83e9673e2356c3073a93e";"Merge Kaffe related changes from HEAD   git-svn-id: https://svn.apache.org/repos/asf/ant/core/branches/ANT_16_BRANCH@277593 13f79535-47bb-0310-9956-ffa450edef68 ";"1";"-1"
"ExecuteStreamHandler.java";"org.apache.tools.ant.taskdefs";"NO";"NO";"NO";"NO";"NO";"NO";"NO";"NO";"NO";"NO";"NO";"NO";"NO";"";"";"0";"0"
"ExecuteWatchdog.java";"org.apache.tools.ant.taskdefs";"NO";"NO";"NO";"NO";"NO";"NO";"NO";"NO";"NO";"NO";"NO";"NO";"NO";"";"";"0";"0"
"Exit.java";"org.apache.tools.ant.taskdefs";"NO";"NO";"NO";"NO";"NO";"NO";"NO";"NO";"NO";"NO";"NO";"NO";"NO";"229f0bf772f4e8500563e5f98af9e5554e936c64";"sync   git-svn-id: https://svn.apache.org/repos/asf/ant/core/branches/ANT_16_BRANCH@277106 13f79535-47bb-0310-9956-ffa450edef68 ";"1";"-1"
"Filter.java";"org.apache.tools.ant.taskdefs";"NO";"NO";"NO";"NO";"NO";"NO";"NO";"NO";"NO";"NO";"NO";"NO";"NO";"";"";"0";"0"
"GUnzip.java";"org.apache.tools.ant.taskdefs";"NO";"NO";"NO";"NO";"NO";"NO";"NO";"NO";"NO";"NO";"NO";"NO";"NO";"";"";"0";"0"
"GZip.java";"org.apache.tools.ant.taskdefs";"NO";"NO";"NO";"NO";"NO";"NO";"NO";"NO";"NO";"NO";"NO";"NO";"NO";"";"";"0";"0"
"Jar.java";"org.apache.tools.ant.taskdefs";"NO";"NO";"NO";"NO";"NO";"NO";"NO";"NO";"NO";"NO";"NO";"NO";"NO";"a5df3979ee3d9c36425d1ce4bf213e99e9520f91";"merge   git-svn-id: https://svn.apache.org/repos/asf/ant/core/branches/ANT_16_BRANCH@277891 13f79535-47bb-0310-9956-ffa450edef68 ";"1";"-1"
"Javac.java";"org.apache.tools.ant.taskdefs";"NO";"NO";"NO";"NO";"NO";"NO";"NO";"NO";"NO";"NO";"NO";"NO";"NO";"81b8fac0bd2bbf2f9bbfac779632ffa3e0e6291f";"Removed CVS keyword substitution ANT_16   git-svn-id: https://svn.apache.org/repos/asf/ant/core/branches/ANT_16_BRANCH@277857 13f79535-47bb-0310-9956-ffa450edef68 ";"1";"-1"
"Javac.java";"org.apache.tools.ant.taskdefs";"NO";"NO";"NO";"NO";"NO";"NO";"NO";"NO";"NO";"NO";"NO";"NO";"NO";"93ea97839941d81f7361f91f2fdc11b645c5f969";"merge   git-svn-id: https://svn.apache.org/repos/asf/ant/core/branches/ANT_16_BRANCH@276968 13f79535-47bb-0310-9956-ffa450edef68 ";"1";"-1"
"Javac.java";"org.apache.tools.ant.taskdefs";"NO";"NO";"NO";"NO";"NO";"NO";"NO";"NO";"NO";"NO";"NO";"NO";"NO";"dafb8ae0ad06cfb24c407ea9298895cebfd88262";"merge   git-svn-id: https://svn.apache.org/repos/asf/ant/core/branches/ANT_16_BRANCH@276962 13f79535-47bb-0310-9956-ffa450edef68 ";"1";"-1"
"JavacOutputStream.java";"org.apache.tools.ant.taskdefs";"NO";"NO";"NO";"NO";"NO";"NO";"NO";"NO";"NO";"NO";"NO";"NO";"NO";"";"";"0";"0"
"Jikes.java";"org.apache.tools.ant.taskdefs";"NO";"NO";"NO";"NO";"NO";"NO";"NO";"NO";"NO";"NO";"NO";"NO";"NO";"";"";"0";"0"
"JikesOutputParser.java";"org.apache.tools.ant.taskdefs";"NO";"NO";"NO";"NO";"NO";"NO";"NO";"NO";"NO";"NO";"NO";"NO";"NO";"";"";"0";"0"
"KeySubst.java";"org.apache.tools.ant.taskdefs";"NO";"NO";"NO";"NO";"NO";"NO";"NO";"NO";"NO";"NO";"NO";"NO";"NO";"";"";"0";"0"
"LogOutputStream.java";"org.apache.tools.ant.taskdefs";"NO";"NO";"NO";"NO";"NO";"NO";"NO";"NO";"NO";"NO";"NO";"NO";"NO";"6b0577983cd70dba49d83e9673e2356c3073a93e";"Merge Kaffe related changes from HEAD   git-svn-id: https://svn.apache.org/repos/asf/ant/core/branches/ANT_16_BRANCH@277593 13f79535-47bb-0310-9956-ffa450edef68 ";"1";"-1"
"LogStreamHandler.java";"org.apache.tools.ant.taskdefs";"NO";"NO";"NO";"NO";"NO";"NO";"NO";"NO";"NO";"NO";"NO";"NO";"NO";"";"";"0";"0"
"Mkdir.java";"org.apache.tools.ant.taskdefs";"NO";"NO";"NO";"NO";"NO";"NO";"NO";"NO";"NO";"NO";"NO";"NO";"NO";"";"";"0";"0"
"Move.java";"org.apache.tools.ant.taskdefs";"NO";"NO";"NO";"NO";"NO";"NO";"NO";"NO";"NO";"NO";"NO";"NO";"NO";"81b8fac0bd2bbf2f9bbfac779632ffa3e0e6291f";"Removed CVS keyword substitution ANT_16   git-svn-id: https://svn.apache.org/repos/asf/ant/core/branches/ANT_16_BRANCH@277857 13f79535-47bb-0310-9956-ffa450edef68 ";"1";"-1"
"Move.java";"org.apache.tools.ant.taskdefs";"NO";"NO";"NO";"NO";"NO";"NO";"NO";"NO";"NO";"NO";"NO";"NO";"NO";"d3ce50993ecffd8dcfdd6c6c9d2f69449b3a0758";"Merge PR: 22863 Obtained from: Submitted by: Reviewed by:   git-svn-id: https://svn.apache.org/repos/asf/ant/core/branches/ANT_16_BRANCH@276807 13f79535-47bb-0310-9956-ffa450edef68 ";"1";"-1"
"DDCreator.java";"org.apache.tools.ant.taskdefs.optional.ejb";"NO";"NO";"NO";"NO";"NO";"NO";"NO";"NO";"NO";"NO";"NO";"NO";"NO";"";"";"0";"0"
"DDCreatorHelper.java";"org.apache.tools.ant.taskdefs.optional.ejb";"NO";"NO";"NO";"NO";"NO";"NO";"NO";"NO";"NO";"NO";"NO";"NO";"NO";"";"";"0";"0"
"DescriptorHandler.java";"org.apache.tools.ant.taskdefs.optional.ejb";"NO";"NO";"NO";"NO";"NO";"NO";"NO";"NO";"NO";"NO";"NO";"NO";"NO";"";"";"0";"0"
"Ejbc.java";"org.apache.tools.ant.taskdefs.optional.ejb";"NO";"NO";"NO";"NO";"NO";"NO";"NO";"NO";"NO";"NO";"NO";"NO";"NO";"";"";"0";"0"
"EjbcHelper.java";"org.apache.tools.ant.taskdefs.optional.ejb";"NO";"NO";"NO";"NO";"NO";"NO";"NO";"NO";"NO";"NO";"NO";"NO";"NO";"";"";"0";"0"
"EJBDeploymentTool.java";"org.apache.tools.ant.taskdefs.optional.ejb";"NO";"NO";"NO";"NO";"NO";"NO";"NO";"NO";"NO";"NO";"NO";"NO";"NO";"";"";"0";"0"
"EjbJar.java";"org.apache.tools.ant.taskdefs.optional.ejb";"NO";"NO";"NO";"NO";"NO";"NO";"NO";"NO";"NO";"NO";"NO";"NO";"NO";"";"";"0";"0"
"InnerClassFilenameFilter.java";"org.apache.tools.ant.taskdefs.optional.ejb";"NO";"NO";"NO";"NO";"NO";"NO";"NO";"NO";"NO";"NO";"NO";"NO";"NO";"";"";"0";"0"
"WeblogicTOPLinkDeploymentTool.java";"org.apache.tools.ant.taskdefs.optional.ejb";"NO";"NO";"NO";"NO";"NO";"NO";"NO";"NO";"NO";"NO";"NO";"NO";"NO";"";"";"0";"0"
"WLRun.java";"org.apache.tools.ant.taskdefs.optional.ejb";"NO";"NO";"NO";"NO";"NO";"NO";"NO";"NO";"NO";"NO";"NO";"NO";"NO";"";"";"0";"0"
"WLStop.java";"org.apache.tools.ant.taskdefs.optional.ejb";"NO";"NO";"NO";"NO";"NO";"NO";"NO";"NO";"NO";"NO";"NO";"NO";"NO";"";"";"0";"0"
"FTP.java";"org.apache.tools.ant.taskdefs.optional";"NO";"NO";"NO";"NO";"NO";"NO";"NO";"NO";"NO";"NO";"NO";"NO";"NO";"";"";"0";"0"
"JavaCC.java";"org.apache.tools.ant.taskdefs.optional.javacc";"NO";"NO";"NO";"NO";"NO";"NO";"NO";"NO";"NO";"NO";"NO";"NO";"NO";"";"";"0";"0"
"JJTree.java";"org.apache.tools.ant.taskdefs.optional.javacc";"NO";"NO";"NO";"NO";"NO";"NO";"NO";"NO";"NO";"NO";"NO";"NO";"NO";"";"";"0";"0"
"ClassNameReader.java";"org.apache.tools.ant.taskdefs.optional.jlink";"NO";"NO";"NO";"NO";"NO";"NO";"NO";"NO";"NO";"NO";"NO";"NO";"NO";"";"";"0";"0"
"jlink.java";"org.apache.tools.ant.taskdefs.optional.jlink";"NO";"NO";"NO";"NO";"NO";"NO";"NO";"NO";"NO";"NO";"NO";"NO";"NO";"";"";"0";"0"
"JlinkTask.java";"org.apache.tools.ant.taskdefs.optional.jlink";"NO";"NO";"NO";"NO";"NO";"NO";"NO";"NO";"NO";"NO";"NO";"NO";"NO";"";"";"0";"0"
"WLJspc.java";"org.apache.tools.ant.taskdefs.optional.jsp";"NO";"NO";"NO";"NO";"NO";"NO";"NO";"NO";"NO";"NO";"NO";"NO";"NO";"";"";"0";"0"
"BaseTest.java";"org.apache.tools.ant.taskdefs.optional.junit";"NO";"NO";"NO";"NO";"NO";"NO";"NO";"NO";"NO";"NO";"NO";"NO";"NO";"";"";"0";"0"
"BatchTest.java";"org.apache.tools.ant.taskdefs.optional.junit";"NO";"NO";"NO";"NO";"NO";"NO";"NO";"NO";"NO";"NO";"NO";"NO";"NO";"";"";"0";"0"
"FormatterElement.java";"org.apache.tools.ant.taskdefs.optional.junit";"NO";"NO";"NO";"NO";"NO";"NO";"NO";"NO";"NO";"NO";"NO";"NO";"NO";"";"";"0";"0"
"JUnitResultFormatter.java";"org.apache.tools.ant.taskdefs.optional.junit";"NO";"NO";"NO";"NO";"NO";"NO";"NO";"NO";"NO";"NO";"NO";"NO";"NO";"";"";"0";"0"
"JUnitTask.java";"org.apache.tools.ant.taskdefs.optional.junit";"NO";"NO";"NO";"NO";"NO";"NO";"NO";"NO";"NO";"NO";"NO";"NO";"NO";"33d7e10268292ffd7d0b27b27d8c9ab640a8aff0";"merge   git-svn-id: https://svn.apache.org/repos/asf/ant/core/branches/ANT_16_BRANCH@278058 13f79535-47bb-0310-9956-ffa450edef68 ";"1";"-1"
"JUnitTask.java";"org.apache.tools.ant.taskdefs.optional.junit";"NO";"NO";"NO";"NO";"NO";"NO";"NO";"NO";"NO";"NO";"NO";"NO";"NO";"81b8fac0bd2bbf2f9bbfac779632ffa3e0e6291f";"Removed CVS keyword substitution ANT_16   git-svn-id: https://svn.apache.org/repos/asf/ant/core/branches/ANT_16_BRANCH@277857 13f79535-47bb-0310-9956-ffa450edef68 ";"1";"-1"
"JUnitTask.java";"org.apache.tools.ant.taskdefs.optional.junit";"NO";"NO";"NO";"NO";"NO";"NO";"NO";"NO";"NO";"NO";"NO";"NO";"NO";"6b0577983cd70dba49d83e9673e2356c3073a93e";"Merge Kaffe related changes from HEAD   git-svn-id: https://svn.apache.org/repos/asf/ant/core/branches/ANT_16_BRANCH@277593 13f79535-47bb-0310-9956-ffa450edef68 ";"1";"-1"
"JUnitTask.java";"org.apache.tools.ant.taskdefs.optional.junit";"NO";"NO";"NO";"NO";"NO";"NO";"NO";"NO";"NO";"NO";"NO";"NO";"NO";"c042bd636447f52477fc76cef705dd3b8e26c9a0";"sync   git-svn-id: https://svn.apache.org/repos/asf/ant/core/branches/ANT_16_BRANCH@277139 13f79535-47bb-0310-9956-ffa450edef68 ";"1";"-1"
"JUnitTask.java";"org.apache.tools.ant.taskdefs.optional.junit";"NO";"NO";"NO";"NO";"NO";"NO";"NO";"NO";"NO";"NO";"NO";"NO";"NO";"5a86aa82d39d54d8364eb1e0c35f507c6036b0aa";"merge   git-svn-id: https://svn.apache.org/repos/asf/ant/core/branches/ANT_16_BRANCH@276921 13f79535-47bb-0310-9956-ffa450edef68 ";"1";"-1"
"JUnitTask.java";"org.apache.tools.ant.taskdefs.optional.junit";"NO";"NO";"NO";"NO";"NO";"NO";"NO";"NO";"NO";"NO";"NO";"NO";"NO";"67b3eea9c951146b6ee0cb923fce787755916cea";"Merge fix for 27420   git-svn-id: https://svn.apache.org/repos/asf/ant/core/branches/ANT_16_BRANCH@276919 13f79535-47bb-0310-9956-ffa450edef68 ";"1";"-1"
"JUnitTask.java";"org.apache.tools.ant.taskdefs.optional.junit";"NO";"NO";"NO";"NO";"NO";"NO";"NO";"NO";"NO";"NO";"NO";"NO";"NO";"07b5fb766e3ea23c56dd2f18d3194d6ee688a5c3";"merge   git-svn-id: https://svn.apache.org/repos/asf/ant/core/branches/ANT_16_BRANCH@276726 13f79535-47bb-0310-9956-ffa450edef68 ";"1";"-1"
"JUnitTest.java";"org.apache.tools.ant.taskdefs.optional.junit";"NO";"NO";"NO";"NO";"NO";"NO";"NO";"NO";"NO";"NO";"NO";"NO";"NO";"";"";"0";"0"
"JUnitTestRunner.java";"org.apache.tools.ant.taskdefs.optional.junit";"NO";"NO";"NO";"NO";"NO";"NO";"NO";"NO";"NO";"NO";"NO";"NO";"NO";"6f3b05db10ffd8a81d97f0de8984b69e761ce0df";"Merge fix for 30798   git-svn-id: https://svn.apache.org/repos/asf/ant/core/branches/ANT_16_BRANCH@278130 13f79535-47bb-0310-9956-ffa450edef68 ";"1";"-1"
"JUnitTestRunner.java";"org.apache.tools.ant.taskdefs.optional.junit";"NO";"NO";"NO";"NO";"NO";"NO";"NO";"NO";"NO";"NO";"NO";"NO";"NO";"33d7e10268292ffd7d0b27b27d8c9ab640a8aff0";"merge   git-svn-id: https://svn.apache.org/repos/asf/ant/core/branches/ANT_16_BRANCH@278058 13f79535-47bb-0310-9956-ffa450edef68 ";"1";"-1"
"JUnitTestRunner.java";"org.apache.tools.ant.taskdefs.optional.junit";"NO";"NO";"NO";"NO";"NO";"NO";"NO";"NO";"NO";"NO";"NO";"NO";"NO";"5d55ff30081b66a52c7df2f97adbcdc4c96372a7";"merge   git-svn-id: https://svn.apache.org/repos/asf/ant/core/branches/ANT_16_BRANCH@278000 13f79535-47bb-0310-9956-ffa450edef68 ";"1";"-1"
"JUnitTestRunner.java";"org.apache.tools.ant.taskdefs.optional.junit";"NO";"NO";"NO";"NO";"NO";"NO";"NO";"NO";"NO";"NO";"NO";"NO";"NO";"953e076699f286a2445bf40860d51f6ea4ed762f";"merge   git-svn-id: https://svn.apache.org/repos/asf/ant/core/branches/ANT_16_BRANCH@277026 13f79535-47bb-0310-9956-ffa450edef68 ";"1";"-1"
"PlainJUnitResultFormatter.java";"org.apache.tools.ant.taskdefs.optional.junit";"NO";"NO";"NO";"NO";"NO";"NO";"NO";"NO";"NO";"NO";"NO";"NO";"NO";"";"";"0";"0"
"SummaryJUnitResultFormatter.java";"org.apache.tools.ant.taskdefs.optional.junit";"NO";"NO";"NO";"NO";"NO";"NO";"NO";"NO";"NO";"NO";"NO";"NO";"NO";"";"";"0";"0"
"XMLJUnitResultFormatter.java";"org.apache.tools.ant.taskdefs.optional.junit";"NO";"NO";"NO";"NO";"NO";"NO";"NO";"NO";"NO";"NO";"NO";"NO";"NO";"9e486a1829a1a6fbe211c06226c38d671ddc3e86";"merge   git-svn-id: https://svn.apache.org/repos/asf/ant/core/branches/ANT_16_BRANCH@278002 13f79535-47bb-0310-9956-ffa450edef68 ";"1";"-1"
"MParse.java";"org.apache.tools.ant.taskdefs.optional.metamata";"NO";"NO";"NO";"NO";"NO";"NO";"NO";"NO";"NO";"NO";"NO";"NO";"NO";"";"";"0";"0"
"Native2Ascii.java";"org.apache.tools.ant.taskdefs.optional";"NO";"NO";"NO";"NO";"NO";"NO";"NO";"NO";"NO";"NO";"NO";"NO";"NO";"6b0577983cd70dba49d83e9673e2356c3073a93e";"Merge Kaffe related changes from HEAD   git-svn-id: https://svn.apache.org/repos/asf/ant/core/branches/ANT_16_BRANCH@277593 13f79535-47bb-0310-9956-ffa450edef68 ";"1";"-1"
"P4sync.java";"org.apache.tools.ant.taskdefs.optional.perforce";"NO";"NO";"NO";"NO";"NO";"NO";"NO";"NO";"NO";"NO";"NO";"NO";"NO";"";"";"0";"0"
"RenameExtensions.java";"org.apache.tools.ant.taskdefs.optional";"NO";"NO";"NO";"NO";"NO";"NO";"NO";"NO";"NO";"NO";"NO";"NO";"NO";"";"";"0";"0"
"Script.java";"org.apache.tools.ant.taskdefs.optional";"NO";"NO";"NO";"NO";"NO";"NO";"NO";"NO";"NO";"NO";"NO";"NO";"NO";"";"";"0";"0"
"MSVSS.java";"org.apache.tools.ant.taskdefs.optional.vss";"NO";"NO";"NO";"NO";"NO";"NO";"NO";"NO";"NO";"NO";"NO";"NO";"NO";"bc50db8e1e4be00d7ee395c1537c454e3c8009f7";"sync   git-svn-id: https://svn.apache.org/repos/asf/ant/core/branches/ANT_16_BRANCH@277232 13f79535-47bb-0310-9956-ffa450edef68 ";"1";"-1"
"MSVSS.java";"org.apache.tools.ant.taskdefs.optional.vss";"NO";"NO";"NO";"NO";"NO";"NO";"NO";"NO";"NO";"NO";"NO";"NO";"NO";"7bba11becf82f47c91aec04fd00290c57296e943";"sync   git-svn-id: https://svn.apache.org/repos/asf/ant/core/branches/ANT_16_BRANCH@277218 13f79535-47bb-0310-9956-ffa450edef68 ";"1";"-1"
"MSVSSGET.java";"org.apache.tools.ant.taskdefs.optional.vss";"NO";"NO";"NO";"NO";"NO";"NO";"NO";"NO";"NO";"NO";"NO";"NO";"NO";"e0316b96f7eb81990626de8f4caaf6edd0d27e40";"stylecheck   git-svn-id: https://svn.apache.org/repos/asf/ant/core/branches/ANT_16_BRANCH@277099 13f79535-47bb-0310-9956-ffa450edef68 ";"1";"-1"
"XalanLiaison.java";"org.apache.tools.ant.taskdefs.optional";"NO";"NO";"NO";"NO";"NO";"NO";"NO";"NO";"NO";"NO";"NO";"NO";"NO";"";"";"0";"0"
"XslpLiaison.java";"org.apache.tools.ant.taskdefs.optional";"NO";"NO";"NO";"NO";"NO";"NO";"NO";"NO";"NO";"NO";"NO";"NO";"NO";"";"";"0";"0"
"Patch.java";"org.apache.tools.ant.taskdefs";"NO";"NO";"NO";"NO";"NO";"NO";"NO";"NO";"NO";"NO";"NO";"NO";"NO";"";"";"0";"0"
"Property.java";"org.apache.tools.ant.taskdefs";"NO";"NO";"NO";"NO";"NO";"NO";"NO";"NO";"NO";"NO";"NO";"NO";"NO";"";"";"0";"0"
"PumpStreamHandler.java";"org.apache.tools.ant.taskdefs";"NO";"NO";"NO";"NO";"NO";"NO";"NO";"NO";"NO";"NO";"NO";"NO";"NO";"8aa391adde3ff2d7dbd35d26d79099721a84e39c";"Merging <java fork=""true""> console input fix to Ant 1.6.3. PR: 24918   git-svn-id: https://svn.apache.org/repos/asf/ant/core/branches/ANT_16_BRANCH@277997 13f79535-47bb-0310-9956-ffa450edef68 ";"1";"-1"
"Rename.java";"org.apache.tools.ant.taskdefs";"NO";"NO";"NO";"NO";"NO";"NO";"NO";"NO";"NO";"NO";"NO";"NO";"NO";"";"";"0";"0"
"Replace.java";"org.apache.tools.ant.taskdefs";"NO";"NO";"NO";"NO";"NO";"NO";"NO";"NO";"NO";"NO";"NO";"NO";"NO";"dc436f073f82d974264b48f273513f58ca382ed5";"merge fix for 30469   git-svn-id: https://svn.apache.org/repos/asf/ant/core/branches/ANT_16_BRANCH@276875 13f79535-47bb-0310-9956-ffa450edef68 ";"1";"-1"
"Rmic.java";"org.apache.tools.ant.taskdefs";"NO";"NO";"NO";"NO";"NO";"NO";"NO";"NO";"NO";"NO";"NO";"NO";"NO";"a0c38f397eb1039d9a20302c4f6dbda7af186b0b";"sync   git-svn-id: https://svn.apache.org/repos/asf/ant/core/branches/ANT_16_BRANCH@277120 13f79535-47bb-0310-9956-ffa450edef68 ";"1";"-1"
"SendEmail.java";"org.apache.tools.ant.taskdefs";"NO";"NO";"NO";"NO";"NO";"NO";"NO";"NO";"NO";"NO";"NO";"NO";"NO";"";"";"0";"0"
"SignJar.java";"org.apache.tools.ant.taskdefs";"NO";"NO";"NO";"NO";"NO";"NO";"NO";"NO";"NO";"NO";"NO";"NO";"NO";"";"";"0";"0"
"StreamPumper.java";"org.apache.tools.ant.taskdefs";"NO";"NO";"NO";"NO";"NO";"NO";"NO";"NO";"NO";"NO";"NO";"NO";"NO";"8aa391adde3ff2d7dbd35d26d79099721a84e39c";"Merging <java fork=""true""> console input fix to Ant 1.6.3. PR: 24918   git-svn-id: https://svn.apache.org/repos/asf/ant/core/branches/ANT_16_BRANCH@277997 13f79535-47bb-0310-9956-ffa450edef68 ";"1";"-1"
"Taskdef.java";"org.apache.tools.ant.taskdefs";"NO";"NO";"NO";"NO";"NO";"NO";"NO";"NO";"NO";"NO";"NO";"NO";"NO";"";"";"0";"0"
"TaskOutputStream.java";"org.apache.tools.ant.taskdefs";"NO";"NO";"NO";"NO";"NO";"NO";"NO";"NO";"NO";"NO";"NO";"NO";"NO";"";"";"0";"0"
"Touch.java";"org.apache.tools.ant.taskdefs";"NO";"NO";"NO";"NO";"NO";"NO";"NO";"NO";"NO";"NO";"NO";"NO";"NO";"33c957f721d2e5c08b3b3586873e3b7fb955adc6";"Merge touch changes   git-svn-id: https://svn.apache.org/repos/asf/ant/core/branches/ANT_16_BRANCH@277504 13f79535-47bb-0310-9956-ffa450edef68 ";"1";"-1"
"Tstamp.java";"org.apache.tools.ant.taskdefs";"NO";"NO";"NO";"NO";"NO";"NO";"NO";"NO";"NO";"NO";"NO";"NO";"NO";"";"";"0";"0"
"Untar.java";"org.apache.tools.ant.taskdefs";"NO";"NO";"NO";"NO";"NO";"NO";"NO";"NO";"NO";"NO";"NO";"NO";"NO";"27b230db0373ffd386c2c22efcec141a246a9e32";"sync   git-svn-id: https://svn.apache.org/repos/asf/ant/core/branches/ANT_16_BRANCH@277304 13f79535-47bb-0310-9956-ffa450edef68 ";"1";"-1"
"UpToDate.java";"org.apache.tools.ant.taskdefs";"NO";"NO";"NO";"NO";"NO";"NO";"NO";"NO";"NO";"NO";"NO";"NO";"NO";"298bc4e092c6069cbdb3591b034b13792b1132a6";"sync   git-svn-id: https://svn.apache.org/repos/asf/ant/core/branches/ANT_16_BRANCH@277166 13f79535-47bb-0310-9956-ffa450edef68 ";"1";"-1"
"UpToDate.java";"org.apache.tools.ant.taskdefs";"NO";"NO";"NO";"NO";"NO";"NO";"NO";"NO";"NO";"NO";"NO";"NO";"NO";"355be2445bb8a9b734b8b56fc08c4a9849fed1a5";"sync: updatetodate filenamemapper type   git-svn-id: https://svn.apache.org/repos/asf/ant/core/branches/ANT_16_BRANCH@277164 13f79535-47bb-0310-9956-ffa450edef68 ";"1";"-1"
"War.java";"org.apache.tools.ant.taskdefs";"NO";"NO";"NO";"NO";"NO";"NO";"NO";"NO";"NO";"NO";"NO";"NO";"NO";"";"";"0";"0"
"XSLTLiaison.java";"org.apache.tools.ant.taskdefs";"NO";"NO";"NO";"NO";"NO";"NO";"NO";"NO";"NO";"NO";"NO";"NO";"NO";"";"";"0";"0"
"XSLTProcess.java";"org.apache.tools.ant.taskdefs";"NO";"NO";"NO";"NO";"NO";"NO";"NO";"NO";"NO";"NO";"NO";"NO";"NO";"a663583ee4a7452070f88e198e0036671133da4c";"merge   git-svn-id: https://svn.apache.org/repos/asf/ant/core/branches/ANT_16_BRANCH@278033 13f79535-47bb-0310-9956-ffa450edef68 ";"1";"-1"
"XSLTProcess.java";"org.apache.tools.ant.taskdefs";"NO";"NO";"NO";"NO";"NO";"NO";"NO";"NO";"NO";"NO";"NO";"NO";"NO";"81b8fac0bd2bbf2f9bbfac779632ffa3e0e6291f";"Removed CVS keyword substitution ANT_16   git-svn-id: https://svn.apache.org/repos/asf/ant/core/branches/ANT_16_BRANCH@277857 13f79535-47bb-0310-9956-ffa450edef68 ";"1";"-1"
"DataType.java";"org.apache.tools.ant.types";"NO";"NO";"NO";"NO";"NO";"NO";"NO";"NO";"NO";"NO";"NO";"NO";"NO";"";"";"0";"0"
"EnumeratedAttribute.java";"org.apache.tools.ant.types";"NO";"NO";"NO";"NO";"NO";"NO";"NO";"NO";"NO";"NO";"NO";"NO";"NO";"";"";"0";"0"
"Environment.java";"org.apache.tools.ant.types";"NO";"NO";"NO";"NO";"NO";"NO";"NO";"NO";"NO";"NO";"NO";"NO";"NO";"";"";"0";"0"
"Path.java";"org.apache.tools.ant.types";"NO";"NO";"NO";"NO";"NO";"NO";"NO";"NO";"NO";"NO";"NO";"NO";"NO";"5a123ae284d05d368c9b37ee1127887093895ac9";"merge   git-svn-id: https://svn.apache.org/repos/asf/ant/core/branches/ANT_16_BRANCH@277145 13f79535-47bb-0310-9956-ffa450edef68 ";"1";"-1"
"PatternSet.java";"org.apache.tools.ant.types";"NO";"NO";"NO";"NO";"NO";"NO";"NO";"NO";"NO";"NO";"NO";"NO";"NO";"";"";"0";"0"
"Reference.java";"org.apache.tools.ant.types";"NO";"NO";"NO";"NO";"NO";"NO";"NO";"NO";"NO";"NO";"NO";"NO";"NO";"b48e6e2b69ce30589a7ef7240eb1700ef7047dd4";"sync: reference has a project   git-svn-id: https://svn.apache.org/repos/asf/ant/core/branches/ANT_16_BRANCH@277532 13f79535-47bb-0310-9956-ffa450edef68 ";"1";"-1"
"UnknownElement.java";"org.apache.tools.ant";"NO";"NO";"NO";"NO";"NO";"NO";"NO";"NO";"NO";"NO";"NO";"NO";"NO";"8d37d405413faf544783b1f8aa5e3fad45992b1b";"sync   git-svn-id: https://svn.apache.org/repos/asf/ant/core/branches/ANT_16_BRANCH@277705 13f79535-47bb-0310-9956-ffa450edef68 ";"1";"-1"
"XmlLogger.java";"org.apache.tools.ant";"NO";"NO";"NO";"NO";"NO";"NO";"NO";"NO";"NO";"NO";"NO";"NO";"NO";"1c8e77552ccd55ead28952a7b4e255da53f8a14f";"sync   git-svn-id: https://svn.apache.org/repos/asf/ant/core/branches/ANT_16_BRANCH@276966 13f79535-47bb-0310-9956-ffa450edef68 ";"1";"-1"
"MailMessage.java";"org.apache.tools.mail";"NO";"NO";"NO";"NO";"NO";"NO";"NO";"NO";"NO";"NO";"NO";"NO";"NO";"";"";"0";"0"
"TarBuffer.java";"org.apache.tools.tar";"NO";"NO";"NO";"NO";"NO";"NO";"NO";"NO";"NO";"NO";"NO";"NO";"NO";"ef5121dd65a5c366871775e6a810597cef87d610";"sync   git-svn-id: https://svn.apache.org/repos/asf/ant/core/branches/ANT_16_BRANCH@277330 13f79535-47bb-0310-9956-ffa450edef68 ";"1";"-1"
"TarConstants.java";"org.apache.tools.tar";"NO";"NO";"NO";"NO";"NO";"NO";"NO";"NO";"NO";"NO";"NO";"NO";"NO";"";"";"0";"0"
"TarEntry.java";"org.apache.tools.tar";"NO";"NO";"NO";"NO";"NO";"NO";"NO";"NO";"NO";"NO";"NO";"NO";"NO";"";"";"0";"0"
"TarInputStream.java";"org.apache.tools.tar";"NO";"NO";"NO";"NO";"NO";"NO";"NO";"NO";"NO";"NO";"NO";"NO";"NO";"59293798c5e43e21622e8710246c7929af61efa8";"merge   git-svn-id: https://svn.apache.org/repos/asf/ant/core/branches/ANT_16_BRANCH@278021 13f79535-47bb-0310-9956-ffa450edef68 ";"1";"-1"
"TarOutputStream.java";"org.apache.tools.tar";"NO";"NO";"NO";"NO";"NO";"NO";"NO";"NO";"NO";"NO";"NO";"NO";"NO";"b3c8788894b797324c07d7fcb3730aee26a7f7f7";"year   git-svn-id: https://svn.apache.org/repos/asf/ant/core/branches/ANT_16_BRANCH@277342 13f79535-47bb-0310-9956-ffa450edef68 ";"1";"-1"
"TarOutputStream.java";"org.apache.tools.tar";"NO";"NO";"NO";"NO";"NO";"NO";"NO";"NO";"NO";"NO";"NO";"NO";"NO";"4972827e6b49ca17498bb595fefa3233ec246678";"sync   git-svn-id: https://svn.apache.org/repos/asf/ant/core/branches/ANT_16_BRANCH@277340 13f79535-47bb-0310-9956-ffa450edef68 ";"1";"-1"
"TarUtils.java";"org.apache.tools.tar";"NO";"NO";"NO";"NO";"NO";"NO";"NO";"NO";"NO";"NO";"NO";"NO";"NO";"";"";"0";"0"
