"CLASS NAME";"PACKAGE";"CLASS DATA SHOULD BE PRIVATE";"COMPLEX CLASS";"FEATURE ENVY";"INAPPROPRIATE INTIMACY";"LARGE CLASS";"LAZY CLASS";"LONG METHODS";"LONG PARAMETER LIST";"MESSAGE CHAIN";"MIDDLE MAN";"REFUSED BEQUEST";"SPAGHETTI CODE";"SPECULATIVE GENERALITY";"SHA-1";"COMMIT MESSAGE";"POSITIVITY";"NEGATIVITY"
"MagicNames.java";"org.apache.tools.ant";"YES";"NO";"NO";"NO";"NO";"NO";"NO";"NO";"NO";"NO";"NO";"NO";"NO";"";"";"0";"0"
"P4Counter.java";"org.apache.tools.ant.taskdefs.optional.perforce";"YES";"NO";"NO";"NO";"NO";"NO";"NO";"NO";"NO";"NO";"NO";"NO";"NO";"";"";"0";"0"
"WLRmic.java";"org.apache.tools.ant.taskdefs.rmic";"YES";"NO";"NO";"NO";"NO";"NO";"NO";"NO";"NO";"NO";"NO";"NO";"NO";"";"";"0";"0"
"SunRmic.java";"org.apache.tools.ant.taskdefs.rmic";"YES";"NO";"NO";"NO";"NO";"NO";"NO";"NO";"NO";"NO";"NO";"NO";"NO";"";"";"0";"0"
"ColorMapper.java";"org.apache.tools.ant.types.optional.image";"YES";"NO";"NO";"NO";"NO";"NO";"NO";"NO";"NO";"NO";"NO";"NO";"NO";"";"";"0";"0"
"DepthSelector.java";"org.apache.tools.ant.types.selectors";"YES";"NO";"NO";"NO";"NO";"NO";"NO";"NO";"NO";"NO";"NO";"NO";"NO";"";"";"0";"0"
"XmlConstants.java";"org.apache.tools.ant.util";"YES";"NO";"NO";"NO";"NO";"NO";"NO";"NO";"NO";"NO";"NO";"NO";"NO";"";"";"0";"0"
"IntrospectionHelper.java";"org.apache.tools.ant";"NO";"YES";"NO";"NO";"NO";"NO";"YES";"NO";"NO";"NO";"NO";"NO";"NO";"";"";"0";"0"
"Zip.java";"org.apache.tools.ant.taskdefs";"NO";"YES";"NO";"NO";"YES";"NO";"YES";"YES";"NO";"NO";"NO";"YES";"NO";"8e1d92a9a014ff290213883c678b2d01bfab9c2c";"make it a sentence  git-svn-id: https://svn.apache.org/repos/asf/ant/core/trunk@1028816 13f79535-47bb-0310-9956-ffa450edef68 ";"1";"-1"
"Zip.java";"org.apache.tools.ant.taskdefs";"NO";"YES";"NO";"NO";"YES";"NO";"YES";"YES";"NO";"NO";"NO";"YES";"NO";"b6422c58befe0b7c6b87a008f3267321ec393ba9";"comments and indentation only  git-svn-id: https://svn.apache.org/repos/asf/ant/core/trunk@1028815 13f79535-47bb-0310-9956-ffa450edef68 ";"1";"-1"
"Zip.java";"org.apache.tools.ant.taskdefs";"NO";"YES";"NO";"NO";"YES";"NO";"YES";"YES";"NO";"NO";"NO";"YES";"NO";"ee4aa01089da8a3c4c0b933df2b99ed6b73b4c74";"zip's whenempty doesn't look at non-filesets at all.  PR 50115  git-svn-id: https://svn.apache.org/repos/asf/ant/core/trunk@1028813 13f79535-47bb-0310-9956-ffa450edef68 ";"1";"-1"
"FTP.java";"org.apache.tools.ant.taskdefs.optional.net";"NO";"YES";"NO";"NO";"NO";"NO";"YES";"NO";"NO";"NO";"NO";"YES";"NO";"ce81059049a47a2d9da23d84245af9763114cd3f";"fix for bug 50217, NPE in ftp chmod  git-svn-id: https://svn.apache.org/repos/asf/ant/core/trunk@1032188 13f79535-47bb-0310-9956-ffa450edef68 ";"1";"-1"
"FTP.java";"org.apache.tools.ant.taskdefs.optional.net";"NO";"YES";"NO";"NO";"NO";"NO";"YES";"NO";"NO";"NO";"NO";"YES";"NO";"92663dfd6a98615bd2d2b087f988561ff35102af";"ftp download fails for certain setups.  PR 49296.  Based on patch by Kristof Neirynck  git-svn-id: https://svn.apache.org/repos/asf/ant/core/trunk@945039 13f79535-47bb-0310-9956-ffa450edef68 ";"1";"-1"
"FTPTaskMirrorImpl.java";"org.apache.tools.ant.taskdefs.optional.net";"NO";"YES";"NO";"NO";"YES";"NO";"NO";"NO";"NO";"NO";"NO";"YES";"NO";"969aeca23859c84533130fed86579fd0778e0a30";"merge fix for PR 49296  git-svn-id: https://svn.apache.org/repos/asf/ant/core/trunk@945041 13f79535-47bb-0310-9956-ffa450edef68 ";"1";"-1"
"NetRexxC.java";"org.apache.tools.ant.taskdefs.optional";"NO";"NO";"YES";"NO";"NO";"NO";"NO";"NO";"NO";"NO";"NO";"YES";"NO";"";"";"0";"0"
"GenerateKey.java";"org.apache.tools.ant.taskdefs";"NO";"NO";"YES";"NO";"NO";"NO";"NO";"NO";"NO";"NO";"NO";"YES";"NO";"";"";"0";"0"
"Javac.java";"org.apache.tools.ant.taskdefs";"NO";"NO";"NO";"YES";"NO";"NO";"NO";"NO";"NO";"NO";"NO";"NO";"NO";"0c6703e412a82eb3a2c405b1c1ff9a69942e0d7e";"whitespace  git-svn-id: https://svn.apache.org/repos/asf/ant/core/trunk@1040173 13f79535-47bb-0310-9956-ffa450edef68 ";"1";"-1"
"Javac.java";"org.apache.tools.ant.taskdefs";"NO";"NO";"NO";"YES";"NO";"NO";"NO";"NO";"NO";"NO";"NO";"NO";"NO";"4a07176abbbe0be8a345087a86816720562107ce";"support sources with extensions other than .java in javac.  Submitted by Andrew Eisenberg.  PR 48829.  git-svn-id: https://svn.apache.org/repos/asf/ant/core/trunk@1040170 13f79535-47bb-0310-9956-ffa450edef68 ";"1";"-1"
"Javac.java";"org.apache.tools.ant.taskdefs";"NO";"NO";"NO";"YES";"NO";"NO";"NO";"NO";"NO";"NO";"NO";"NO";"NO";"40e298139fafbe0b8a5694c0175d6e43b254acf8";"fixup -source for OpenJDK7's javac  git-svn-id: https://svn.apache.org/repos/asf/ant/core/trunk@1037667 13f79535-47bb-0310-9956-ffa450edef68 ";"1";"-1"
"Javac.java";"org.apache.tools.ant.taskdefs";"NO";"NO";"NO";"YES";"NO";"NO";"NO";"NO";"NO";"NO";"NO";"NO";"NO";"da109667b59b6dbf8eabab730489136f0f9afaa5";"typo; thanks to Jean-Baptiste Nivoit  git-svn-id: https://svn.apache.org/repos/asf/ant/core/trunk@940377 13f79535-47bb-0310-9956-ffa450edef68 ";"2";"-1"
"Path.java";"org.apache.tools.ant.types";"NO";"NO";"NO";"YES";"NO";"NO";"NO";"NO";"NO";"NO";"NO";"NO";"NO";"3ac732f3fa743281e9bf1ae35698f5ae321d5d27";"Support wildcards in CLASSPATH.  PR 46842.  Based on patch by Mike Murray.  git-svn-id: https://svn.apache.org/repos/asf/ant/core/trunk@955896 13f79535-47bb-0310-9956-ffa450edef68 ";"1";"-1"
"Project.java";"org.apache.tools.ant";"NO";"NO";"NO";"YES";"YES";"NO";"NO";"NO";"NO";"NO";"NO";"NO";"NO";"b0d9f8aa0137890a06875525db92bf44decfa512";"NPE in Project.setDefault.  PR 49803  git-svn-id: https://svn.apache.org/repos/asf/ant/core/trunk@988095 13f79535-47bb-0310-9956-ffa450edef68 ";"1";"-1"
"XMLCatalog.java";"org.apache.tools.ant.types";"NO";"NO";"NO";"YES";"NO";"NO";"NO";"NO";"NO";"NO";"NO";"NO";"NO";"";"";"0";"0"
"RecorderEntry.java";"org.apache.tools.ant.taskdefs";"NO";"NO";"NO";"YES";"NO";"NO";"NO";"NO";"NO";"NO";"NO";"NO";"NO";"";"";"0";"0"
"ProjectComponent.java";"org.apache.tools.ant";"NO";"NO";"NO";"YES";"NO";"NO";"NO";"NO";"NO";"NO";"NO";"NO";"NO";"";"";"0";"0"
"CommandlineJava.java";"org.apache.tools.ant.types";"NO";"NO";"NO";"YES";"NO";"NO";"NO";"NO";"NO";"NO";"NO";"NO";"NO";"";"";"0";"0"
"Commandline.java";"org.apache.tools.ant.types";"NO";"NO";"NO";"YES";"NO";"NO";"NO";"NO";"NO";"NO";"NO";"NO";"NO";"";"";"0";"0"
"JDependTask.java";"org.apache.tools.ant.taskdefs.optional.jdepend";"NO";"NO";"NO";"YES";"NO";"NO";"NO";"NO";"NO";"NO";"NO";"NO";"NO";"ff41336fc19f549bc995898f4543da6d7e9d9bf9";"provide a Map based method to access environment variables and use that.  Don't use System.getenv() on OpenVMS.  PR 49366  git-svn-id: https://svn.apache.org/repos/asf/ant/core/trunk@1039400 13f79535-47bb-0310-9956-ffa450edef68 ";"1";"-1"
"BorlandDeploymentTool.java";"org.apache.tools.ant.taskdefs.optional.ejb";"NO";"NO";"NO";"YES";"NO";"NO";"NO";"NO";"NO";"NO";"YES";"NO";"NO";"";"";"0";"0"
"Target.java";"org.apache.tools.ant";"NO";"NO";"NO";"YES";"NO";"NO";"NO";"NO";"NO";"NO";"NO";"NO";"NO";"51fe5cb2d9c5c0aae9a528b1af992bcf1d407b1a";"add some comment about some type parameter  git-svn-id: https://svn.apache.org/repos/asf/ant/core/trunk@1032923 13f79535-47bb-0310-9956-ffa450edef68 ";"1";"-1"
"Javadoc.java";"org.apache.tools.ant.taskdefs";"NO";"NO";"NO";"YES";"YES";"NO";"NO";"NO";"NO";"NO";"NO";"YES";"NO";"";"";"0";"0"
"Task.java";"org.apache.tools.ant";"NO";"NO";"NO";"YES";"NO";"NO";"NO";"NO";"NO";"NO";"NO";"NO";"NO";"a28f64f5cf1b63d9342683d77d79a5cdf9e67f85";"fix a bunch of warnings you get when building on Harmony which uses Eclipse's compiler.  There are still lots (more than 100) of deprecation warnings and warnings about missing serialversionids that I have ignored.  git-svn-id: https://svn.apache.org/repos/asf/ant/core/trunk@1037691 13f79535-47bb-0310-9956-ffa450edef68 ";"1";"-1"
"CBZip2OutputStream.java";"org.apache.tools.bzip2";"NO";"NO";"NO";"NO";"YES";"NO";"YES";"NO";"NO";"NO";"NO";"YES";"NO";"";"";"0";"0"
"DirectoryScanner.java";"org.apache.tools.ant";"NO";"NO";"NO";"NO";"YES";"NO";"NO";"NO";"NO";"NO";"YES";"YES";"NO";"a28f64f5cf1b63d9342683d77d79a5cdf9e67f85";"fix a bunch of warnings you get when building on Harmony which uses Eclipse's compiler.  There are still lots (more than 100) of deprecation warnings and warnings about missing serialversionids that I have ignored.  git-svn-id: https://svn.apache.org/repos/asf/ant/core/trunk@1037691 13f79535-47bb-0310-9956-ffa450edef68 ";"1";"-1"
"DirectoryScanner.java";"org.apache.tools.ant";"NO";"NO";"NO";"NO";"YES";"NO";"NO";"NO";"NO";"NO";"YES";"YES";"NO";"d85d2da8e3133b29b116326c20815d3879ce801b";"restrict impact of fix for PR 50295 on 'good' VMs to an additional syscall for empty directories rather than an additional call for every directory  git-svn-id: https://svn.apache.org/repos/asf/ant/core/trunk@1036906 13f79535-47bb-0310-9956-ffa450edef68 ";"2";"-1"
"DirectoryScanner.java";"org.apache.tools.ant";"NO";"NO";"NO";"NO";"YES";"NO";"NO";"NO";"NO";"NO";"YES";"YES";"NO";"17d4b3461a58e4dcf0615db3516222f281e935c0";"Make DirectoryScanner work on buggy JVMs where File.list() returns an empty array rather than null for files.  PR 50295.  Submitted by Daniel Smith  git-svn-id: https://svn.apache.org/repos/asf/ant/core/trunk@1036905 13f79535-47bb-0310-9956-ffa450edef68 ";"1";"-1"
"DirectoryScanner.java";"org.apache.tools.ant";"NO";"NO";"NO";"NO";"YES";"NO";"NO";"NO";"NO";"NO";"YES";"YES";"NO";"43de42a38ffaf685b29e9af7433f59ab7fba7265";"add Git, Mercurial and Bazaar files/dirs to defaultexcludes.  Submitted by Ville Skyttä.  PR 49624  git-svn-id: https://svn.apache.org/repos/asf/ant/core/trunk@982469 13f79535-47bb-0310-9956-ffa450edef68 ";"1";"-1"
"DirectoryScanner.java";"org.apache.tools.ant";"NO";"NO";"NO";"NO";"YES";"NO";"NO";"NO";"NO";"NO";"YES";"YES";"NO";"6a87b53fcb4f250a076f1447e45a173eb546c31c";"don't scan directories that are excluded recursively - this used to be done everywhere except for the (most common) case where the directory itself was not explicitly included.  PR 49420  git-svn-id: https://svn.apache.org/repos/asf/ant/core/trunk@953281 13f79535-47bb-0310-9956-ffa450edef68 ";"1";"-1"
"DirectoryScanner.java";"org.apache.tools.ant";"NO";"NO";"NO";"NO";"YES";"NO";"NO";"NO";"NO";"NO";"YES";"YES";"NO";"e052e5e8dc93ef6137e6610428504da26d7558db";"some JUnit tests to verify/falsify http://mail-archives.apache.org/mod_mbox/ant-user/201006.mbox/%3C28829117.post@talk.nabble.com%3E  git-svn-id: https://svn.apache.org/repos/asf/ant/core/trunk@953046 13f79535-47bb-0310-9956-ffa450edef68 ";"1";"-1"
"WebsphereDeploymentTool.java";"org.apache.tools.ant.taskdefs.optional.ejb";"NO";"NO";"NO";"NO";"NO";"NO";"YES";"NO";"NO";"NO";"YES";"NO";"NO";"";"";"0";"0"
"ResourceUtils.java";"org.apache.tools.ant.util";"NO";"NO";"NO";"NO";"NO";"NO";"YES";"YES";"NO";"NO";"NO";"NO";"NO";"642439097046132c508bad3827559fe5fb709926";"#49430: trying to work around NIO bug in JDK 1.4.   git-svn-id: https://svn.apache.org/repos/asf/ant/core/trunk@953809 13f79535-47bb-0310-9956-ffa450edef68 ";"1";"-1"
"ResourceUtils.java";"org.apache.tools.ant.util";"NO";"NO";"NO";"NO";"NO";"NO";"YES";"YES";"NO";"NO";"NO";"NO";"NO";"f7d47f6b71d196023c293c7afb75aef91ebdc878";"Continued spelling fix from 947340.   git-svn-id: https://svn.apache.org/repos/asf/ant/core/trunk@947689 13f79535-47bb-0310-9956-ffa450edef68 ";"1";"-1"
"ResourceUtils.java";"org.apache.tools.ant.util";"NO";"NO";"NO";"NO";"NO";"NO";"YES";"YES";"NO";"NO";"NO";"NO";"NO";"c78b5d0baa7d9d1f00e81af7cf53a40044e5a799";"fix spelling error in var name  git-svn-id: https://svn.apache.org/repos/asf/ant/core/trunk@947340 13f79535-47bb-0310-9956-ffa450edef68 ";"1";"-1"
"ResourceUtils.java";"org.apache.tools.ant.util";"NO";"NO";"NO";"NO";"NO";"NO";"YES";"YES";"NO";"NO";"NO";"NO";"NO";"4fd2002344affdd629fb388e6c9a21a0f62b607f";"pr 49326. Sun JVM tries to mmap the entire file during a copy. For large files this is not feasible. We now explicitly request to copy at most 16 MiB per request.  git-svn-id: https://svn.apache.org/repos/asf/ant/core/trunk@947339 13f79535-47bb-0310-9956-ffa450edef68 ";"1";"-1"
"ResourceUtils.java";"org.apache.tools.ant.util";"NO";"NO";"NO";"NO";"NO";"NO";"YES";"YES";"NO";"NO";"NO";"NO";"NO";"35e9c976aca460e541e62bd67f88fa8482014f1e";"be consistent when it comes to overwriting read-only files, add an option to do just that to <copy>.  PR 49261  git-svn-id: https://svn.apache.org/repos/asf/ant/core/trunk@942752 13f79535-47bb-0310-9956-ffa450edef68 ";"1";"-1"
"Main.java";"org.apache.tools.ant";"NO";"NO";"NO";"NO";"NO";"NO";"YES";"NO";"NO";"NO";"NO";"NO";"NO";"db666cd282c2115820062a038ff179d3680b4336";"remove useless import  git-svn-id: https://svn.apache.org/repos/asf/ant/core/trunk@1035336 13f79535-47bb-0310-9956-ffa450edef68 ";"1";"-2"
"Main.java";"org.apache.tools.ant";"NO";"NO";"NO";"NO";"NO";"NO";"YES";"NO";"NO";"NO";"NO";"NO";"NO";"568f81e94792020b987abea1f2bc136a0d6764ec";"trademark  git-svn-id: https://svn.apache.org/repos/asf/ant/core/trunk@1034687 13f79535-47bb-0310-9956-ffa450edef68 ";"1";"-1"
"Main.java";"org.apache.tools.ant";"NO";"NO";"NO";"NO";"NO";"NO";"YES";"NO";"NO";"NO";"NO";"NO";"NO";"bdf0cfed42d1bf911d8ba64bfa682d5b885223dd";"fix my english  git-svn-id: https://svn.apache.org/repos/asf/ant/core/trunk@1033072 13f79535-47bb-0310-9956-ffa450edef68 ";"1";"-1"
"Main.java";"org.apache.tools.ant";"NO";"NO";"NO";"NO";"NO";"NO";"YES";"NO";"NO";"NO";"NO";"NO";"NO";"3849918afcc50b3f87292c7a9f3ef2bbb73fd4bc";"If there is -d, debug mode, make the -p, project help, print the dependencies of the targets This will help debugging extension points  git-svn-id: https://svn.apache.org/repos/asf/ant/core/trunk@1032931 13f79535-47bb-0310-9956-ffa450edef68 ";"1";"-1"
"Main.java";"org.apache.tools.ant";"NO";"NO";"NO";"NO";"NO";"NO";"YES";"NO";"NO";"NO";"NO";"NO";"NO";"f67b8649e8b40f489ea4091276cfffb010beae99";"reinstate prefix handling of property task at the expense of even more state in a thread-unfriendly class and with a new attribute on two tasks to make everybody happy.  PR 49373.  git-svn-id: https://svn.apache.org/repos/asf/ant/core/trunk@959019 13f79535-47bb-0310-9956-ffa450edef68 ";"2";"-1"
"Main.java";"org.apache.tools.ant";"NO";"NO";"NO";"NO";"NO";"NO";"YES";"NO";"NO";"NO";"NO";"NO";"NO";"3f4cb68defbf5f5b4c642c2e5cebded4172707d1";"resolve properties defined via -propertyfile against each other.  PR 18732  git-svn-id: https://svn.apache.org/repos/asf/ant/core/trunk@954939 13f79535-47bb-0310-9956-ffa450edef68 ";"1";"-1"
"Main.java";"org.apache.tools.ant";"NO";"NO";"NO";"NO";"NO";"NO";"YES";"NO";"NO";"NO";"NO";"NO";"NO";"af5b94e9d969c42765bd41f15181a6653535a76a";"drop version check now that ant-nodeps.jar has been removed  git-svn-id: https://svn.apache.org/repos/asf/ant/core/trunk@948667 13f79535-47bb-0310-9956-ffa450edef68 ";"1";"-1"
"CBZip2InputStream.java";"org.apache.tools.bzip2";"NO";"NO";"NO";"NO";"NO";"NO";"YES";"YES";"NO";"NO";"NO";"YES";"NO";"a28f64f5cf1b63d9342683d77d79a5cdf9e67f85";"fix a bunch of warnings you get when building on Harmony which uses Eclipse's compiler.  There are still lots (more than 100) of deprecation warnings and warnings about missing serialversionids that I have ignored.  git-svn-id: https://svn.apache.org/repos/asf/ant/core/trunk@1037691 13f79535-47bb-0310-9956-ffa450edef68 ";"1";"-1"
"Delete.java";"org.apache.tools.ant.taskdefs";"NO";"NO";"NO";"NO";"NO";"NO";"YES";"NO";"NO";"NO";"NO";"YES";"NO";"a28f64f5cf1b63d9342683d77d79a5cdf9e67f85";"fix a bunch of warnings you get when building on Harmony which uses Eclipse's compiler.  There are still lots (more than 100) of deprecation warnings and warnings about missing serialversionids that I have ignored.  git-svn-id: https://svn.apache.org/repos/asf/ant/core/trunk@1037691 13f79535-47bb-0310-9956-ffa450edef68 ";"1";"-1"
"Delete.java";"org.apache.tools.ant.taskdefs";"NO";"NO";"NO";"NO";"NO";"NO";"YES";"NO";"NO";"NO";"NO";"YES";"NO";"6d79f276e80f9850f7ee19119341d4ec386b824c";"don't ignore fileset's errorOnMissingDir in <delete>  git-svn-id: https://svn.apache.org/repos/asf/ant/core/trunk@1027000 13f79535-47bb-0310-9956-ffa450edef68 ";"1";"-1"
"Depend.java";"org.apache.tools.ant.taskdefs.optional.depend";"NO";"NO";"NO";"NO";"NO";"NO";"YES";"NO";"NO";"NO";"NO";"YES";"NO";"";"";"0";"0"
"Copy.java";"org.apache.tools.ant.taskdefs";"NO";"NO";"NO";"NO";"NO";"NO";"YES";"NO";"NO";"NO";"NO";"YES";"NO";"c851716b87063a90a78debb4a25cea51058fc227";"create a more predictable order in copy.  PR 50297.  git-svn-id: https://svn.apache.org/repos/asf/ant/core/trunk@1040874 13f79535-47bb-0310-9956-ffa450edef68 ";"1";"-1"
"Copy.java";"org.apache.tools.ant.taskdefs";"NO";"NO";"NO";"NO";"NO";"NO";"YES";"NO";"NO";"NO";"NO";"YES";"NO";"3a912beff76f60fca0e92f3c9a2170c1bd5da28a";"allow copy/@tofile to be used with non-file resources.  PR 49756  git-svn-id: https://svn.apache.org/repos/asf/ant/core/trunk@986290 13f79535-47bb-0310-9956-ffa450edef68 ";"1";"-1"
"Copy.java";"org.apache.tools.ant.taskdefs";"NO";"NO";"NO";"NO";"NO";"NO";"YES";"NO";"NO";"NO";"NO";"YES";"NO";"508bb0dae114778e531d55d849b70e503c7c7edb";"Make <move> behave consistently for read-only destinations.  PR 49261  git-svn-id: https://svn.apache.org/repos/asf/ant/core/trunk@943056 13f79535-47bb-0310-9956-ffa450edef68 ";"1";"-1"
"Copy.java";"org.apache.tools.ant.taskdefs";"NO";"NO";"NO";"NO";"NO";"NO";"YES";"NO";"NO";"NO";"NO";"YES";"NO";"35e9c976aca460e541e62bd67f88fa8482014f1e";"be consistent when it comes to overwriting read-only files, add an option to do just that to <copy>.  PR 49261  git-svn-id: https://svn.apache.org/repos/asf/ant/core/trunk@942752 13f79535-47bb-0310-9956-ffa450edef68 ";"1";"-1"
"EmailTask.java";"org.apache.tools.ant.taskdefs.email";"NO";"NO";"NO";"NO";"NO";"NO";"YES";"NO";"NO";"NO";"NO";"YES";"NO";"fedabb5532180cebf39c356691c9fe21e81d4ed4";"JDK 1.4  git-svn-id: https://svn.apache.org/repos/asf/ant/core/trunk@943087 13f79535-47bb-0310-9956-ffa450edef68 ";"1";"-1"
"EmailTask.java";"org.apache.tools.ant.taskdefs.email";"NO";"NO";"NO";"NO";"NO";"NO";"YES";"NO";"NO";"NO";"NO";"YES";"NO";"fdbe8c9fe54e9e8e826288b504431fd6ef2dd475";"try to make javamail use the specified port even when using SSL.  Bugzilla Report 49267  git-svn-id: https://svn.apache.org/repos/asf/ant/core/trunk@943074 13f79535-47bb-0310-9956-ffa450edef68 ";"1";"-1"
"JonasDeploymentTool.java";"org.apache.tools.ant.taskdefs.optional.ejb";"NO";"NO";"NO";"NO";"NO";"NO";"YES";"NO";"NO";"NO";"YES";"NO";"NO";"";"";"0";"0"
"ExecuteOn.java";"org.apache.tools.ant.taskdefs";"NO";"NO";"NO";"NO";"NO";"NO";"YES";"NO";"NO";"NO";"NO";"NO";"NO";"5d1bf326375bc9968e1f54502c0ad8895617ac86";"nested redirectors and parrallel-apply don't mix well - PR 49594  git-svn-id: https://svn.apache.org/repos/asf/ant/core/trunk@982773 13f79535-47bb-0310-9956-ffa450edef68 ";"1";"-1"
"MimeMailer.java";"org.apache.tools.ant.taskdefs.email";"NO";"NO";"NO";"NO";"NO";"NO";"YES";"NO";"NO";"NO";"NO";"YES";"NO";"fdbe8c9fe54e9e8e826288b504431fd6ef2dd475";"try to make javamail use the specified port even when using SSL.  Bugzilla Report 49267  git-svn-id: https://svn.apache.org/repos/asf/ant/core/trunk@943074 13f79535-47bb-0310-9956-ffa450edef68 ";"1";"-1"
"ReplaceRegExp.java";"org.apache.tools.ant.taskdefs.optional";"NO";"NO";"NO";"NO";"NO";"NO";"YES";"NO";"NO";"NO";"NO";"NO";"NO";"a28f64f5cf1b63d9342683d77d79a5cdf9e67f85";"fix a bunch of warnings you get when building on Harmony which uses Eclipse's compiler.  There are still lots (more than 100) of deprecation warnings and warnings about missing serialversionids that I have ignored.  git-svn-id: https://svn.apache.org/repos/asf/ant/core/trunk@1037691 13f79535-47bb-0310-9956-ffa450edef68 ";"1";"-1"
"ReplaceRegExp.java";"org.apache.tools.ant.taskdefs.optional";"NO";"NO";"NO";"NO";"NO";"NO";"YES";"NO";"NO";"NO";"NO";"NO";"NO";"401473f8de76542db1ada7cfe12a5f7c1cc326d9";"merge redundant code  git-svn-id: https://svn.apache.org/repos/asf/ant/core/trunk@986445 13f79535-47bb-0310-9956-ffa450edef68 ";"1";"-1"
"Pvcs.java";"org.apache.tools.ant.taskdefs.optional.pvcs";"NO";"NO";"NO";"NO";"NO";"NO";"YES";"NO";"NO";"NO";"NO";"YES";"NO";"";"";"0";"0"
"Launcher.java";"org.apache.tools.ant.launch";"NO";"NO";"NO";"NO";"NO";"NO";"YES";"NO";"NO";"NO";"NO";"NO";"NO";"";"";"0";"0"
"Ant.java";"org.apache.tools.ant.taskdefs";"NO";"NO";"NO";"NO";"NO";"NO";"YES";"NO";"NO";"NO";"NO";"YES";"NO";"";"";"0";"0"
"SelectorUtils.java";"org.apache.tools.ant.types.selectors";"NO";"NO";"NO";"NO";"NO";"NO";"YES";"NO";"NO";"NO";"NO";"NO";"NO";"";"";"0";"0"
"Parallel.java";"org.apache.tools.ant.taskdefs";"NO";"NO";"NO";"NO";"NO";"NO";"YES";"NO";"NO";"NO";"NO";"YES";"NO";"a28f64f5cf1b63d9342683d77d79a5cdf9e67f85";"fix a bunch of warnings you get when building on Harmony which uses Eclipse's compiler.  There are still lots (more than 100) of deprecation warnings and warnings about missing serialversionids that I have ignored.  git-svn-id: https://svn.apache.org/repos/asf/ant/core/trunk@1037691 13f79535-47bb-0310-9956-ffa450edef68 ";"1";"-1"
"Parallel.java";"org.apache.tools.ant.taskdefs";"NO";"NO";"NO";"NO";"NO";"NO";"YES";"NO";"NO";"NO";"NO";"YES";"NO";"84b4cc0caf60886962c82d3f2bdd532ae67bb782";"don't allow tasks to finish in <parallel> when the manual says 'execution is terminated'.  PR 49527  git-svn-id: https://svn.apache.org/repos/asf/ant/core/trunk@1027125 13f79535-47bb-0310-9956-ffa450edef68 ";"1";"-1"
"Tar.java";"org.apache.tools.ant.taskdefs";"NO";"NO";"NO";"NO";"NO";"NO";"YES";"NO";"NO";"NO";"NO";"YES";"NO";"";"";"0";"0"
"DefaultCompilerAdapter.java";"org.apache.tools.ant.taskdefs.compilers";"NO";"NO";"NO";"NO";"NO";"NO";"YES";"NO";"NO";"NO";"NO";"NO";"NO";"4a07176abbbe0be8a345087a86816720562107ce";"support sources with extensions other than .java in javac.  Submitted by Andrew Eisenberg.  PR 48829.  git-svn-id: https://svn.apache.org/repos/asf/ant/core/trunk@1040170 13f79535-47bb-0310-9956-ffa450edef68 ";"1";"-1"
"DefaultCompilerAdapter.java";"org.apache.tools.ant.taskdefs.compilers";"NO";"NO";"NO";"NO";"NO";"NO";"YES";"NO";"NO";"NO";"NO";"NO";"NO";"40e298139fafbe0b8a5694c0175d6e43b254acf8";"fixup -source for OpenJDK7's javac  git-svn-id: https://svn.apache.org/repos/asf/ant/core/trunk@1037667 13f79535-47bb-0310-9956-ffa450edef68 ";"1";"-1"
"DefaultCompilerAdapter.java";"org.apache.tools.ant.taskdefs.compilers";"NO";"NO";"NO";"NO";"NO";"NO";"YES";"NO";"NO";"NO";"NO";"NO";"NO";"b0b920b08fae74de3fd7a7dd5efbca9e8cf379e6";"<javac> faild for long command lines on OS/2.  PR 49425.  Submitted by <dmik DOT for MINUS maillists AT hugaida DOT com>  git-svn-id: https://svn.apache.org/repos/asf/ant/core/trunk@953594 13f79535-47bb-0310-9956-ffa450edef68 ";"1";"-1"
"XmlProperty.java";"org.apache.tools.ant.taskdefs";"NO";"NO";"NO";"NO";"NO";"NO";"YES";"NO";"NO";"NO";"NO";"NO";"NO";"";"";"0";"0"
"ComponentHelper.java";"org.apache.tools.ant";"NO";"NO";"NO";"NO";"NO";"NO";"YES";"NO";"NO";"NO";"NO";"NO";"NO";"a28f64f5cf1b63d9342683d77d79a5cdf9e67f85";"fix a bunch of warnings you get when building on Harmony which uses Eclipse's compiler.  There are still lots (more than 100) of deprecation warnings and warnings about missing serialversionids that I have ignored.  git-svn-id: https://svn.apache.org/repos/asf/ant/core/trunk@1037691 13f79535-47bb-0310-9956-ffa450edef68 ";"1";"-1"
"Expand.java";"org.apache.tools.ant.taskdefs";"NO";"NO";"NO";"NO";"NO";"NO";"YES";"YES";"NO";"NO";"NO";"NO";"NO";"";"";"0";"0"
"Redirector.java";"org.apache.tools.ant.taskdefs";"NO";"NO";"NO";"NO";"NO";"NO";"YES";"NO";"NO";"NO";"NO";"YES";"NO";"1b30eea4620f697369cb2948254e5ad7fac5fe99";"bug #49119:  - put the fix back again but only for input which is not a string or a file  - and a unit test   git-svn-id: https://svn.apache.org/repos/asf/ant/core/trunk@986668 13f79535-47bb-0310-9956-ffa450edef68 ";"1";"-1"
"Redirector.java";"org.apache.tools.ant.taskdefs";"NO";"NO";"NO";"NO";"NO";"NO";"YES";"NO";"NO";"NO";"NO";"YES";"NO";"74f2e55f3c8dbbb5e162854964c52b41454650cc";"make the flush of the error stream actually flush   git-svn-id: https://svn.apache.org/repos/asf/ant/core/trunk@958704 13f79535-47bb-0310-9956-ffa450edef68 ";"1";"-1"
"ModifiedSelector.java";"org.apache.tools.ant.types.selectors.modifiedselector";"NO";"NO";"NO";"NO";"NO";"NO";"YES";"NO";"NO";"NO";"NO";"YES";"NO";"";"";"0";"0"
"XSLTProcess.java";"org.apache.tools.ant.taskdefs";"NO";"NO";"NO";"NO";"NO";"NO";"YES";"NO";"NO";"NO";"NO";"YES";"NO";"907f06aed3e5954d6b8e2c0feac8d71f7960a466";"unused variable  git-svn-id: https://svn.apache.org/repos/asf/ant/core/trunk@982730 13f79535-47bb-0310-9956-ffa450edef68 ";"1";"-1"
"XSLTProcess.java";"org.apache.tools.ant.taskdefs";"NO";"NO";"NO";"NO";"NO";"NO";"YES";"NO";"NO";"NO";"NO";"YES";"NO";"0b52075bb1a4f7ddc2a22342ff76faf61250fcd9";"better fix for bug 49271 as suggested by Jesse  git-svn-id: https://svn.apache.org/repos/asf/ant/core/trunk@982729 13f79535-47bb-0310-9956-ffa450edef68 ";"1";"-1"
"XSLTProcess.java";"org.apache.tools.ant.taskdefs";"NO";"NO";"NO";"NO";"NO";"NO";"YES";"NO";"NO";"NO";"NO";"YES";"NO";"a26365ccc4e3a521e358872418da9056e9fa7915";"<xslt> ignores classpath when defaulting to TraX.  PR 49271  git-svn-id: https://svn.apache.org/repos/asf/ant/core/trunk@943143 13f79535-47bb-0310-9956-ffa450edef68 ";"1";"-1"
"FileUtils.java";"org.apache.tools.ant.util";"NO";"NO";"NO";"NO";"NO";"NO";"NO";"YES";"NO";"NO";"NO";"NO";"NO";"a28f64f5cf1b63d9342683d77d79a5cdf9e67f85";"fix a bunch of warnings you get when building on Harmony which uses Eclipse's compiler.  There are still lots (more than 100) of deprecation warnings and warnings about missing serialversionids that I have ignored.  git-svn-id: https://svn.apache.org/repos/asf/ant/core/trunk@1037691 13f79535-47bb-0310-9956-ffa450edef68 ";"1";"-1"
"FileUtils.java";"org.apache.tools.ant.util";"NO";"NO";"NO";"NO";"NO";"NO";"NO";"YES";"NO";"NO";"NO";"NO";"NO";"38cd07c803eecac97c9238a4e23af3efa353228c";"don't rely on IntorspectionHelper normalizing file names in signjar.  PR 50081.  git-svn-id: https://svn.apache.org/repos/asf/ant/core/trunk@1026982 13f79535-47bb-0310-9956-ffa450edef68 ";"1";"-1"
"FileUtils.java";"org.apache.tools.ant.util";"NO";"NO";"NO";"NO";"NO";"NO";"NO";"YES";"NO";"NO";"NO";"NO";"NO";"0c08ce1f0e9880b5f3a6c3c37008acccd5f97392";"Avoid NPE in createTempFile if no prfix has been specified.  PR 49755  git-svn-id: https://svn.apache.org/repos/asf/ant/core/trunk@986226 13f79535-47bb-0310-9956-ffa450edef68 ";"1";"-1"
"FileUtils.java";"org.apache.tools.ant.util";"NO";"NO";"NO";"NO";"NO";"NO";"NO";"YES";"NO";"NO";"NO";"NO";"NO";"3209b4182fb36ca8eeb764b0f567aee7145dd61b";"allow file names to be 'fixed in case' on Windows.  PR 41948  git-svn-id: https://svn.apache.org/repos/asf/ant/core/trunk@954785 13f79535-47bb-0310-9956-ffa450edef68 ";"1";"-1"
"FileUtils.java";"org.apache.tools.ant.util";"NO";"NO";"NO";"NO";"NO";"NO";"NO";"YES";"NO";"NO";"NO";"NO";"NO";"35e9c976aca460e541e62bd67f88fa8482014f1e";"be consistent when it comes to overwriting read-only files, add an option to do just that to <copy>.  PR 49261  git-svn-id: https://svn.apache.org/repos/asf/ant/core/trunk@942752 13f79535-47bb-0310-9956-ffa450edef68 ";"1";"-1"
"Extension.java";"org.apache.tools.ant.taskdefs.optional.extension";"NO";"NO";"NO";"NO";"NO";"NO";"NO";"YES";"NO";"NO";"NO";"NO";"NO";"";"";"0";"0"
"Specification.java";"org.apache.tools.ant.taskdefs.optional.extension";"NO";"NO";"NO";"NO";"NO";"NO";"NO";"YES";"NO";"NO";"NO";"NO";"NO";"";"";"0";"0"
"MatchingTask.java";"org.apache.tools.ant.taskdefs";"NO";"NO";"NO";"NO";"NO";"NO";"NO";"NO";"NO";"YES";"NO";"NO";"NO";"";"";"0";"0"
"MacroDef.java";"org.apache.tools.ant.taskdefs";"NO";"NO";"NO";"NO";"NO";"NO";"NO";"NO";"NO";"NO";"YES";"NO";"NO";"";"";"0";"0"
"AntlibDefinition.java";"org.apache.tools.ant.taskdefs";"NO";"NO";"NO";"NO";"NO";"NO";"NO";"NO";"NO";"NO";"YES";"NO";"NO";"";"";"0";"0"
"SchemaValidate.java";"org.apache.tools.ant.taskdefs.optional";"NO";"NO";"NO";"NO";"NO";"NO";"NO";"NO";"NO";"NO";"YES";"NO";"NO";"";"";"0";"0"
"XMLValidateTask.java";"org.apache.tools.ant.taskdefs.optional";"NO";"NO";"NO";"NO";"NO";"NO";"NO";"NO";"NO";"NO";"YES";"NO";"NO";"";"";"0";"0"
"GenericDeploymentTool.java";"org.apache.tools.ant.taskdefs.optional.ejb";"NO";"NO";"NO";"NO";"NO";"NO";"NO";"NO";"NO";"NO";"YES";"NO";"NO";"";"";"0";"0"
"WeblogicDeploymentTool.java";"org.apache.tools.ant.taskdefs.optional.ejb";"NO";"NO";"NO";"NO";"NO";"NO";"NO";"NO";"NO";"NO";"YES";"NO";"NO";"";"";"0";"0"
"IPlanetDeploymentTool.java";"org.apache.tools.ant.taskdefs.optional.ejb";"NO";"NO";"NO";"NO";"NO";"NO";"NO";"NO";"NO";"NO";"YES";"NO";"NO";"";"";"0";"0"
"ArchiveScanner.java";"org.apache.tools.ant.types";"NO";"NO";"NO";"NO";"NO";"NO";"NO";"NO";"NO";"NO";"YES";"NO";"NO";"";"";"0";"0"
"ArchiveFileSet.java";"org.apache.tools.ant.types";"NO";"NO";"NO";"NO";"NO";"NO";"NO";"NO";"NO";"NO";"YES";"NO";"NO";"";"";"0";"0"
"FileSet.java";"org.apache.tools.ant.types";"NO";"NO";"NO";"NO";"NO";"NO";"NO";"NO";"NO";"NO";"YES";"NO";"NO";"";"";"0";"0"
"URLResource.java";"org.apache.tools.ant.types.resources";"NO";"NO";"NO";"NO";"NO";"NO";"NO";"NO";"NO";"NO";"YES";"NO";"NO";"";"";"0";"0"
"Resource.java";"org.apache.tools.ant.types";"NO";"NO";"NO";"NO";"NO";"NO";"NO";"NO";"NO";"NO";"YES";"NO";"NO";"";"";"0";"0"
"FileResource.java";"org.apache.tools.ant.types.resources";"NO";"NO";"NO";"NO";"NO";"NO";"NO";"NO";"NO";"NO";"YES";"NO";"NO";"2f588f517b961412710e95091b0e976b3d98bc98";"log a warning message if File#setLastModified fails.  PR 49485  git-svn-id: https://svn.apache.org/repos/asf/ant/core/trunk@957442 13f79535-47bb-0310-9956-ffa450edef68 ";"1";"-2"
"Checksum.java";"org.apache.tools.ant.taskdefs";"NO";"NO";"NO";"NO";"NO";"NO";"NO";"NO";"NO";"NO";"NO";"YES";"NO";"a28f64f5cf1b63d9342683d77d79a5cdf9e67f85";"fix a bunch of warnings you get when building on Harmony which uses Eclipse's compiler.  There are still lots (more than 100) of deprecation warnings and warnings about missing serialversionids that I have ignored.  git-svn-id: https://svn.apache.org/repos/asf/ant/core/trunk@1037691 13f79535-47bb-0310-9956-ffa450edef68 ";"1";"-1"
"Checksum.java";"org.apache.tools.ant.taskdefs";"NO";"NO";"NO";"NO";"NO";"NO";"NO";"NO";"NO";"NO";"NO";"YES";"NO";"b4b082c568845449de0d7a25735a47264ff11c17";"allow more path 'views' of a file as elements inside <checksum>s pattern.  PR 50114  git-svn-id: https://svn.apache.org/repos/asf/ant/core/trunk@1027103 13f79535-47bb-0310-9956-ffa450edef68 ";"1";"-1"
"Checksum.java";"org.apache.tools.ant.taskdefs";"NO";"NO";"NO";"NO";"NO";"NO";"NO";"NO";"NO";"NO";"NO";"YES";"NO";"3fb4745e703a0b932afef791b26fd637da75be41";"<checksum>'s totalproperty doesn't work with repeated file names.  PR 36748  git-svn-id: https://svn.apache.org/repos/asf/ant/core/trunk@945023 13f79535-47bb-0310-9956-ffa450edef68 ";"1";"-1"
"SQLExec.java";"org.apache.tools.ant.taskdefs";"NO";"NO";"NO";"NO";"NO";"NO";"NO";"NO";"NO";"NO";"NO";"YES";"NO";"";"";"0";"0"
"ChangeLogTask.java";"org.apache.tools.ant.taskdefs.cvslib";"NO";"NO";"NO";"NO";"NO";"NO";"NO";"NO";"NO";"NO";"NO";"YES";"NO";"";"";"0";"0"
"EchoProperties.java";"org.apache.tools.ant.taskdefs.optional";"NO";"NO";"NO";"NO";"NO";"NO";"NO";"NO";"NO";"NO";"NO";"YES";"NO";"";"";"0";"0"
"Cab.java";"org.apache.tools.ant.taskdefs.optional";"NO";"NO";"NO";"NO";"NO";"NO";"NO";"NO";"NO";"NO";"NO";"YES";"NO";"";"";"0";"0"
"JspC.java";"org.apache.tools.ant.taskdefs.optional.jsp";"NO";"NO";"NO";"NO";"NO";"NO";"NO";"NO";"NO";"NO";"NO";"YES";"NO";"";"";"0";"0"
"SplashTask.java";"org.apache.tools.ant.taskdefs.optional.splash";"NO";"NO";"NO";"NO";"NO";"NO";"NO";"NO";"NO";"NO";"NO";"YES";"NO";"";"";"0";"0"
"ZipFile.java";"org.apache.tools.zip";"NO";"NO";"NO";"NO";"NO";"NO";"NO";"NO";"NO";"NO";"NO";"YES";"NO";"";"";"0";"0"
"DispatchTask.java";"org.apache.tools.ant.dispatch";"NO";"NO";"NO";"NO";"NO";"NO";"NO";"NO";"NO";"NO";"NO";"NO";"YES";"";"";"0";"0"
"DefaultJspCompilerAdapter.java";"org.apache.tools.ant.taskdefs.optional.jsp.compilers";"NO";"NO";"NO";"NO";"NO";"NO";"NO";"NO";"NO";"NO";"NO";"NO";"YES";"";"";"0";"0"
"ContentTransformingResource.java";"org.apache.tools.ant.types.resources";"NO";"NO";"NO";"NO";"NO";"NO";"NO";"NO";"NO";"NO";"NO";"NO";"YES";"";"";"0";"0"
"ZipUtil.java";"org.apache.tools.zip";"NO";"NO";"NO";"NO";"NO";"NO";"NO";"NO";"NO";"NO";"NO";"NO";"YES";"";"";"0";"0"
"AntClassLoader.java";"org.apache.tools.ant";"NO";"NO";"NO";"NO";"NO";"NO";"NO";"NO";"NO";"NO";"NO";"NO";"NO";"";"";"0";"0"
"BuildEvent.java";"org.apache.tools.ant";"NO";"NO";"NO";"NO";"NO";"NO";"NO";"NO";"NO";"NO";"NO";"NO";"NO";"";"";"0";"0"
"BuildException.java";"org.apache.tools.ant";"NO";"NO";"NO";"NO";"NO";"NO";"NO";"NO";"NO";"NO";"NO";"NO";"NO";"";"";"0";"0"
"BuildListener.java";"org.apache.tools.ant";"NO";"NO";"NO";"NO";"NO";"NO";"NO";"NO";"NO";"NO";"NO";"NO";"NO";"";"";"0";"0"
"BuildLogger.java";"org.apache.tools.ant";"NO";"NO";"NO";"NO";"NO";"NO";"NO";"NO";"NO";"NO";"NO";"NO";"NO";"";"";"0";"0"
"DefaultLogger.java";"org.apache.tools.ant";"NO";"NO";"NO";"NO";"NO";"NO";"NO";"NO";"NO";"NO";"NO";"NO";"NO";"";"";"0";"0"
"DesirableFilter.java";"org.apache.tools.ant";"NO";"NO";"NO";"NO";"NO";"NO";"NO";"NO";"NO";"NO";"NO";"NO";"NO";"";"";"0";"0"
"FileScanner.java";"org.apache.tools.ant";"NO";"NO";"NO";"NO";"NO";"NO";"NO";"NO";"NO";"NO";"NO";"NO";"NO";"";"";"0";"0"
"Location.java";"org.apache.tools.ant";"NO";"NO";"NO";"NO";"NO";"NO";"NO";"NO";"NO";"NO";"NO";"NO";"NO";"";"";"0";"0"
"Map.java";"org.apache.tools.ant";"NO";"NO";"NO";"NO";"NO";"NO";"NO";"NO";"NO";"NO";"NO";"NO";"NO";"";"";"0";"0"
"PathTokenizer.java";"org.apache.tools.ant";"NO";"NO";"NO";"NO";"NO";"NO";"NO";"NO";"NO";"NO";"NO";"NO";"NO";"";"";"0";"0"
"ProjectHelper.java";"org.apache.tools.ant";"NO";"NO";"NO";"NO";"NO";"NO";"NO";"NO";"NO";"NO";"NO";"NO";"NO";"70abcb7f5d2128f7af46b37ca416d2859a77d8e6";"Make an enum like class for the values of the missing extension point behavior  git-svn-id: https://svn.apache.org/repos/asf/ant/core/trunk@1035335 13f79535-47bb-0310-9956-ffa450edef68 ";"1";"-1"
"ProjectHelper.java";"org.apache.tools.ant";"NO";"NO";"NO";"NO";"NO";"NO";"NO";"NO";"NO";"NO";"NO";"NO";"NO";"bd52e7b9b16b87287bed0c011c4fc1794543e9fb";"allow targets to deal with missing extension points.  PR 49473.  Submitted by Danny Yates.  git-svn-id: https://svn.apache.org/repos/asf/ant/core/trunk@957170 13f79535-47bb-0310-9956-ffa450edef68 ";"1";"-1"
"RuntimeConfigurable.java";"org.apache.tools.ant";"NO";"NO";"NO";"NO";"NO";"NO";"NO";"NO";"NO";"NO";"NO";"NO";"NO";"";"";"0";"0"
"TaskAdapter.java";"org.apache.tools.ant";"NO";"NO";"NO";"NO";"NO";"NO";"NO";"NO";"NO";"NO";"NO";"NO";"NO";"";"";"0";"0"
"AntStructure.java";"org.apache.tools.ant.taskdefs";"NO";"NO";"NO";"NO";"NO";"NO";"NO";"NO";"NO";"NO";"NO";"NO";"NO";"bd52e7b9b16b87287bed0c011c4fc1794543e9fb";"allow targets to deal with missing extension points.  PR 49473.  Submitted by Danny Yates.  git-svn-id: https://svn.apache.org/repos/asf/ant/core/trunk@957170 13f79535-47bb-0310-9956-ffa450edef68 ";"1";"-1"
"Available.java";"org.apache.tools.ant.taskdefs";"NO";"NO";"NO";"NO";"NO";"NO";"NO";"NO";"NO";"NO";"NO";"NO";"NO";"";"";"0";"0"
"CallTarget.java";"org.apache.tools.ant.taskdefs";"NO";"NO";"NO";"NO";"NO";"NO";"NO";"NO";"NO";"NO";"NO";"NO";"NO";"";"";"0";"0"
"Chmod.java";"org.apache.tools.ant.taskdefs";"NO";"NO";"NO";"NO";"NO";"NO";"NO";"NO";"NO";"NO";"NO";"NO";"NO";"";"";"0";"0"
"CompileTask.java";"org.apache.tools.ant.taskdefs";"NO";"NO";"NO";"NO";"NO";"NO";"NO";"NO";"NO";"NO";"NO";"NO";"NO";"";"";"0";"0"
"Copydir.java";"org.apache.tools.ant.taskdefs";"NO";"NO";"NO";"NO";"NO";"NO";"NO";"NO";"NO";"NO";"NO";"NO";"NO";"";"";"0";"0"
"Copyfile.java";"org.apache.tools.ant.taskdefs";"NO";"NO";"NO";"NO";"NO";"NO";"NO";"NO";"NO";"NO";"NO";"NO";"NO";"";"";"0";"0"
"Cvs.java";"org.apache.tools.ant.taskdefs";"NO";"NO";"NO";"NO";"NO";"NO";"NO";"NO";"NO";"NO";"NO";"NO";"NO";"";"";"0";"0"
"Deltree.java";"org.apache.tools.ant.taskdefs";"NO";"NO";"NO";"NO";"NO";"NO";"NO";"NO";"NO";"NO";"NO";"NO";"NO";"";"";"0";"0"
"Echo.java";"org.apache.tools.ant.taskdefs";"NO";"NO";"NO";"NO";"NO";"NO";"NO";"NO";"NO";"NO";"NO";"NO";"NO";"c83bf3257f065004fa939698792fb6c61e9768d1";"deal with read-only dest files in echo and concat.  git-svn-id: https://svn.apache.org/repos/asf/ant/core/trunk@943068 13f79535-47bb-0310-9956-ffa450edef68 ";"1";"-1"
"Exec.java";"org.apache.tools.ant.taskdefs";"NO";"NO";"NO";"NO";"NO";"NO";"NO";"NO";"NO";"NO";"NO";"NO";"NO";"";"";"0";"0"
"ExecTask.java";"org.apache.tools.ant.taskdefs";"NO";"NO";"NO";"NO";"NO";"NO";"NO";"NO";"NO";"NO";"NO";"NO";"NO";"ff41336fc19f549bc995898f4543da6d7e9d9bf9";"provide a Map based method to access environment variables and use that.  Don't use System.getenv() on OpenVMS.  PR 49366  git-svn-id: https://svn.apache.org/repos/asf/ant/core/trunk@1039400 13f79535-47bb-0310-9956-ffa450edef68 ";"1";"-1"
"Execute.java";"org.apache.tools.ant.taskdefs";"NO";"NO";"NO";"NO";"NO";"NO";"NO";"NO";"NO";"NO";"NO";"NO";"NO";"c60459738b06451543a97e2f41d8de043ef5478c";"keep case of env var keys the user has added  git-svn-id: https://svn.apache.org/repos/asf/ant/core/trunk@1039413 13f79535-47bb-0310-9956-ffa450edef68 ";"1";"-1"
"Execute.java";"org.apache.tools.ant.taskdefs";"NO";"NO";"NO";"NO";"NO";"NO";"NO";"NO";"NO";"NO";"NO";"NO";"NO";"ff41336fc19f549bc995898f4543da6d7e9d9bf9";"provide a Map based method to access environment variables and use that.  Don't use System.getenv() on OpenVMS.  PR 49366  git-svn-id: https://svn.apache.org/repos/asf/ant/core/trunk@1039400 13f79535-47bb-0310-9956-ffa450edef68 ";"1";"-1"
"Execute.java";"org.apache.tools.ant.taskdefs";"NO";"NO";"NO";"NO";"NO";"NO";"NO";"NO";"NO";"NO";"NO";"NO";"NO";"0c20e94ffb2aeb81fcedcd82505a7a7f0e8308fb";"revert local change that should never have been committed  git-svn-id: https://svn.apache.org/repos/asf/ant/core/trunk@959175 13f79535-47bb-0310-9956-ffa450edef68 ";"1";"-1"
"Execute.java";"org.apache.tools.ant.taskdefs";"NO";"NO";"NO";"NO";"NO";"NO";"NO";"NO";"NO";"NO";"NO";"NO";"NO";"62c16a4a5d7520c7283d10d0c1633ee0a3d2e5d5";"address efficiency concerns  git-svn-id: https://svn.apache.org/repos/asf/ant/core/trunk@959173 13f79535-47bb-0310-9956-ffa450edef68 ";"1";"-1"
"Execute.java";"org.apache.tools.ant.taskdefs";"NO";"NO";"NO";"NO";"NO";"NO";"NO";"NO";"NO";"NO";"NO";"NO";"NO";"35bcdc15f7d829f94651c334c9ebfb09c0e7cd37";"Use System.getenv where available. Faster and more reliable than /usr/bin/env and its ilk.   git-svn-id: https://svn.apache.org/repos/asf/ant/core/trunk@948853 13f79535-47bb-0310-9956-ffa450edef68 ";"1";"-1"
"ExecuteJava.java";"org.apache.tools.ant.taskdefs";"NO";"NO";"NO";"NO";"NO";"NO";"NO";"NO";"NO";"NO";"NO";"NO";"NO";"";"";"0";"0"
"ExecuteStreamHandler.java";"org.apache.tools.ant.taskdefs";"NO";"NO";"NO";"NO";"NO";"NO";"NO";"NO";"NO";"NO";"NO";"NO";"NO";"";"";"0";"0"
"ExecuteWatchdog.java";"org.apache.tools.ant.taskdefs";"NO";"NO";"NO";"NO";"NO";"NO";"NO";"NO";"NO";"NO";"NO";"NO";"NO";"";"";"0";"0"
"Exit.java";"org.apache.tools.ant.taskdefs";"NO";"NO";"NO";"NO";"NO";"NO";"NO";"NO";"NO";"NO";"NO";"NO";"NO";"";"";"0";"0"
"Filter.java";"org.apache.tools.ant.taskdefs";"NO";"NO";"NO";"NO";"NO";"NO";"NO";"NO";"NO";"NO";"NO";"NO";"NO";"";"";"0";"0"
"FixCRLF.java";"org.apache.tools.ant.taskdefs";"NO";"NO";"NO";"NO";"NO";"NO";"NO";"NO";"NO";"NO";"NO";"NO";"NO";"";"";"0";"0"
"Get.java";"org.apache.tools.ant.taskdefs";"NO";"NO";"NO";"NO";"NO";"NO";"NO";"NO";"NO";"NO";"NO";"NO";"NO";"a28f64f5cf1b63d9342683d77d79a5cdf9e67f85";"fix a bunch of warnings you get when building on Harmony which uses Eclipse's compiler.  There are still lots (more than 100) of deprecation warnings and warnings about missing serialversionids that I have ignored.  git-svn-id: https://svn.apache.org/repos/asf/ant/core/trunk@1037691 13f79535-47bb-0310-9956-ffa450edef68 ";"1";"-1"
"GUnzip.java";"org.apache.tools.ant.taskdefs";"NO";"NO";"NO";"NO";"NO";"NO";"NO";"NO";"NO";"NO";"NO";"NO";"NO";"";"";"0";"0"
"GZip.java";"org.apache.tools.ant.taskdefs";"NO";"NO";"NO";"NO";"NO";"NO";"NO";"NO";"NO";"NO";"NO";"NO";"NO";"";"";"0";"0"
"Jar.java";"org.apache.tools.ant.taskdefs";"NO";"NO";"NO";"NO";"NO";"NO";"NO";"NO";"NO";"NO";"NO";"NO";"NO";"282291fb51250021150ac1548fbe8f20044c1302";"<jar doesn't merge manifests that come from zipfilesets with prefix.  PR 49605  git-svn-id: https://svn.apache.org/repos/asf/ant/core/trunk@983308 13f79535-47bb-0310-9956-ffa450edef68 ";"1";"-1"
"Java.java";"org.apache.tools.ant.taskdefs";"NO";"NO";"NO";"NO";"NO";"NO";"NO";"NO";"NO";"NO";"NO";"NO";"NO";"74f2e55f3c8dbbb5e162854964c52b41454650cc";"make the flush of the error stream actually flush   git-svn-id: https://svn.apache.org/repos/asf/ant/core/trunk@958704 13f79535-47bb-0310-9956-ffa450edef68 ";"1";"-1"
"JavacOutputStream.java";"org.apache.tools.ant.taskdefs";"NO";"NO";"NO";"NO";"NO";"NO";"NO";"NO";"NO";"NO";"NO";"NO";"NO";"";"";"0";"0"
"Jikes.java";"org.apache.tools.ant.taskdefs";"NO";"NO";"NO";"NO";"NO";"NO";"NO";"NO";"NO";"NO";"NO";"NO";"NO";"";"";"0";"0"
"JikesOutputParser.java";"org.apache.tools.ant.taskdefs";"NO";"NO";"NO";"NO";"NO";"NO";"NO";"NO";"NO";"NO";"NO";"NO";"NO";"";"";"0";"0"
"KeySubst.java";"org.apache.tools.ant.taskdefs";"NO";"NO";"NO";"NO";"NO";"NO";"NO";"NO";"NO";"NO";"NO";"NO";"NO";"";"";"0";"0"
"LogOutputStream.java";"org.apache.tools.ant.taskdefs";"NO";"NO";"NO";"NO";"NO";"NO";"NO";"NO";"NO";"NO";"NO";"NO";"NO";"";"";"0";"0"
"LogStreamHandler.java";"org.apache.tools.ant.taskdefs";"NO";"NO";"NO";"NO";"NO";"NO";"NO";"NO";"NO";"NO";"NO";"NO";"NO";"";"";"0";"0"
"Mkdir.java";"org.apache.tools.ant.taskdefs";"NO";"NO";"NO";"NO";"NO";"NO";"NO";"NO";"NO";"NO";"NO";"NO";"NO";"87fe422628e33293d7f15ef947992a494dd78591";"multiple parallel mkdirs could make each other fail.  PR 49572  git-svn-id: https://svn.apache.org/repos/asf/ant/core/trunk@962483 13f79535-47bb-0310-9956-ffa450edef68 ";"1";"-1"
"Move.java";"org.apache.tools.ant.taskdefs";"NO";"NO";"NO";"NO";"NO";"NO";"NO";"NO";"NO";"NO";"NO";"NO";"NO";"38cd07c803eecac97c9238a4e23af3efa353228c";"don't rely on IntorspectionHelper normalizing file names in signjar.  PR 50081.  git-svn-id: https://svn.apache.org/repos/asf/ant/core/trunk@1026982 13f79535-47bb-0310-9956-ffa450edef68 ";"1";"-1"
"Move.java";"org.apache.tools.ant.taskdefs";"NO";"NO";"NO";"NO";"NO";"NO";"NO";"NO";"NO";"NO";"NO";"NO";"NO";"3209b4182fb36ca8eeb764b0f567aee7145dd61b";"allow file names to be 'fixed in case' on Windows.  PR 41948  git-svn-id: https://svn.apache.org/repos/asf/ant/core/trunk@954785 13f79535-47bb-0310-9956-ffa450edef68 ";"1";"-1"
"Move.java";"org.apache.tools.ant.taskdefs";"NO";"NO";"NO";"NO";"NO";"NO";"NO";"NO";"NO";"NO";"NO";"NO";"NO";"508bb0dae114778e531d55d849b70e503c7c7edb";"Make <move> behave consistently for read-only destinations.  PR 49261  git-svn-id: https://svn.apache.org/repos/asf/ant/core/trunk@943056 13f79535-47bb-0310-9956-ffa450edef68 ";"1";"-1"
"DDCreator.java";"org.apache.tools.ant.taskdefs.optional.ejb";"NO";"NO";"NO";"NO";"NO";"NO";"NO";"NO";"NO";"NO";"NO";"NO";"NO";"";"";"0";"0"
"DDCreatorHelper.java";"org.apache.tools.ant.taskdefs.optional.ejb";"NO";"NO";"NO";"NO";"NO";"NO";"NO";"NO";"NO";"NO";"NO";"NO";"NO";"";"";"0";"0"
"DescriptorHandler.java";"org.apache.tools.ant.taskdefs.optional.ejb";"NO";"NO";"NO";"NO";"NO";"NO";"NO";"NO";"NO";"NO";"NO";"NO";"NO";"";"";"0";"0"
"Ejbc.java";"org.apache.tools.ant.taskdefs.optional.ejb";"NO";"NO";"NO";"NO";"NO";"NO";"NO";"NO";"NO";"NO";"NO";"NO";"NO";"";"";"0";"0"
"EjbcHelper.java";"org.apache.tools.ant.taskdefs.optional.ejb";"NO";"NO";"NO";"NO";"NO";"NO";"NO";"NO";"NO";"NO";"NO";"NO";"NO";"";"";"0";"0"
"EJBDeploymentTool.java";"org.apache.tools.ant.taskdefs.optional.ejb";"NO";"NO";"NO";"NO";"NO";"NO";"NO";"NO";"NO";"NO";"NO";"NO";"NO";"";"";"0";"0"
"EjbJar.java";"org.apache.tools.ant.taskdefs.optional.ejb";"NO";"NO";"NO";"NO";"NO";"NO";"NO";"NO";"NO";"NO";"NO";"NO";"NO";"";"";"0";"0"
"InnerClassFilenameFilter.java";"org.apache.tools.ant.taskdefs.optional.ejb";"NO";"NO";"NO";"NO";"NO";"NO";"NO";"NO";"NO";"NO";"NO";"NO";"NO";"";"";"0";"0"
"WeblogicTOPLinkDeploymentTool.java";"org.apache.tools.ant.taskdefs.optional.ejb";"NO";"NO";"NO";"NO";"NO";"NO";"NO";"NO";"NO";"NO";"NO";"NO";"NO";"";"";"0";"0"
"WLRun.java";"org.apache.tools.ant.taskdefs.optional.ejb";"NO";"NO";"NO";"NO";"NO";"NO";"NO";"NO";"NO";"NO";"NO";"NO";"NO";"";"";"0";"0"
"WLStop.java";"org.apache.tools.ant.taskdefs.optional.ejb";"NO";"NO";"NO";"NO";"NO";"NO";"NO";"NO";"NO";"NO";"NO";"NO";"NO";"";"";"0";"0"
"FTP.java";"org.apache.tools.ant.taskdefs.optional";"NO";"NO";"NO";"NO";"NO";"NO";"NO";"NO";"NO";"NO";"NO";"NO";"NO";"";"";"0";"0"
"JavaCC.java";"org.apache.tools.ant.taskdefs.optional.javacc";"NO";"NO";"NO";"NO";"NO";"NO";"NO";"NO";"NO";"NO";"NO";"NO";"NO";"";"";"0";"0"
"JJTree.java";"org.apache.tools.ant.taskdefs.optional.javacc";"NO";"NO";"NO";"NO";"NO";"NO";"NO";"NO";"NO";"NO";"NO";"NO";"NO";"";"";"0";"0"
"ClassNameReader.java";"org.apache.tools.ant.taskdefs.optional.jlink";"NO";"NO";"NO";"NO";"NO";"NO";"NO";"NO";"NO";"NO";"NO";"NO";"NO";"";"";"0";"0"
"jlink.java";"org.apache.tools.ant.taskdefs.optional.jlink";"NO";"NO";"NO";"NO";"NO";"NO";"NO";"NO";"NO";"NO";"NO";"NO";"NO";"";"";"0";"0"
"JlinkTask.java";"org.apache.tools.ant.taskdefs.optional.jlink";"NO";"NO";"NO";"NO";"NO";"NO";"NO";"NO";"NO";"NO";"NO";"NO";"NO";"";"";"0";"0"
"WLJspc.java";"org.apache.tools.ant.taskdefs.optional.jsp";"NO";"NO";"NO";"NO";"NO";"NO";"NO";"NO";"NO";"NO";"NO";"NO";"NO";"";"";"0";"0"
"BaseTest.java";"org.apache.tools.ant.taskdefs.optional.junit";"NO";"NO";"NO";"NO";"NO";"NO";"NO";"NO";"NO";"NO";"NO";"NO";"NO";"";"";"0";"0"
"BatchTest.java";"org.apache.tools.ant.taskdefs.optional.junit";"NO";"NO";"NO";"NO";"NO";"NO";"NO";"NO";"NO";"NO";"NO";"NO";"NO";"";"";"0";"0"
"FormatterElement.java";"org.apache.tools.ant.taskdefs.optional.junit";"NO";"NO";"NO";"NO";"NO";"NO";"NO";"NO";"NO";"NO";"NO";"NO";"NO";"8de81028e45c54b750a0024bf64eaa0ea9e369ea";"Fixing various dependencies, mostly from FindBugs, some from the NetBeans editor.   git-svn-id: https://svn.apache.org/repos/asf/ant/core/trunk@960931 13f79535-47bb-0310-9956-ffa450edef68 ";"1";"-1"
"JUnitResultFormatter.java";"org.apache.tools.ant.taskdefs.optional.junit";"NO";"NO";"NO";"NO";"NO";"NO";"NO";"NO";"NO";"NO";"NO";"NO";"NO";"";"";"0";"0"
"JUnitTask.java";"org.apache.tools.ant.taskdefs.optional.junit";"NO";"NO";"NO";"NO";"NO";"NO";"NO";"NO";"NO";"NO";"NO";"NO";"NO";"222846dc00c6668720ff29a015ddaf50e1b2695e";"needed for execution of single methods according to email of Jesse Glick. Bugzilla 34748.reference of the email http://mail-archives.apache.org/mod_mbox/ant-dev/201012.mbox/%3Cloom.20101217T222806-442@post.gmane.org%3E  git-svn-id: https://svn.apache.org/repos/asf/ant/core/trunk@1050993 13f79535-47bb-0310-9956-ffa450edef68 ";"1";"-1"
"JUnitTask.java";"org.apache.tools.ant.taskdefs.optional.junit";"NO";"NO";"NO";"NO";"NO";"NO";"NO";"NO";"NO";"NO";"NO";"NO";"NO";"ff41336fc19f549bc995898f4543da6d7e9d9bf9";"provide a Map based method to access environment variables and use that.  Don't use System.getenv() on OpenVMS.  PR 49366  git-svn-id: https://svn.apache.org/repos/asf/ant/core/trunk@1039400 13f79535-47bb-0310-9956-ffa450edef68 ";"1";"-1"
"JUnitTask.java";"org.apache.tools.ant.taskdefs.optional.junit";"NO";"NO";"NO";"NO";"NO";"NO";"NO";"NO";"NO";"NO";"NO";"NO";"NO";"a18d38bbd2dc287393f0b6412af3727f93a4fd5b";"the package name ends at the last dot of a classname, not the first.  PR 45227.  git-svn-id: https://svn.apache.org/repos/asf/ant/core/trunk@1027142 13f79535-47bb-0310-9956-ffa450edef68 ";"1";"-1"
"JUnitTask.java";"org.apache.tools.ant.taskdefs.optional.junit";"NO";"NO";"NO";"NO";"NO";"NO";"NO";"NO";"NO";"NO";"NO";"NO";"NO";"7fd46296e105c7a7abc57b5cf2aee10a3466a9e9";"allow test listener events to be enabled by an attribute or a magic property - disable them by default  git-svn-id: https://svn.apache.org/repos/asf/ant/core/trunk@987139 13f79535-47bb-0310-9956-ffa450edef68 ";"1";"-1"
"JUnitTask.java";"org.apache.tools.ant.taskdefs.optional.junit";"NO";"NO";"NO";"NO";"NO";"NO";"NO";"NO";"NO";"NO";"NO";"NO";"NO";"8de81028e45c54b750a0024bf64eaa0ea9e369ea";"Fixing various dependencies, mostly from FindBugs, some from the NetBeans editor.   git-svn-id: https://svn.apache.org/repos/asf/ant/core/trunk@960931 13f79535-47bb-0310-9956-ffa450edef68 ";"1";"-1"
"JUnitTask.java";"org.apache.tools.ant.taskdefs.optional.junit";"NO";"NO";"NO";"NO";"NO";"NO";"NO";"NO";"NO";"NO";"NO";"NO";"NO";"047941f0312007c9145af76a61f428ad68da7583";"don't warn about multiple versions of Ant if the CLASSPATH entries really point to the same JAR.  PR 49041  git-svn-id: https://svn.apache.org/repos/asf/ant/core/trunk@955909 13f79535-47bb-0310-9956-ffa450edef68 ";"1";"-1"
"JUnitTask.java";"org.apache.tools.ant.taskdefs.optional.junit";"NO";"NO";"NO";"NO";"NO";"NO";"NO";"NO";"NO";"NO";"NO";"NO";"NO";"114d55869f46b382375b6b32ddc17bb2e5fc598c";"#34748: run individual test methods.   git-svn-id: https://svn.apache.org/repos/asf/ant/core/trunk@953761 13f79535-47bb-0310-9956-ffa450edef68 ";"1";"-1"
"JUnitTask.java";"org.apache.tools.ant.taskdefs.optional.junit";"NO";"NO";"NO";"NO";"NO";"NO";"NO";"NO";"NO";"NO";"NO";"NO";"NO";"436200f3e3b2954187d82497a395b7d2f7f78475";"provide file name when you fail to delete the temporary file.  PR 49419  git-svn-id: https://svn.apache.org/repos/asf/ant/core/trunk@953261 13f79535-47bb-0310-9956-ffa450edef68 ";"1";"-1"
"JUnitTask.java";"org.apache.tools.ant.taskdefs.optional.junit";"NO";"NO";"NO";"NO";"NO";"NO";"NO";"NO";"NO";"NO";"NO";"NO";"NO";"7a1ed77a080ef10a391719dd02e83cdefe2adf2f";"try a little harder when deleting temporary files in <junit>  git-svn-id: https://svn.apache.org/repos/asf/ant/core/trunk@953257 13f79535-47bb-0310-9956-ffa450edef68 ";"1";"-1"
"JUnitTest.java";"org.apache.tools.ant.taskdefs.optional.junit";"NO";"NO";"NO";"NO";"NO";"NO";"NO";"NO";"NO";"NO";"NO";"NO";"NO";"8de81028e45c54b750a0024bf64eaa0ea9e369ea";"Fixing various dependencies, mostly from FindBugs, some from the NetBeans editor.   git-svn-id: https://svn.apache.org/repos/asf/ant/core/trunk@960931 13f79535-47bb-0310-9956-ffa450edef68 ";"1";"-1"
"JUnitTest.java";"org.apache.tools.ant.taskdefs.optional.junit";"NO";"NO";"NO";"NO";"NO";"NO";"NO";"NO";"NO";"NO";"NO";"NO";"NO";"114d55869f46b382375b6b32ddc17bb2e5fc598c";"#34748: run individual test methods.   git-svn-id: https://svn.apache.org/repos/asf/ant/core/trunk@953761 13f79535-47bb-0310-9956-ffa450edef68 ";"1";"-1"
"JUnitTestRunner.java";"org.apache.tools.ant.taskdefs.optional.junit";"NO";"NO";"NO";"NO";"NO";"NO";"NO";"NO";"NO";"NO";"NO";"NO";"NO";"8de81028e45c54b750a0024bf64eaa0ea9e369ea";"Fixing various dependencies, mostly from FindBugs, some from the NetBeans editor.   git-svn-id: https://svn.apache.org/repos/asf/ant/core/trunk@960931 13f79535-47bb-0310-9956-ffa450edef68 ";"1";"-1"
"JUnitTestRunner.java";"org.apache.tools.ant.taskdefs.optional.junit";"NO";"NO";"NO";"NO";"NO";"NO";"NO";"NO";"NO";"NO";"NO";"NO";"NO";"114d55869f46b382375b6b32ddc17bb2e5fc598c";"#34748: run individual test methods.   git-svn-id: https://svn.apache.org/repos/asf/ant/core/trunk@953761 13f79535-47bb-0310-9956-ffa450edef68 ";"1";"-1"
"PlainJUnitResultFormatter.java";"org.apache.tools.ant.taskdefs.optional.junit";"NO";"NO";"NO";"NO";"NO";"NO";"NO";"NO";"NO";"NO";"NO";"NO";"NO";"";"";"0";"0"
"SummaryJUnitResultFormatter.java";"org.apache.tools.ant.taskdefs.optional.junit";"NO";"NO";"NO";"NO";"NO";"NO";"NO";"NO";"NO";"NO";"NO";"NO";"NO";"";"";"0";"0"
"XMLJUnitResultFormatter.java";"org.apache.tools.ant.taskdefs.optional.junit";"NO";"NO";"NO";"NO";"NO";"NO";"NO";"NO";"NO";"NO";"NO";"NO";"NO";"";"";"0";"0"
"MParse.java";"org.apache.tools.ant.taskdefs.optional.metamata";"NO";"NO";"NO";"NO";"NO";"NO";"NO";"NO";"NO";"NO";"NO";"NO";"NO";"";"";"0";"0"
"Native2Ascii.java";"org.apache.tools.ant.taskdefs.optional";"NO";"NO";"NO";"NO";"NO";"NO";"NO";"NO";"NO";"NO";"NO";"NO";"NO";"";"";"0";"0"
"P4sync.java";"org.apache.tools.ant.taskdefs.optional.perforce";"NO";"NO";"NO";"NO";"NO";"NO";"NO";"NO";"NO";"NO";"NO";"NO";"NO";"";"";"0";"0"
"RenameExtensions.java";"org.apache.tools.ant.taskdefs.optional";"NO";"NO";"NO";"NO";"NO";"NO";"NO";"NO";"NO";"NO";"NO";"NO";"NO";"";"";"0";"0"
"AntStarTeamCheckOut.java";"org.apache.tools.ant.taskdefs.optional.scm";"NO";"NO";"NO";"NO";"NO";"NO";"NO";"NO";"NO";"NO";"NO";"NO";"NO";"";"";"0";"0"
"Script.java";"org.apache.tools.ant.taskdefs.optional";"NO";"NO";"NO";"NO";"NO";"NO";"NO";"NO";"NO";"NO";"NO";"NO";"NO";"";"";"0";"0"
"MSVSS.java";"org.apache.tools.ant.taskdefs.optional.vss";"NO";"NO";"NO";"NO";"NO";"NO";"NO";"NO";"NO";"NO";"NO";"NO";"NO";"";"";"0";"0"
"MSVSSGET.java";"org.apache.tools.ant.taskdefs.optional.vss";"NO";"NO";"NO";"NO";"NO";"NO";"NO";"NO";"NO";"NO";"NO";"NO";"NO";"";"";"0";"0"
"XalanLiaison.java";"org.apache.tools.ant.taskdefs.optional";"NO";"NO";"NO";"NO";"NO";"NO";"NO";"NO";"NO";"NO";"NO";"NO";"NO";"";"";"0";"0"
"XslpLiaison.java";"org.apache.tools.ant.taskdefs.optional";"NO";"NO";"NO";"NO";"NO";"NO";"NO";"NO";"NO";"NO";"NO";"NO";"NO";"";"";"0";"0"
"Patch.java";"org.apache.tools.ant.taskdefs";"NO";"NO";"NO";"NO";"NO";"NO";"NO";"NO";"NO";"NO";"NO";"NO";"NO";"";"";"0";"0"
"Property.java";"org.apache.tools.ant.taskdefs";"NO";"NO";"NO";"NO";"NO";"NO";"NO";"NO";"NO";"NO";"NO";"NO";"NO";"ff41336fc19f549bc995898f4543da6d7e9d9bf9";"provide a Map based method to access environment variables and use that.  Don't use System.getenv() on OpenVMS.  PR 49366  git-svn-id: https://svn.apache.org/repos/asf/ant/core/trunk@1039400 13f79535-47bb-0310-9956-ffa450edef68 ";"1";"-1"
"Property.java";"org.apache.tools.ant.taskdefs";"NO";"NO";"NO";"NO";"NO";"NO";"NO";"NO";"NO";"NO";"NO";"NO";"NO";"a28f64f5cf1b63d9342683d77d79a5cdf9e67f85";"fix a bunch of warnings you get when building on Harmony which uses Eclipse's compiler.  There are still lots (more than 100) of deprecation warnings and warnings about missing serialversionids that I have ignored.  git-svn-id: https://svn.apache.org/repos/asf/ant/core/trunk@1037691 13f79535-47bb-0310-9956-ffa450edef68 ";"1";"-1"
"Property.java";"org.apache.tools.ant.taskdefs";"NO";"NO";"NO";"NO";"NO";"NO";"NO";"NO";"NO";"NO";"NO";"NO";"NO";"f67b8649e8b40f489ea4091276cfffb010beae99";"reinstate prefix handling of property task at the expense of even more state in a thread-unfriendly class and with a new attribute on two tasks to make everybody happy.  PR 49373.  git-svn-id: https://svn.apache.org/repos/asf/ant/core/trunk@959019 13f79535-47bb-0310-9956-ffa450edef68 ";"2";"-1"
"PumpStreamHandler.java";"org.apache.tools.ant.taskdefs";"NO";"NO";"NO";"NO";"NO";"NO";"NO";"NO";"NO";"NO";"NO";"NO";"NO";"b9db9faf83f210da3525bb3b253de576ef07bc6a";"fixing warnings in javadoc generation  git-svn-id: https://svn.apache.org/repos/asf/ant/core/trunk@1043505 13f79535-47bb-0310-9956-ffa450edef68 ";"1";"-1"
"PumpStreamHandler.java";"org.apache.tools.ant.taskdefs";"NO";"NO";"NO";"NO";"NO";"NO";"NO";"NO";"NO";"NO";"NO";"NO";"NO";"1b30eea4620f697369cb2948254e5ad7fac5fe99";"bug #49119:  - put the fix back again but only for input which is not a string or a file  - and a unit test   git-svn-id: https://svn.apache.org/repos/asf/ant/core/trunk@986668 13f79535-47bb-0310-9956-ffa450edef68 ";"1";"-1"
"PumpStreamHandler.java";"org.apache.tools.ant.taskdefs";"NO";"NO";"NO";"NO";"NO";"NO";"NO";"NO";"NO";"NO";"NO";"NO";"NO";"51971d6330cc1a1d2d7515887dc55cb120395cd5";"r985632 : actually it is breaking unit test, reverting   git-svn-id: https://svn.apache.org/repos/asf/ant/core/trunk@985640 13f79535-47bb-0310-9956-ffa450edef68 ";"1";"-1"
"PumpStreamHandler.java";"org.apache.tools.ant.taskdefs";"NO";"NO";"NO";"NO";"NO";"NO";"NO";"NO";"NO";"NO";"NO";"NO";"NO";"11d029431b023d8be1ccb2240ca7e6cdde99748d";"Bug #49119 : A forked <java> task is creating a pumping thread on the input stream. The read was made blocking, so the pumping thread is still blocked after <java> finished. So it will steal the first flushed charaters from the input stream. Making the pumping non blocking fixed the issue.   git-svn-id: https://svn.apache.org/repos/asf/ant/core/trunk@985632 13f79535-47bb-0310-9956-ffa450edef68 ";"1";"-3"
"Rename.java";"org.apache.tools.ant.taskdefs";"NO";"NO";"NO";"NO";"NO";"NO";"NO";"NO";"NO";"NO";"NO";"NO";"NO";"";"";"0";"0"
"Replace.java";"org.apache.tools.ant.taskdefs";"NO";"NO";"NO";"NO";"NO";"NO";"NO";"NO";"NO";"NO";"NO";"NO";"NO";"a28f64f5cf1b63d9342683d77d79a5cdf9e67f85";"fix a bunch of warnings you get when building on Harmony which uses Eclipse's compiler.  There are still lots (more than 100) of deprecation warnings and warnings about missing serialversionids that I have ignored.  git-svn-id: https://svn.apache.org/repos/asf/ant/core/trunk@1037691 13f79535-47bb-0310-9956-ffa450edef68 ";"1";"-1"
"Rmic.java";"org.apache.tools.ant.taskdefs";"NO";"NO";"NO";"NO";"NO";"NO";"NO";"NO";"NO";"NO";"NO";"NO";"NO";"";"";"0";"0"
"SendEmail.java";"org.apache.tools.ant.taskdefs";"NO";"NO";"NO";"NO";"NO";"NO";"NO";"NO";"NO";"NO";"NO";"NO";"NO";"";"";"0";"0"
"SignJar.java";"org.apache.tools.ant.taskdefs";"NO";"NO";"NO";"NO";"NO";"NO";"NO";"NO";"NO";"NO";"NO";"NO";"NO";"66750f9349cc962a5dcaa0807dcd693b9c2e0e8a";"whitespace  git-svn-id: https://svn.apache.org/repos/asf/ant/core/trunk@1026986 13f79535-47bb-0310-9956-ffa450edef68 ";"1";"-1"
"SignJar.java";"org.apache.tools.ant.taskdefs";"NO";"NO";"NO";"NO";"NO";"NO";"NO";"NO";"NO";"NO";"NO";"NO";"NO";"38cd07c803eecac97c9238a4e23af3efa353228c";"don't rely on IntorspectionHelper normalizing file names in signjar.  PR 50081.  git-svn-id: https://svn.apache.org/repos/asf/ant/core/trunk@1026982 13f79535-47bb-0310-9956-ffa450edef68 ";"1";"-1"
"SignJar.java";"org.apache.tools.ant.taskdefs";"NO";"NO";"NO";"NO";"NO";"NO";"NO";"NO";"NO";"NO";"NO";"NO";"NO";"4276a308cb36f1a305f4c9ab2aae6c0091841e9c";"Use FileUtils#setFileLastModified instead of File#setLastModified  git-svn-id: https://svn.apache.org/repos/asf/ant/core/trunk@957441 13f79535-47bb-0310-9956-ffa450edef68 ";"1";"-1"
"StreamPumper.java";"org.apache.tools.ant.taskdefs";"NO";"NO";"NO";"NO";"NO";"NO";"NO";"NO";"NO";"NO";"NO";"NO";"NO";"";"";"0";"0"
"Taskdef.java";"org.apache.tools.ant.taskdefs";"NO";"NO";"NO";"NO";"NO";"NO";"NO";"NO";"NO";"NO";"NO";"NO";"NO";"";"";"0";"0"
"TaskOutputStream.java";"org.apache.tools.ant.taskdefs";"NO";"NO";"NO";"NO";"NO";"NO";"NO";"NO";"NO";"NO";"NO";"NO";"NO";"";"";"0";"0"
"Touch.java";"org.apache.tools.ant.taskdefs";"NO";"NO";"NO";"NO";"NO";"NO";"NO";"NO";"NO";"NO";"NO";"NO";"NO";"";"";"0";"0"
"Tstamp.java";"org.apache.tools.ant.taskdefs";"NO";"NO";"NO";"NO";"NO";"NO";"NO";"NO";"NO";"NO";"NO";"NO";"NO";"";"";"0";"0"
"Untar.java";"org.apache.tools.ant.taskdefs";"NO";"NO";"NO";"NO";"NO";"NO";"NO";"NO";"NO";"NO";"NO";"NO";"NO";"";"";"0";"0"
"UpToDate.java";"org.apache.tools.ant.taskdefs";"NO";"NO";"NO";"NO";"NO";"NO";"NO";"NO";"NO";"NO";"NO";"NO";"NO";"";"";"0";"0"
"War.java";"org.apache.tools.ant.taskdefs";"NO";"NO";"NO";"NO";"NO";"NO";"NO";"NO";"NO";"NO";"NO";"NO";"NO";"";"";"0";"0"
"XSLTLiaison.java";"org.apache.tools.ant.taskdefs";"NO";"NO";"NO";"NO";"NO";"NO";"NO";"NO";"NO";"NO";"NO";"NO";"NO";"";"";"0";"0"
"DataType.java";"org.apache.tools.ant.types";"NO";"NO";"NO";"NO";"NO";"NO";"NO";"NO";"NO";"NO";"NO";"NO";"NO";"";"";"0";"0"
"EnumeratedAttribute.java";"org.apache.tools.ant.types";"NO";"NO";"NO";"NO";"NO";"NO";"NO";"NO";"NO";"NO";"NO";"NO";"NO";"";"";"0";"0"
"Environment.java";"org.apache.tools.ant.types";"NO";"NO";"NO";"NO";"NO";"NO";"NO";"NO";"NO";"NO";"NO";"NO";"NO";"";"";"0";"0"
"PatternSet.java";"org.apache.tools.ant.types";"NO";"NO";"NO";"NO";"NO";"NO";"NO";"NO";"NO";"NO";"NO";"NO";"NO";"";"";"0";"0"
"Reference.java";"org.apache.tools.ant.types";"NO";"NO";"NO";"NO";"NO";"NO";"NO";"NO";"NO";"NO";"NO";"NO";"NO";"";"";"0";"0"
"UnknownElement.java";"org.apache.tools.ant";"NO";"NO";"NO";"NO";"NO";"NO";"NO";"NO";"NO";"NO";"NO";"NO";"NO";"74f2e55f3c8dbbb5e162854964c52b41454650cc";"make the flush of the error stream actually flush   git-svn-id: https://svn.apache.org/repos/asf/ant/core/trunk@958704 13f79535-47bb-0310-9956-ffa450edef68 ";"1";"-1"
"XmlLogger.java";"org.apache.tools.ant";"NO";"NO";"NO";"NO";"NO";"NO";"NO";"NO";"NO";"NO";"NO";"NO";"NO";"";"";"0";"0"
"MailMessage.java";"org.apache.tools.mail";"NO";"NO";"NO";"NO";"NO";"NO";"NO";"NO";"NO";"NO";"NO";"NO";"NO";"";"";"0";"0"
"TarBuffer.java";"org.apache.tools.tar";"NO";"NO";"NO";"NO";"NO";"NO";"NO";"NO";"NO";"NO";"NO";"NO";"NO";"036a9cd77d5b75ee04f466e62c8dcde96929551a";"write all buffered data to the stream in TarOutputStream#finish.  PR 50014  git-svn-id: https://svn.apache.org/repos/asf/ant/core/trunk@1027431 13f79535-47bb-0310-9956-ffa450edef68 ";"1";"-1"
"TarConstants.java";"org.apache.tools.tar";"NO";"NO";"NO";"NO";"NO";"NO";"NO";"NO";"NO";"NO";"NO";"NO";"NO";"";"";"0";"0"
"TarEntry.java";"org.apache.tools.tar";"NO";"NO";"NO";"NO";"NO";"NO";"NO";"NO";"NO";"NO";"NO";"NO";"NO";"";"";"0";"0"
"TarInputStream.java";"org.apache.tools.tar";"NO";"NO";"NO";"NO";"NO";"NO";"NO";"NO";"NO";"NO";"NO";"NO";"NO";"";"";"0";"0"
"TarOutputStream.java";"org.apache.tools.tar";"NO";"NO";"NO";"NO";"NO";"NO";"NO";"NO";"NO";"NO";"NO";"NO";"NO";"036a9cd77d5b75ee04f466e62c8dcde96929551a";"write all buffered data to the stream in TarOutputStream#finish.  PR 50014  git-svn-id: https://svn.apache.org/repos/asf/ant/core/trunk@1027431 13f79535-47bb-0310-9956-ffa450edef68 ";"1";"-1"
"TarUtils.java";"org.apache.tools.tar";"NO";"NO";"NO";"NO";"NO";"NO";"NO";"NO";"NO";"NO";"NO";"NO";"NO";"";"";"0";"0"
