"CLASS NAME";"PACKAGE";"CLASS DATA SHOULD BE PRIVATE";"COMPLEX CLASS";"FEATURE ENVY";"INAPPROPRIATE INTIMACY";"LARGE CLASS";"LAZY CLASS";"LONG METHODS";"LONG PARAMETER LIST";"MESSAGE CHAIN";"MIDDLE MAN";"REFUSED BEQUEST";"SPAGHETTI CODE";"SPECULATIVE GENERALITY";"SHA-1";"COMMIT MESSAGE";"POSITIVITY";"NEGATIVITY"
"MagicNames.java";"org.apache.tools.ant";"YES";"NO";"NO";"NO";"NO";"NO";"NO";"NO";"NO";"NO";"NO";"NO";"NO";"5184f14831e2987c93d2cbbf5da2318ca5c00241";"formatting & MagicNames  git-svn-id: https://svn.apache.org/repos/asf/ant/core/trunk@549699 13f79535-47bb-0310-9956-ffa450edef68 ";"1";"-1"
"MagicNames.java";"org.apache.tools.ant";"YES";"NO";"NO";"NO";"NO";"NO";"NO";"NO";"NO";"NO";"NO";"NO";"NO";"75be9525ea752e7375f52e913672be5c0eac4afa";"ws  git-svn-id: https://svn.apache.org/repos/asf/ant/core/trunk@549255 13f79535-47bb-0310-9956-ffa450edef68 ";"1";"-1"
"MagicNames.java";"org.apache.tools.ant";"YES";"NO";"NO";"NO";"NO";"NO";"NO";"NO";"NO";"NO";"NO";"NO";"NO";"c2162d25b4f48d20ca65d8aa7ffedd1e5972309f";"minor javadoc tweaks  git-svn-id: https://svn.apache.org/repos/asf/ant/core/trunk@537862 13f79535-47bb-0310-9956-ffa450edef68 ";"1";"-1"
"P4Counter.java";"org.apache.tools.ant.taskdefs.optional.perforce";"YES";"NO";"NO";"NO";"NO";"NO";"NO";"NO";"NO";"NO";"NO";"NO";"NO";"";"";"0";"0"
"SunRmic.java";"org.apache.tools.ant.taskdefs.rmic";"YES";"NO";"NO";"NO";"NO";"NO";"NO";"NO";"NO";"NO";"NO";"NO";"NO";"751baede8586eff003ba5f379326d2993ec02391";"-merge rmic fix (bug#41349) from trunk  git-svn-id: https://svn.apache.org/repos/asf/ant/core/branches/ANT_17_BRANCH@593012 13f79535-47bb-0310-9956-ffa450edef68 ";"1";"-1"
"SunRmic.java";"org.apache.tools.ant.taskdefs.rmic";"YES";"NO";"NO";"NO";"NO";"NO";"NO";"NO";"NO";"NO";"NO";"NO";"NO";"e52b987d30e5eccda2fb1d223ffb8e9b6edb4a90";"Bug 41349: rmic should strip out -J compiler args when not forking  git-svn-id: https://svn.apache.org/repos/asf/ant/core/trunk@495229 13f79535-47bb-0310-9956-ffa450edef68 ";"1";"-1"
"WLRmic.java";"org.apache.tools.ant.taskdefs.rmic";"YES";"NO";"NO";"NO";"NO";"NO";"NO";"NO";"NO";"NO";"NO";"NO";"NO";"751baede8586eff003ba5f379326d2993ec02391";"-merge rmic fix (bug#41349) from trunk  git-svn-id: https://svn.apache.org/repos/asf/ant/core/branches/ANT_17_BRANCH@593012 13f79535-47bb-0310-9956-ffa450edef68 ";"1";"-1"
"WLRmic.java";"org.apache.tools.ant.taskdefs.rmic";"YES";"NO";"NO";"NO";"NO";"NO";"NO";"NO";"NO";"NO";"NO";"NO";"NO";"795f140bd7e9ea64b855fe49d95ce1396f8c01b1";"checkstyle: remove trailing ws  git-svn-id: https://svn.apache.org/repos/asf/ant/core/branches/ANT_17_BRANCH@564892 13f79535-47bb-0310-9956-ffa450edef68 ";"1";"-1"
"WLRmic.java";"org.apache.tools.ant.taskdefs.rmic";"YES";"NO";"NO";"NO";"NO";"NO";"NO";"NO";"NO";"NO";"NO";"NO";"NO";"e52b987d30e5eccda2fb1d223ffb8e9b6edb4a90";"Bug 41349: rmic should strip out -J compiler args when not forking  git-svn-id: https://svn.apache.org/repos/asf/ant/core/trunk@495229 13f79535-47bb-0310-9956-ffa450edef68 ";"1";"-1"
"ColorMapper.java";"org.apache.tools.ant.types.optional.image";"YES";"NO";"NO";"NO";"NO";"NO";"NO";"NO";"NO";"NO";"NO";"NO";"NO";"";"";"0";"0"
"DepthSelector.java";"org.apache.tools.ant.types.selectors";"YES";"NO";"NO";"NO";"NO";"NO";"NO";"NO";"NO";"NO";"NO";"NO";"NO";"";"";"0";"0"
"XmlConstants.java";"org.apache.tools.ant.util";"YES";"NO";"NO";"NO";"NO";"NO";"NO";"NO";"NO";"NO";"NO";"NO";"NO";"";"";"0";"0"
"IntrospectionHelper.java";"org.apache.tools.ant";"NO";"YES";"NO";"NO";"NO";"NO";"YES";"NO";"NO";"NO";"NO";"NO";"NO";"795f140bd7e9ea64b855fe49d95ce1396f8c01b1";"checkstyle: remove trailing ws  git-svn-id: https://svn.apache.org/repos/asf/ant/core/branches/ANT_17_BRANCH@564892 13f79535-47bb-0310-9956-ffa450edef68 ";"1";"-1"
"IntrospectionHelper.java";"org.apache.tools.ant";"NO";"YES";"NO";"NO";"NO";"NO";"YES";"NO";"NO";"NO";"NO";"NO";"NO";"58a6a007f837228ede7f4d7ac9989e52f17d2063";"merge of checkstyle changes in IntrospectionHelper  git-svn-id: https://svn.apache.org/repos/asf/ant/core/branches/ANT_17_BRANCH@558074 13f79535-47bb-0310-9956-ffa450edef68 ";"1";"-1"
"IntrospectionHelper.java";"org.apache.tools.ant";"NO";"YES";"NO";"NO";"NO";"NO";"YES";"NO";"NO";"NO";"NO";"NO";"NO";"939a6bbf2fb97ec29ecf79c86013846656d8751c";"fmting/max line length, remove unnecessary Java 1.2 compatibility, some unnecessary elses  git-svn-id: https://svn.apache.org/repos/asf/ant/core/trunk@549681 13f79535-47bb-0310-9956-ffa450edef68 ";"1";"-1"
"IntrospectionHelper.java";"org.apache.tools.ant";"NO";"YES";"NO";"NO";"NO";"NO";"YES";"NO";"NO";"NO";"NO";"NO";"NO";"ee2779b5b94b830a888590c16076952941290922";"Very delicate changes to Introspection helper  1. warnings in the javadocs about how sensitive the file is 2. factoring out of the code to handle InvocationTargetExeptions 3. some more javadocs 4. some IDE-hinted warnings about static classes, access modifiers on abstract/private class constructors  git-svn-id: https://svn.apache.org/repos/asf/ant/core/trunk@531486 13f79535-47bb-0310-9956-ffa450edef68 ";"1";"-1"
"IntrospectionHelper.java";"org.apache.tools.ant";"NO";"YES";"NO";"NO";"NO";"NO";"YES";"NO";"NO";"NO";"NO";"NO";"NO";"d9fef334644f1fe2c3867460bc9a903f3ab49d25";"correct the comment to match the code -we only check for string args-  git-svn-id: https://svn.apache.org/repos/asf/ant/core/trunk@531448 13f79535-47bb-0310-9956-ffa450edef68 ";"1";"-1"
"IntrospectionHelper.java";"org.apache.tools.ant";"NO";"YES";"NO";"NO";"NO";"NO";"YES";"NO";"NO";"NO";"NO";"NO";"NO";"77ebd3353d2adddf3021e6a2b1e99d0d0ee81c54";"use parseHumanSizes for longs.  Allows 'computing terms' for any long.  git-svn-id: https://svn.apache.org/repos/asf/ant/core/trunk@513900 13f79535-47bb-0310-9956-ffa450edef68 ";"1";"-1"
"Zip.java";"org.apache.tools.ant.taskdefs";"NO";"YES";"NO";"NO";"YES";"NO";"YES";"NO";"NO";"NO";"NO";"YES";"NO";"da2d1494ba311c08e81f968c82eeeab333d16169";"manual merge of r608939   git-svn-id: https://svn.apache.org/repos/asf/ant/core/branches/ANT_17_BRANCH@608996 13f79535-47bb-0310-9956-ffa450edef68 ";"1";"-1"
"Zip.java";"org.apache.tools.ant.taskdefs";"NO";"YES";"NO";"NO";"YES";"NO";"YES";"NO";"NO";"NO";"NO";"YES";"NO";"f81f7bc3993b17a9215c1e9e7fd76b4850c72ca7";"sync: more magic numbers  git-svn-id: https://svn.apache.org/repos/asf/ant/core/branches/ANT_17_BRANCH@577309 13f79535-47bb-0310-9956-ffa450edef68 ";"1";"-1"
"Zip.java";"org.apache.tools.ant.taskdefs";"NO";"YES";"NO";"NO";"YES";"NO";"YES";"NO";"NO";"NO";"NO";"YES";"NO";"446d3b7d5cf831610737fa8ea59d53f3634300a9";"sync   git-svn-id: https://svn.apache.org/repos/asf/ant/core/branches/ANT_17_BRANCH@567745 13f79535-47bb-0310-9956-ffa450edef68 ";"1";"-1"
"Zip.java";"org.apache.tools.ant.taskdefs";"NO";"YES";"NO";"NO";"YES";"NO";"YES";"NO";"NO";"NO";"NO";"YES";"NO";"2a034ee330e1083807c15335f622b8d14db3e68b";"sync up Zip.java  git-svn-id: https://svn.apache.org/repos/asf/ant/core/branches/ANT_17_BRANCH@567591 13f79535-47bb-0310-9956-ffa450edef68 ";"1";"-1"
"Zip.java";"org.apache.tools.ant.taskdefs";"NO";"YES";"NO";"NO";"YES";"NO";"YES";"NO";"NO";"NO";"NO";"YES";"NO";"7627a966ee4283bebb43ff4f0b6eeb84236a6019";"Reviewed Jar (and parts of Zip) because of BR 42632  git-svn-id: https://svn.apache.org/repos/asf/ant/core/trunk@552218 13f79535-47bb-0310-9956-ffa450edef68 ";"1";"-1"
"Zip.java";"org.apache.tools.ant.taskdefs";"NO";"YES";"NO";"NO";"YES";"NO";"YES";"NO";"NO";"NO";"NO";"YES";"NO";"36a87a6101cf5aa76594d02583b7051f89e7ad4b";"-use FileUtils.close  git-svn-id: https://svn.apache.org/repos/asf/ant/core/trunk@502509 13f79535-47bb-0310-9956-ffa450edef68 ";"1";"-1"
"FTP.java";"org.apache.tools.ant.taskdefs.optional.net";"NO";"YES";"NO";"NO";"NO";"NO";"YES";"NO";"NO";"NO";"NO";"YES";"NO";"da2d1494ba311c08e81f968c82eeeab333d16169";"manual merge of r608939   git-svn-id: https://svn.apache.org/repos/asf/ant/core/branches/ANT_17_BRANCH@608996 13f79535-47bb-0310-9956-ffa450edef68 ";"1";"-1"
"FTP.java";"org.apache.tools.ant.taskdefs.optional.net";"NO";"YES";"NO";"NO";"NO";"NO";"YES";"NO";"NO";"NO";"NO";"YES";"NO";"be43eeb8d52413895726b429f04a40f742ac6cd6";"-backport/merge FileUtils.createTempFile changes as required  git-svn-id: https://svn.apache.org/repos/asf/ant/core/branches/ANT_17_BRANCH@594011 13f79535-47bb-0310-9956-ffa450edef68 ";"1";"-1"
"FTP.java";"org.apache.tools.ant.taskdefs.optional.net";"NO";"YES";"NO";"NO";"NO";"NO";"YES";"NO";"NO";"NO";"NO";"YES";"NO";"d53263c88319b2a83b98c3744b043ab15c02172c";"sync  git-svn-id: https://svn.apache.org/repos/asf/ant/core/branches/ANT_17_BRANCH@574890 13f79535-47bb-0310-9956-ffa450edef68 ";"1";"-1"
"FTP.java";"org.apache.tools.ant.taskdefs.optional.net";"NO";"YES";"NO";"NO";"NO";"NO";"YES";"NO";"NO";"NO";"NO";"YES";"NO";"9b9a92b30598228ef3c6f29f2f865666eb429c37";"Merge of pr 41724  git-svn-id: https://svn.apache.org/repos/asf/ant/core/branches/ANT_17_BRANCH@574316 13f79535-47bb-0310-9956-ffa450edef68 ";"1";"-1"
"FTP.java";"org.apache.tools.ant.taskdefs.optional.net";"NO";"YES";"NO";"NO";"NO";"NO";"YES";"NO";"NO";"NO";"NO";"YES";"NO";"20e8233e7067e6734ae16da0c45ea2e300d8d60d";"Changes after static code analysis. new Long...longValue  new Int...intValue -> Long.parseLong(..) and arraycopy to copy arrays  git-svn-id: https://svn.apache.org/repos/asf/ant/core/trunk@526548 13f79535-47bb-0310-9956-ffa450edef68 ";"1";"-1"
"GenerateKey.java";"org.apache.tools.ant.taskdefs";"NO";"NO";"YES";"NO";"NO";"NO";"NO";"NO";"NO";"NO";"NO";"YES";"NO";"";"";"0";"0"
"Project.java";"org.apache.tools.ant";"NO";"NO";"NO";"NO";"YES";"NO";"NO";"NO";"NO";"NO";"NO";"NO";"NO";"6adf039e783f46420a032ad591ccef1687fdd885";"merge checkstyle  git-svn-id: https://svn.apache.org/repos/asf/ant/core/branches/ANT_17_BRANCH@565106 13f79535-47bb-0310-9956-ffa450edef68 ";"1";"-1"
"Project.java";"org.apache.tools.ant";"NO";"NO";"NO";"NO";"YES";"NO";"NO";"NO";"NO";"NO";"NO";"NO";"NO";"d6ec4ccf3cb256b133215abe7db08131c4b58a4d";"bugzilla bug 42263: ${ant.version} not set in <subant>  git-svn-id: https://svn.apache.org/repos/asf/ant/core/trunk@538995 13f79535-47bb-0310-9956-ffa450edef68 ";"1";"-1"
"Project.java";"org.apache.tools.ant";"NO";"NO";"NO";"NO";"YES";"NO";"NO";"NO";"NO";"NO";"NO";"NO";"NO";"b29f5e1567af5b4bc6744a12d9c3465c6ec63890";"Bugzilla 42334: System properties may be none string objects  git-svn-id: https://svn.apache.org/repos/asf/ant/core/trunk@535312 13f79535-47bb-0310-9956-ffa450edef68 ";"1";"-1"
"Project.java";"org.apache.tools.ant";"NO";"NO";"NO";"NO";"YES";"NO";"NO";"NO";"NO";"NO";"NO";"NO";"NO";"d44807f593435cc95f2db2ddef3553166dc61226";"move and publish public static Project getProject(Object)   git-svn-id: https://svn.apache.org/repos/asf/ant/core/trunk@494952 13f79535-47bb-0310-9956-ffa450edef68 ";"1";"-1"
"Javadoc.java";"org.apache.tools.ant.taskdefs";"NO";"NO";"NO";"NO";"YES";"NO";"NO";"NO";"NO";"NO";"NO";"YES";"NO";"da2d1494ba311c08e81f968c82eeeab333d16169";"manual merge of r608939   git-svn-id: https://svn.apache.org/repos/asf/ant/core/branches/ANT_17_BRANCH@608996 13f79535-47bb-0310-9956-ffa450edef68 ";"1";"-1"
"Javadoc.java";"org.apache.tools.ant.taskdefs";"NO";"NO";"NO";"NO";"YES";"NO";"NO";"NO";"NO";"NO";"NO";"YES";"NO";"9ed83c64527ba987ed22a091fda97475cbcbf769";"sync  git-svn-id: https://svn.apache.org/repos/asf/ant/core/branches/ANT_17_BRANCH@566725 13f79535-47bb-0310-9956-ffa450edef68 ";"1";"-1"
"Javadoc.java";"org.apache.tools.ant.taskdefs";"NO";"NO";"NO";"NO";"YES";"NO";"NO";"NO";"NO";"NO";"NO";"YES";"NO";"7719d03ac2bfbda10f4704d7d73e2a868430b68b";"Bugzilla 41268: rollback 32927  git-svn-id: https://svn.apache.org/repos/asf/ant/core/trunk@491717 13f79535-47bb-0310-9956-ffa450edef68 ";"1";"-1"
"Javadoc.java";"org.apache.tools.ant.taskdefs";"NO";"NO";"NO";"NO";"YES";"NO";"NO";"NO";"NO";"NO";"NO";"YES";"NO";"6672d9d6c7aebc2ff4ccde1cd6d763b28e7f5d40";"#41264: In Ant 1.7.0, <fileset> in <javadoc> does not by default include only **/*.java as the documentation claims and earlier revisions did.   git-svn-id: https://svn.apache.org/repos/asf/ant/core/trunk@491150 13f79535-47bb-0310-9956-ffa450edef68 ";"1";"-1"
"CBZip2OutputStream.java";"org.apache.tools.bzip2";"NO";"NO";"NO";"NO";"YES";"NO";"YES";"NO";"NO";"NO";"NO";"YES";"NO";"25308346b728c8840f22f4a91a6d8fdf35bf7efd";"update license  git-svn-id: https://svn.apache.org/repos/asf/ant/core/trunk@542818 13f79535-47bb-0310-9956-ffa450edef68 ";"1";"-1"
"CBZip2OutputStream.java";"org.apache.tools.bzip2";"NO";"NO";"NO";"NO";"YES";"NO";"YES";"NO";"NO";"NO";"NO";"YES";"NO";"ad9edf5f5ea4a8f2a974726eeb8e656c177357df";"Bugzilla: 41596, rollback CBZip2OutputStream as it created corrupt files - code is reverted to revision 276208  git-svn-id: https://svn.apache.org/repos/asf/ant/core/trunk@542801 13f79535-47bb-0310-9956-ffa450edef68 ";"1";"-1"
"Main.java";"org.apache.tools.ant";"NO";"NO";"NO";"NO";"NO";"NO";"YES";"NO";"NO";"NO";"NO";"NO";"NO";"ab98957ff3e1c2c3d35dd3a6d4cdaf2327016206";"-typo  git-svn-id: https://svn.apache.org/repos/asf/ant/core/trunk@541546 13f79535-47bb-0310-9956-ffa450edef68 ";"1";"-1"
"Main.java";"org.apache.tools.ant";"NO";"NO";"NO";"NO";"NO";"NO";"YES";"NO";"NO";"NO";"NO";"NO";"NO";"d5836ac061734031a67a6c3bb5fb2fe1e73e566f";"Changes after static code analysis. Code totally equivalent  git-svn-id: https://svn.apache.org/repos/asf/ant/core/trunk@526545 13f79535-47bb-0310-9956-ffa450edef68 ";"1";"-1"
"Main.java";"org.apache.tools.ant";"NO";"NO";"NO";"NO";"NO";"NO";"YES";"NO";"NO";"NO";"NO";"NO";"NO";"1af32c7d515fe9f14a34c9a69ac963a71e6407e4";"project cannot be null, few lines bewore and next line would throw NPE.  git-svn-id: https://svn.apache.org/repos/asf/ant/core/trunk@526485 13f79535-47bb-0310-9956-ffa450edef68 ";"1";"-1"
"Main.java";"org.apache.tools.ant";"NO";"NO";"NO";"NO";"NO";"NO";"YES";"NO";"NO";"NO";"NO";"NO";"NO";"71812c8dc2861f7472e84928165f3969705f29c9";"bug id 41904; -autoproxy broken.  git-svn-id: https://svn.apache.org/repos/asf/ant/core/trunk@520382 13f79535-47bb-0310-9956-ffa450edef68 ";"1";"-1"
"Main.java";"org.apache.tools.ant";"NO";"NO";"NO";"NO";"NO";"NO";"YES";"NO";"NO";"NO";"NO";"NO";"NO";"5fc15284f36e2c714f1904f57ed9788cef3683c2";"checkstyle: make method smaller  git-svn-id: https://svn.apache.org/repos/asf/ant/core/trunk@491721 13f79535-47bb-0310-9956-ffa450edef68 ";"1";"-1"
"Main.java";"org.apache.tools.ant";"NO";"NO";"NO";"NO";"NO";"NO";"YES";"NO";"NO";"NO";"NO";"NO";"NO";"530826d07632632bee538dc1ee635e38d817ad75";"making method a little smaller  git-svn-id: https://svn.apache.org/repos/asf/ant/core/trunk@490781 13f79535-47bb-0310-9956-ffa450edef68 ";"1";"-1"
"Main.java";"org.apache.tools.ant";"NO";"NO";"NO";"NO";"NO";"NO";"YES";"NO";"NO";"NO";"NO";"NO";"NO";"fbec743802e72b68f8b558c70d564ce653e43621";"Bugzilla: 41226 Target from imported file listsed twice  git-svn-id: https://svn.apache.org/repos/asf/ant/core/trunk@489781 13f79535-47bb-0310-9956-ffa450edef68 ";"1";"-1"
"WeblogicDeploymentTool.java";"org.apache.tools.ant.taskdefs.optional.ejb";"NO";"NO";"NO";"NO";"NO";"NO";"YES";"NO";"NO";"NO";"YES";"NO";"NO";"ed51cf9b5ab2db291a21ea481b347fa82fd7594a";"sync:checkstyle  git-svn-id: https://svn.apache.org/repos/asf/ant/core/branches/ANT_17_BRANCH@579713 13f79535-47bb-0310-9956-ffa450edef68 ";"1";"-1"
"WebsphereDeploymentTool.java";"org.apache.tools.ant.taskdefs.optional.ejb";"NO";"NO";"NO";"NO";"NO";"NO";"YES";"NO";"NO";"NO";"YES";"NO";"NO";"ed51cf9b5ab2db291a21ea481b347fa82fd7594a";"sync:checkstyle  git-svn-id: https://svn.apache.org/repos/asf/ant/core/branches/ANT_17_BRANCH@579713 13f79535-47bb-0310-9956-ffa450edef68 ";"1";"-1"
"Copy.java";"org.apache.tools.ant.taskdefs";"NO";"NO";"NO";"NO";"NO";"NO";"YES";"NO";"NO";"NO";"NO";"YES";"NO";"c873f165a416016928b2a63d1300520e7821920e";"-move checkstyle comment  git-svn-id: https://svn.apache.org/repos/asf/ant/core/trunk@508864 13f79535-47bb-0310-9956-ffa450edef68 ";"1";"-1"
"Copy.java";"org.apache.tools.ant.taskdefs";"NO";"NO";"NO";"NO";"NO";"NO";"YES";"NO";"NO";"NO";"NO";"YES";"NO";"94e18bdaaa70e6e4f333cae68ee7721e062b9807";"checkstyle: reduce method length  git-svn-id: https://svn.apache.org/repos/asf/ant/core/trunk@491046 13f79535-47bb-0310-9956-ffa450edef68 ";"1";"-1"
"Jikes.java";"org.apache.tools.ant.taskdefs.compilers";"NO";"NO";"NO";"NO";"NO";"NO";"YES";"NO";"NO";"NO";"NO";"NO";"NO";"a3e49a9b56e046f65900ebf71f7ac5aaf380ea5b";"sync up Jikes.java (correctly)  git-svn-id: https://svn.apache.org/repos/asf/ant/core/branches/ANT_17_BRANCH@567592 13f79535-47bb-0310-9956-ffa450edef68 ";"1";"-1"
"Jikes.java";"org.apache.tools.ant.taskdefs.compilers";"NO";"NO";"NO";"NO";"NO";"NO";"YES";"NO";"NO";"NO";"NO";"NO";"NO";"49c7f109cd3b8d0569ce382aa4ce9889d05e287f";"sync: reduce method length  git-svn-id: https://svn.apache.org/repos/asf/ant/core/branches/ANT_17_BRANCH@566991 13f79535-47bb-0310-9956-ffa450edef68 ";"1";"-1"
"CBZip2InputStream.java";"org.apache.tools.bzip2";"NO";"NO";"NO";"NO";"NO";"NO";"YES";"YES";"NO";"NO";"NO";"YES";"NO";"";"";"0";"0"
"Get.java";"org.apache.tools.ant.taskdefs";"NO";"NO";"NO";"NO";"NO";"NO";"YES";"NO";"NO";"NO";"NO";"NO";"NO";"98c3de03324851ec608820e48bec10cb79f08534";"sync:magicnumbers  git-svn-id: https://svn.apache.org/repos/asf/ant/core/branches/ANT_17_BRANCH@577264 13f79535-47bb-0310-9956-ffa450edef68 ";"1";"-1"
"Get.java";"org.apache.tools.ant.taskdefs";"NO";"NO";"NO";"NO";"NO";"NO";"YES";"NO";"NO";"NO";"NO";"NO";"NO";"d9ad96e9e212e3a39ec78452312e794880d2fdfd";"sync: magic numbers  git-svn-id: https://svn.apache.org/repos/asf/ant/core/branches/ANT_17_BRANCH@576371 13f79535-47bb-0310-9956-ffa450edef68 ";"1";"-1"
"Get.java";"org.apache.tools.ant.taskdefs";"NO";"NO";"NO";"NO";"NO";"NO";"YES";"NO";"NO";"NO";"NO";"NO";"NO";"e24825b3b81014e025f1181702cff049a41adc65";"checkstyle: make the execute method a litte smaller  git-svn-id: https://svn.apache.org/repos/asf/ant/core/trunk@490599 13f79535-47bb-0310-9956-ffa450edef68 ";"1";"-1"
"ComponentHelper.java";"org.apache.tools.ant";"NO";"NO";"NO";"NO";"NO";"NO";"YES";"NO";"NO";"NO";"NO";"NO";"NO";"795f140bd7e9ea64b855fe49d95ce1396f8c01b1";"checkstyle: remove trailing ws  git-svn-id: https://svn.apache.org/repos/asf/ant/core/branches/ANT_17_BRANCH@564892 13f79535-47bb-0310-9956-ffa450edef68 ";"1";"-1"
"ComponentHelper.java";"org.apache.tools.ant";"NO";"NO";"NO";"NO";"NO";"NO";"YES";"NO";"NO";"NO";"NO";"NO";"NO";"a109f4fc4f94dffd829fe40566fb0c691e6ac5e6";"unused imports / serialverUID  git-svn-id: https://svn.apache.org/repos/asf/ant/core/trunk@526568 13f79535-47bb-0310-9956-ffa450edef68 ";"1";"-1"
"ComponentHelper.java";"org.apache.tools.ant";"NO";"NO";"NO";"NO";"NO";"NO";"YES";"NO";"NO";"NO";"NO";"NO";"NO";"d5836ac061734031a67a6c3bb5fb2fe1e73e566f";"Changes after static code analysis. Code totally equivalent  git-svn-id: https://svn.apache.org/repos/asf/ant/core/trunk@526545 13f79535-47bb-0310-9956-ffa450edef68 ";"1";"-1"
"ComponentHelper.java";"org.apache.tools.ant";"NO";"NO";"NO";"NO";"NO";"NO";"YES";"NO";"NO";"NO";"NO";"NO";"NO";"b2db0ad0877fcd69ad3ddb91b0e4eac55b377321";"Extra diagnostics. Dump all types in a namespace if the one you ask for isnt known. Good for identifying typos, and helps you differentiate ""library not yet loaded"" from ""task unknown""  git-svn-id: https://svn.apache.org/repos/asf/ant/core/trunk@495399 13f79535-47bb-0310-9956-ffa450edef68 ";"2";"-1"
"ComponentHelper.java";"org.apache.tools.ant";"NO";"NO";"NO";"NO";"NO";"NO";"YES";"NO";"NO";"NO";"NO";"NO";"NO";"d44807f593435cc95f2db2ddef3553166dc61226";"move and publish public static Project getProject(Object)   git-svn-id: https://svn.apache.org/repos/asf/ant/core/trunk@494952 13f79535-47bb-0310-9956-ffa450edef68 ";"1";"-1"
"ComponentHelper.java";"org.apache.tools.ant";"NO";"NO";"NO";"NO";"NO";"NO";"YES";"NO";"NO";"NO";"NO";"NO";"NO";"cdadcda40f178fa306bcb336bacaff34f3a0d026";"checkstyle: make method a little smaller  git-svn-id: https://svn.apache.org/repos/asf/ant/core/trunk@490604 13f79535-47bb-0310-9956-ffa450edef68 ";"1";"-1"
"SelectorUtils.java";"org.apache.tools.ant.types.selectors";"NO";"NO";"NO";"NO";"NO";"NO";"YES";"NO";"NO";"NO";"NO";"NO";"NO";"d0fb8f47570e360f68ee7f467043b6d7636aed7c";"sync: fix for SelectorUtils.isOutOfDate for non-file resources  git-svn-id: https://svn.apache.org/repos/asf/ant/core/branches/ANT_17_BRANCH@582161 13f79535-47bb-0310-9956-ffa450edef68 ";"1";"-1"
"SelectorUtils.java";"org.apache.tools.ant.types.selectors";"NO";"NO";"NO";"NO";"NO";"NO";"YES";"NO";"NO";"NO";"NO";"NO";"NO";"6bc7e8dd3eb4abd76f52224692ef033143ceb5c7";"optimizations; merge of rev 581748 from trunk  git-svn-id: https://svn.apache.org/repos/asf/ant/core/branches/ANT_17_BRANCH@581753 13f79535-47bb-0310-9956-ffa450edef68 ";"1";"-1"
"SelectorUtils.java";"org.apache.tools.ant.types.selectors";"NO";"NO";"NO";"NO";"NO";"NO";"YES";"NO";"NO";"NO";"NO";"NO";"NO";"8f553854482f453303290716b232e302d4fd629f";"checkstyle merge  git-svn-id: https://svn.apache.org/repos/asf/ant/core/branches/ANT_17_BRANCH@565094 13f79535-47bb-0310-9956-ffa450edef68 ";"1";"-1"
"Redirector.java";"org.apache.tools.ant.taskdefs";"NO";"NO";"NO";"NO";"NO";"NO";"YES";"NO";"NO";"NO";"NO";"YES";"NO";"f81f7bc3993b17a9215c1e9e7fd76b4850c72ca7";"sync: more magic numbers  git-svn-id: https://svn.apache.org/repos/asf/ant/core/branches/ANT_17_BRANCH@577309 13f79535-47bb-0310-9956-ffa450edef68 ";"1";"-1"
"Redirector.java";"org.apache.tools.ant.taskdefs";"NO";"NO";"NO";"NO";"NO";"NO";"YES";"NO";"NO";"NO";"NO";"YES";"NO";"aab5fd8726d080298dfe1071759e10bf1324afc2";"sync up Redirector  git-svn-id: https://svn.apache.org/repos/asf/ant/core/branches/ANT_17_BRANCH@567594 13f79535-47bb-0310-9956-ffa450edef68 ";"1";"-1"
"ExecuteOn.java";"org.apache.tools.ant.taskdefs";"NO";"NO";"NO";"NO";"NO";"NO";"YES";"NO";"NO";"NO";"NO";"NO";"NO";"bae15b693d65dbe182fa772ffbc4388a660c7c4c";"reduce verbosity of <apply skipemptyfilesets>  git-svn-id: https://svn.apache.org/repos/asf/ant/core/trunk@493733 13f79535-47bb-0310-9956-ffa450edef68 ";"1";"-1"
"ExecuteOn.java";"org.apache.tools.ant.taskdefs";"NO";"NO";"NO";"NO";"NO";"NO";"YES";"NO";"NO";"NO";"NO";"NO";"NO";"7f8f17e8b86c79fc802e13cd8bc9947eddd3a090";"checkstyle: reduce size of method  git-svn-id: https://svn.apache.org/repos/asf/ant/core/trunk@491348 13f79535-47bb-0310-9956-ffa450edef68 ";"1";"-1"
"ResourceUtils.java";"org.apache.tools.ant.util";"NO";"NO";"NO";"NO";"NO";"NO";"YES";"YES";"NO";"NO";"NO";"NO";"NO";"a6c8900b68580aa6b29ea17b03af09a10e1b4f69";"sync: checkstyle  git-svn-id: https://svn.apache.org/repos/asf/ant/core/branches/ANT_17_BRANCH@582163 13f79535-47bb-0310-9956-ffa450edef68 ";"1";"-1"
"ResourceUtils.java";"org.apache.tools.ant.util";"NO";"NO";"NO";"NO";"NO";"NO";"YES";"YES";"NO";"NO";"NO";"NO";"NO";"6bc7e8dd3eb4abd76f52224692ef033143ceb5c7";"optimizations; merge of rev 581748 from trunk  git-svn-id: https://svn.apache.org/repos/asf/ant/core/branches/ANT_17_BRANCH@581753 13f79535-47bb-0310-9956-ffa450edef68 ";"1";"-1"
"ResourceUtils.java";"org.apache.tools.ant.util";"NO";"NO";"NO";"NO";"NO";"NO";"YES";"YES";"NO";"NO";"NO";"NO";"NO";"08f27b19f20d6c25bb926a0c5a9a257732ea644d";"if either resource to be compared has an unknown size, we must compare content  git-svn-id: https://svn.apache.org/repos/asf/ant/core/trunk@536536 13f79535-47bb-0310-9956-ffa450edef68 ";"1";"-1"
"ResourceUtils.java";"org.apache.tools.ant.util";"NO";"NO";"NO";"NO";"NO";"NO";"YES";"YES";"NO";"NO";"NO";"NO";"NO";"7522190893397529f85befc87ca29f6ce29ad4d0";"checkstyle  git-svn-id: https://svn.apache.org/repos/asf/ant/core/trunk@487798 13f79535-47bb-0310-9956-ffa450edef68 ";"1";"-1"
"JonasDeploymentTool.java";"org.apache.tools.ant.taskdefs.optional.ejb";"NO";"NO";"NO";"NO";"NO";"NO";"YES";"NO";"NO";"NO";"YES";"NO";"NO";"";"";"0";"0"
"EmailTask.java";"org.apache.tools.ant.taskdefs.email";"NO";"NO";"NO";"NO";"NO";"NO";"YES";"NO";"NO";"NO";"NO";"YES";"NO";"e5086e425df6a0cfc612b3a7af3b15175403578f";"sync: more magic numbers  git-svn-id: https://svn.apache.org/repos/asf/ant/core/branches/ANT_17_BRANCH@577365 13f79535-47bb-0310-9956-ffa450edef68 ";"1";"-1"
"EmailTask.java";"org.apache.tools.ant.taskdefs.email";"NO";"NO";"NO";"NO";"NO";"NO";"YES";"NO";"NO";"NO";"NO";"YES";"NO";"3ed946bae41d5528a2b4762c20efb8dc74b71519";"checkstyle: make method a little smaller  git-svn-id: https://svn.apache.org/repos/asf/ant/core/trunk@490602 13f79535-47bb-0310-9956-ffa450edef68 ";"1";"-1"
"Depend.java";"org.apache.tools.ant.taskdefs.optional.depend";"NO";"NO";"NO";"NO";"NO";"NO";"YES";"NO";"NO";"NO";"NO";"YES";"NO";"a6c8900b68580aa6b29ea17b03af09a10e1b4f69";"sync: checkstyle  git-svn-id: https://svn.apache.org/repos/asf/ant/core/branches/ANT_17_BRANCH@582163 13f79535-47bb-0310-9956-ffa450edef68 ";"1";"-1"
"Depend.java";"org.apache.tools.ant.taskdefs.optional.depend";"NO";"NO";"NO";"NO";"NO";"NO";"YES";"NO";"NO";"NO";"NO";"YES";"NO";"6bc7e8dd3eb4abd76f52224692ef033143ceb5c7";"optimizations; merge of rev 581748 from trunk  git-svn-id: https://svn.apache.org/repos/asf/ant/core/branches/ANT_17_BRANCH@581753 13f79535-47bb-0310-9956-ffa450edef68 ";"1";"-1"
"Depend.java";"org.apache.tools.ant.taskdefs.optional.depend";"NO";"NO";"NO";"NO";"NO";"NO";"YES";"NO";"NO";"NO";"NO";"YES";"NO";"e5086e425df6a0cfc612b3a7af3b15175403578f";"sync: more magic numbers  git-svn-id: https://svn.apache.org/repos/asf/ant/core/branches/ANT_17_BRANCH@577365 13f79535-47bb-0310-9956-ffa450edef68 ";"1";"-1"
"Depend.java";"org.apache.tools.ant.taskdefs.optional.depend";"NO";"NO";"NO";"NO";"NO";"NO";"YES";"NO";"NO";"NO";"NO";"YES";"NO";"d5836ac061734031a67a6c3bb5fb2fe1e73e566f";"Changes after static code analysis. Code totally equivalent  git-svn-id: https://svn.apache.org/repos/asf/ant/core/trunk@526545 13f79535-47bb-0310-9956-ffa450edef68 ";"1";"-1"
"Pvcs.java";"org.apache.tools.ant.taskdefs.optional.pvcs";"NO";"NO";"NO";"NO";"NO";"NO";"YES";"NO";"NO";"NO";"NO";"YES";"NO";"";"";"0";"0"
"ReplaceRegExp.java";"org.apache.tools.ant.taskdefs.optional";"NO";"NO";"NO";"NO";"NO";"NO";"YES";"NO";"NO";"NO";"NO";"NO";"NO";"da2d1494ba311c08e81f968c82eeeab333d16169";"manual merge of r608939   git-svn-id: https://svn.apache.org/repos/asf/ant/core/branches/ANT_17_BRANCH@608996 13f79535-47bb-0310-9956-ffa450edef68 ";"1";"-1"
"ReplaceRegExp.java";"org.apache.tools.ant.taskdefs.optional";"NO";"NO";"NO";"NO";"NO";"NO";"YES";"NO";"NO";"NO";"NO";"NO";"NO";"9732e5eb150b2617e1d376af2e52db1a2bfc4282";"revert readfully change, add in safeReadFully  git-svn-id: https://svn.apache.org/repos/asf/ant/core/branches/ANT_17_BRANCH@572364 13f79535-47bb-0310-9956-ffa450edef68 ";"1";"-1"
"XmlProperty.java";"org.apache.tools.ant.taskdefs";"NO";"NO";"NO";"NO";"NO";"NO";"YES";"NO";"NO";"NO";"NO";"NO";"NO";"6bfe7759b0d7662f764a6efd97436b48aa74da2a";"revert mistaken commit to release tag  git-svn-id: https://svn.apache.org/repos/asf/ant/core/tags/ANT_170@589756 13f79535-47bb-0310-9956-ffa450edef68 ";"1";"-2"
"XmlProperty.java";"org.apache.tools.ant.taskdefs";"NO";"NO";"NO";"NO";"NO";"NO";"YES";"NO";"NO";"NO";"NO";"NO";"NO";"67f07cfbc988d1bc5b46a74148c449e56c17cf07";"sync: <xmlproperty delimiter=""""/>   git-svn-id: https://svn.apache.org/repos/asf/ant/core/branches/ANT_17_BRANCH@589754 13f79535-47bb-0310-9956-ffa450edef68 ";"1";"-1"
"XmlProperty.java";"org.apache.tools.ant.taskdefs";"NO";"NO";"NO";"NO";"NO";"NO";"YES";"NO";"NO";"NO";"NO";"NO";"NO";"96682e369e69ab5d23699abe013649fa9ac3b4c2";"sync  git-svn-id: https://svn.apache.org/repos/asf/ant/core/tags/ANT_170@587864 13f79535-47bb-0310-9956-ffa450edef68 ";"1";"-1"
"XmlProperty.java";"org.apache.tools.ant.taskdefs";"NO";"NO";"NO";"NO";"NO";"NO";"YES";"NO";"NO";"NO";"NO";"NO";"NO";"bc367604809f43d626eb3a9f14fd45a51ef99b8c";"sync: <xmlproperty delimiter=""""/>  git-svn-id: https://svn.apache.org/repos/asf/ant/core/tags/ANT_170@587859 13f79535-47bb-0310-9956-ffa450edef68 ";"1";"-1"
"Translate.java";"org.apache.tools.ant.taskdefs.optional.i18n";"NO";"NO";"NO";"NO";"NO";"NO";"YES";"NO";"NO";"NO";"NO";"YES";"NO";"";"";"0";"0"
"Parallel.java";"org.apache.tools.ant.taskdefs";"NO";"NO";"NO";"NO";"NO";"NO";"YES";"NO";"NO";"NO";"NO";"YES";"NO";"";"";"0";"0"
"Ant.java";"org.apache.tools.ant.taskdefs";"NO";"NO";"NO";"NO";"NO";"NO";"YES";"NO";"NO";"NO";"NO";"YES";"NO";"d6ec4ccf3cb256b133215abe7db08131c4b58a4d";"bugzilla bug 42263: ${ant.version} not set in <subant>  git-svn-id: https://svn.apache.org/repos/asf/ant/core/trunk@538995 13f79535-47bb-0310-9956-ffa450edef68 ";"1";"-1"
"Ant.java";"org.apache.tools.ant.taskdefs";"NO";"NO";"NO";"NO";"NO";"NO";"YES";"NO";"NO";"NO";"NO";"YES";"NO";"1c33fb242a98335e8043db0c22ff713d2e9769d9";"javadoc missing a *  git-svn-id: https://svn.apache.org/repos/asf/ant/core/trunk@490754 13f79535-47bb-0310-9956-ffa450edef68 ";"1";"-1"
"DefaultCompilerAdapter.java";"org.apache.tools.ant.taskdefs.compilers";"NO";"NO";"NO";"NO";"NO";"NO";"YES";"NO";"NO";"NO";"NO";"NO";"NO";"da2d1494ba311c08e81f968c82eeeab333d16169";"manual merge of r608939   git-svn-id: https://svn.apache.org/repos/asf/ant/core/branches/ANT_17_BRANCH@608996 13f79535-47bb-0310-9956-ffa450edef68 ";"1";"-1"
"DefaultCompilerAdapter.java";"org.apache.tools.ant.taskdefs.compilers";"NO";"NO";"NO";"NO";"NO";"NO";"YES";"NO";"NO";"NO";"NO";"NO";"NO";"e5086e425df6a0cfc612b3a7af3b15175403578f";"sync: more magic numbers  git-svn-id: https://svn.apache.org/repos/asf/ant/core/branches/ANT_17_BRANCH@577365 13f79535-47bb-0310-9956-ffa450edef68 ";"1";"-1"
"DefaultCompilerAdapter.java";"org.apache.tools.ant.taskdefs.compilers";"NO";"NO";"NO";"NO";"NO";"NO";"YES";"NO";"NO";"NO";"NO";"NO";"NO";"0041d56db57d12f326b18df39a62ef51cecfbc8e";"Merge - Bugzilla: 40776 work-around for javac generics bug  git-svn-id: https://svn.apache.org/repos/asf/ant/core/branches/ANT_17_BRANCH@558060 13f79535-47bb-0310-9956-ffa450edef68 ";"1";"-1"
"DefaultCompilerAdapter.java";"org.apache.tools.ant.taskdefs.compilers";"NO";"NO";"NO";"NO";"NO";"NO";"YES";"NO";"NO";"NO";"NO";"NO";"NO";"781433259a76bc117f5a824e95b5be1de64eac7f";"Java 6's javac doesn't understand -source 1.1 either (found by Gump and the log4j build <http://gump.zones.apache.org/gump/test/logging-log4j-12/logging-log4j-12/gump_work/build_logging-log4j-12_logging-log4j-12.html>)  git-svn-id: https://svn.apache.org/repos/asf/ant/core/trunk@529855 13f79535-47bb-0310-9956-ffa450edef68 ";"1";"-1"
"Tar.java";"org.apache.tools.ant.taskdefs";"NO";"NO";"NO";"NO";"NO";"NO";"YES";"NO";"NO";"NO";"NO";"NO";"NO";"f81f7bc3993b17a9215c1e9e7fd76b4850c72ca7";"sync: more magic numbers  git-svn-id: https://svn.apache.org/repos/asf/ant/core/branches/ANT_17_BRANCH@577309 13f79535-47bb-0310-9956-ffa450edef68 ";"1";"-1"
"Tar.java";"org.apache.tools.ant.taskdefs";"NO";"NO";"NO";"NO";"NO";"NO";"YES";"NO";"NO";"NO";"NO";"NO";"NO";"d5836ac061734031a67a6c3bb5fb2fe1e73e566f";"Changes after static code analysis. Code totally equivalent  git-svn-id: https://svn.apache.org/repos/asf/ant/core/trunk@526545 13f79535-47bb-0310-9956-ffa450edef68 ";"1";"-1"
"Tar.java";"org.apache.tools.ant.taskdefs";"NO";"NO";"NO";"NO";"NO";"NO";"YES";"NO";"NO";"NO";"NO";"NO";"NO";"c2ab8e03ed3b108c556597be7ade757a33973710";"ws  git-svn-id: https://svn.apache.org/repos/asf/ant/core/trunk@513824 13f79535-47bb-0310-9956-ffa450edef68 ";"1";"-1"
"ModifiedSelector.java";"org.apache.tools.ant.types.selectors.modifiedselector";"NO";"NO";"NO";"NO";"NO";"NO";"YES";"NO";"NO";"NO";"NO";"YES";"NO";"da2d1494ba311c08e81f968c82eeeab333d16169";"manual merge of r608939   git-svn-id: https://svn.apache.org/repos/asf/ant/core/branches/ANT_17_BRANCH@608996 13f79535-47bb-0310-9956-ffa450edef68 ";"1";"-1"
"ModifiedSelector.java";"org.apache.tools.ant.types.selectors.modifiedselector";"NO";"NO";"NO";"NO";"NO";"NO";"YES";"NO";"NO";"NO";"NO";"YES";"NO";"ed51cf9b5ab2db291a21ea481b347fa82fd7594a";"sync:checkstyle  git-svn-id: https://svn.apache.org/repos/asf/ant/core/branches/ANT_17_BRANCH@579713 13f79535-47bb-0310-9956-ffa450edef68 ";"1";"-1"
"ModifiedSelector.java";"org.apache.tools.ant.types.selectors.modifiedselector";"NO";"NO";"NO";"NO";"NO";"NO";"YES";"NO";"NO";"NO";"NO";"YES";"NO";"423042570526e1ea15fcde532733d26e587f716f";"Bugzilla: 42802, Modified selector doesn't update the cache if only one file has changed  git-svn-id: https://svn.apache.org/repos/asf/ant/core/branches/ANT_17_BRANCH@557009 13f79535-47bb-0310-9956-ffa450edef68 ";"1";"-1"
"FileUtils.java";"org.apache.tools.ant.util";"NO";"NO";"NO";"NO";"NO";"NO";"NO";"YES";"NO";"NO";"NO";"NO";"NO";"da2d1494ba311c08e81f968c82eeeab333d16169";"manual merge of r608939   git-svn-id: https://svn.apache.org/repos/asf/ant/core/branches/ANT_17_BRANCH@608996 13f79535-47bb-0310-9956-ffa450edef68 ";"1";"-1"
"FileUtils.java";"org.apache.tools.ant.util";"NO";"NO";"NO";"NO";"NO";"NO";"NO";"YES";"NO";"NO";"NO";"NO";"NO";"fdf77199f92d7a930a5e27930536b7af0da9469f";"-createTempFile changes to fix error in hasErrorInCase test  git-svn-id: https://svn.apache.org/repos/asf/ant/core/branches/ANT_17_BRANCH@593055 13f79535-47bb-0310-9956-ffa450edef68 ";"1";"-1"
"FileUtils.java";"org.apache.tools.ant.util";"NO";"NO";"NO";"NO";"NO";"NO";"NO";"YES";"NO";"NO";"NO";"NO";"NO";"949be12a430c27c43b485a4c8d1f356c39e830d0";"sync:magicnumbers  git-svn-id: https://svn.apache.org/repos/asf/ant/core/branches/ANT_17_BRANCH@579954 13f79535-47bb-0310-9956-ffa450edef68 ";"1";"-1"
"FileUtils.java";"org.apache.tools.ant.util";"NO";"NO";"NO";"NO";"NO";"NO";"NO";"YES";"NO";"NO";"NO";"NO";"NO";"9732e5eb150b2617e1d376af2e52db1a2bfc4282";"revert readfully change, add in safeReadFully  git-svn-id: https://svn.apache.org/repos/asf/ant/core/branches/ANT_17_BRANCH@572364 13f79535-47bb-0310-9956-ffa450edef68 ";"1";"-1"
"FileUtils.java";"org.apache.tools.ant.util";"NO";"NO";"NO";"NO";"NO";"NO";"NO";"YES";"NO";"NO";"NO";"NO";"NO";"afa5dff3e174ed70935db4dbd8ee81680aa0354c";"sync  git-svn-id: https://svn.apache.org/repos/asf/ant/core/branches/ANT_17_BRANCH@572303 13f79535-47bb-0310-9956-ffa450edef68 ";"1";"-1"
"FileUtils.java";"org.apache.tools.ant.util";"NO";"NO";"NO";"NO";"NO";"NO";"NO";"YES";"NO";"NO";"NO";"NO";"NO";"1e06d71fc76fb6862304a0f24e73b96719b13550";"merge checkstyle  git-svn-id: https://svn.apache.org/repos/asf/ant/core/branches/ANT_17_BRANCH@564913 13f79535-47bb-0310-9956-ffa450edef68 ";"1";"-1"
"FileUtils.java";"org.apache.tools.ant.util";"NO";"NO";"NO";"NO";"NO";"NO";"NO";"YES";"NO";"NO";"NO";"NO";"NO";"795f140bd7e9ea64b855fe49d95ce1396f8c01b1";"checkstyle: remove trailing ws  git-svn-id: https://svn.apache.org/repos/asf/ant/core/branches/ANT_17_BRANCH@564892 13f79535-47bb-0310-9956-ffa450edef68 ";"1";"-1"
"FileUtils.java";"org.apache.tools.ant.util";"NO";"NO";"NO";"NO";"NO";"NO";"NO";"YES";"NO";"NO";"NO";"NO";"NO";"c0649769e0063616ae46a2e58a57203bb42a7f8e";"fix the filename case junk again without relying on OS-level tests; reverting earlier changes  git-svn-id: https://svn.apache.org/repos/asf/ant/core/trunk@552350 13f79535-47bb-0310-9956-ffa450edef68 ";"1";"-1"
"FileUtils.java";"org.apache.tools.ant.util";"NO";"NO";"NO";"NO";"NO";"NO";"NO";"YES";"NO";"NO";"NO";"NO";"NO";"adb161cdc40c45f6f563cdd7816973bc91a75178";"fmting; tiny refactorings  git-svn-id: https://svn.apache.org/repos/asf/ant/core/trunk@552042 13f79535-47bb-0310-9956-ffa450edef68 ";"1";"-1"
"FileUtils.java";"org.apache.tools.ant.util";"NO";"NO";"NO";"NO";"NO";"NO";"NO";"YES";"NO";"NO";"NO";"NO";"NO";"c717727548e7807ced7eeff05871f414a6f57413";"detect cs  git-svn-id: https://svn.apache.org/repos/asf/ant/core/trunk@549684 13f79535-47bb-0310-9956-ffa450edef68 ";"1";"-1"
"FileUtils.java";"org.apache.tools.ant.util";"NO";"NO";"NO";"NO";"NO";"NO";"NO";"YES";"NO";"NO";"NO";"NO";"NO";"e52412cab9febc288122fc52080a1fc54d84517b";"restore detailed import lines  git-svn-id: https://svn.apache.org/repos/asf/ant/core/trunk@523683 13f79535-47bb-0310-9956-ffa450edef68 ";"1";"-1"
"FileUtils.java";"org.apache.tools.ant.util";"NO";"NO";"NO";"NO";"NO";"NO";"NO";"YES";"NO";"NO";"NO";"NO";"NO";"25b1695de86156e14a75a8f1a3270064740dc3b5";"adding since tag for new method  git-svn-id: https://svn.apache.org/repos/asf/ant/core/trunk@523682 13f79535-47bb-0310-9956-ffa450edef68 ";"1";"-1"
"FileUtils.java";"org.apache.tools.ant.util";"NO";"NO";"NO";"NO";"NO";"NO";"NO";"YES";"NO";"NO";"NO";"NO";"NO";"1e4c39fb600cb929e500a67956c62795a4630021";"adding a method to find wrong cased files  git-svn-id: https://svn.apache.org/repos/asf/ant/core/trunk@523681 13f79535-47bb-0310-9956-ffa450edef68 ";"1";"-1"
"FileUtils.java";"org.apache.tools.ant.util";"NO";"NO";"NO";"NO";"NO";"NO";"NO";"YES";"NO";"NO";"NO";"NO";"NO";"b73a3b386a4de324ffbafd81ab8862738bf44322";"no need to mark static methods as final  git-svn-id: https://svn.apache.org/repos/asf/ant/core/trunk@520384 13f79535-47bb-0310-9956-ffa450edef68 ";"1";"-1"
"FileUtils.java";"org.apache.tools.ant.util";"NO";"NO";"NO";"NO";"NO";"NO";"NO";"YES";"NO";"NO";"NO";"NO";"NO";"aa90e61cd6f106951cdb233ec6178af0b92cf79c";"-revert to non-reflective close  git-svn-id: https://svn.apache.org/repos/asf/ant/core/trunk@519857 13f79535-47bb-0310-9956-ffa450edef68 ";"1";"-1"
"FileUtils.java";"org.apache.tools.ant.util";"NO";"NO";"NO";"NO";"NO";"NO";"NO";"YES";"NO";"NO";"NO";"NO";"NO";"8a9e8a9034cc1ef7699d76a297ac0194a594d215";"-sorry prevent NullPointerException  git-svn-id: https://svn.apache.org/repos/asf/ant/core/trunk@518897 13f79535-47bb-0310-9956-ffa450edef68 ";"1";"-3"
"FileUtils.java";"org.apache.tools.ant.util";"NO";"NO";"NO";"NO";"NO";"NO";"NO";"YES";"NO";"NO";"NO";"NO";"NO";"08ece01ed6dd8c26f47fd82f990a183bbc373f5d";"-use reflection to avoid duplicated code for close (various things that can be closed)  git-svn-id: https://svn.apache.org/repos/asf/ant/core/trunk@518896 13f79535-47bb-0310-9956-ffa450edef68 ";"1";"-1"
"Expand.java";"org.apache.tools.ant.taskdefs";"NO";"NO";"NO";"NO";"NO";"NO";"NO";"YES";"NO";"NO";"NO";"NO";"NO";"d9ad96e9e212e3a39ec78452312e794880d2fdfd";"sync: magic numbers  git-svn-id: https://svn.apache.org/repos/asf/ant/core/branches/ANT_17_BRANCH@576371 13f79535-47bb-0310-9956-ffa450edef68 ";"1";"-1"
"Expand.java";"org.apache.tools.ant.taskdefs";"NO";"NO";"NO";"NO";"NO";"NO";"NO";"YES";"NO";"NO";"NO";"NO";"NO";"cf483977f55af88d1e230474ef59c38041984858";"merge checkstyle  git-svn-id: https://svn.apache.org/repos/asf/ant/core/branches/ANT_17_BRANCH@565103 13f79535-47bb-0310-9956-ffa450edef68 ";"1";"-1"
"Expand.java";"org.apache.tools.ant.taskdefs";"NO";"NO";"NO";"NO";"NO";"NO";"NO";"YES";"NO";"NO";"NO";"NO";"NO";"1b772899ee9b3def934e6a5e459a1994acd75131";"I know, lets have a more detailed error message when expand fails than just ""expand failed""  git-svn-id: https://svn.apache.org/repos/asf/ant/core/trunk@552475 13f79535-47bb-0310-9956-ffa450edef68 ";"1";"-2"
"Expand.java";"org.apache.tools.ant.taskdefs";"NO";"NO";"NO";"NO";"NO";"NO";"NO";"YES";"NO";"NO";"NO";"NO";"NO";"249962b3e269542ba7558dc63b4b2120aee75860";"checkstyle:check off for public method  git-svn-id: https://svn.apache.org/repos/asf/ant/core/trunk@490597 13f79535-47bb-0310-9956-ffa450edef68 ";"1";"-1"
"Extension.java";"org.apache.tools.ant.taskdefs.optional.extension";"NO";"NO";"NO";"NO";"NO";"NO";"NO";"YES";"NO";"NO";"NO";"NO";"NO";"";"";"0";"0"
"Specification.java";"org.apache.tools.ant.taskdefs.optional.extension";"NO";"NO";"NO";"NO";"NO";"NO";"NO";"YES";"NO";"NO";"NO";"NO";"NO";"fc24b8bbecb508d4edddb2ecf8897b7479c8a63f";"Changes after static code analysis. Code changed.  git-svn-id: https://svn.apache.org/repos/asf/ant/core/trunk@526544 13f79535-47bb-0310-9956-ffa450edef68 ";"1";"-1"
"AntStarTeamCheckOut.java";"org.apache.tools.ant.taskdefs.optional.scm";"NO";"NO";"NO";"NO";"NO";"NO";"NO";"YES";"NO";"NO";"NO";"NO";"NO";"";"";"0";"0"
"MailLogger.java";"org.apache.tools.ant.listener";"NO";"NO";"NO";"NO";"NO";"NO";"NO";"YES";"NO";"NO";"NO";"NO";"NO";"dbe514990c143f5ce8bf4ce273f4bd580b88c596";"sync with MailLogger.java  git-svn-id: https://svn.apache.org/repos/asf/ant/core/branches/ANT_17_BRANCH@567599 13f79535-47bb-0310-9956-ffa450edef68 ";"1";"-1"
"MatchingTask.java";"org.apache.tools.ant.taskdefs";"NO";"NO";"NO";"NO";"NO";"NO";"NO";"NO";"NO";"YES";"NO";"NO";"NO";"";"";"0";"0"
"MacroDef.java";"org.apache.tools.ant.taskdefs";"NO";"NO";"NO";"NO";"NO";"NO";"NO";"NO";"NO";"NO";"YES";"NO";"NO";"a7bbb2a52d1dab664bee16d716d9db6540557917";"bugzilla request: 42301 add default for text element in macrodef  git-svn-id: https://svn.apache.org/repos/asf/ant/core/trunk@539547 13f79535-47bb-0310-9956-ffa450edef68 ";"1";"-1"
"AntlibDefinition.java";"org.apache.tools.ant.taskdefs";"NO";"NO";"NO";"NO";"NO";"NO";"NO";"NO";"NO";"NO";"YES";"NO";"NO";"";"";"0";"0"
"SchemaValidate.java";"org.apache.tools.ant.taskdefs.optional";"NO";"NO";"NO";"NO";"NO";"NO";"NO";"NO";"NO";"NO";"YES";"NO";"NO";"e5086e425df6a0cfc612b3a7af3b15175403578f";"sync: more magic numbers  git-svn-id: https://svn.apache.org/repos/asf/ant/core/branches/ANT_17_BRANCH@577365 13f79535-47bb-0310-9956-ffa450edef68 ";"1";"-1"
"XMLValidateTask.java";"org.apache.tools.ant.taskdefs.optional";"NO";"NO";"NO";"NO";"NO";"NO";"NO";"NO";"NO";"NO";"YES";"NO";"NO";"";"";"0";"0"
"DotnetCompile.java";"org.apache.tools.ant.taskdefs.optional.dotnet";"NO";"NO";"NO";"NO";"NO";"NO";"NO";"NO";"NO";"NO";"YES";"NO";"NO";"e5086e425df6a0cfc612b3a7af3b15175403578f";"sync: more magic numbers  git-svn-id: https://svn.apache.org/repos/asf/ant/core/branches/ANT_17_BRANCH@577365 13f79535-47bb-0310-9956-ffa450edef68 ";"1";"-1"
"DotnetBaseMatchingTask.java";"org.apache.tools.ant.taskdefs.optional.dotnet";"NO";"NO";"NO";"NO";"NO";"NO";"NO";"NO";"NO";"NO";"YES";"NO";"NO";"";"";"0";"0"
"Ilasm.java";"org.apache.tools.ant.taskdefs.optional.dotnet";"NO";"NO";"NO";"NO";"NO";"NO";"NO";"NO";"NO";"NO";"YES";"NO";"NO";"";"";"0";"0"
"GenericDeploymentTool.java";"org.apache.tools.ant.taskdefs.optional.ejb";"NO";"NO";"NO";"NO";"NO";"NO";"NO";"NO";"NO";"NO";"YES";"NO";"NO";"20e8233e7067e6734ae16da0c45ea2e300d8d60d";"Changes after static code analysis. new Long...longValue  new Int...intValue -> Long.parseLong(..) and arraycopy to copy arrays  git-svn-id: https://svn.apache.org/repos/asf/ant/core/trunk@526548 13f79535-47bb-0310-9956-ffa450edef68 ";"1";"-1"
"BorlandDeploymentTool.java";"org.apache.tools.ant.taskdefs.optional.ejb";"NO";"NO";"NO";"NO";"NO";"NO";"NO";"NO";"NO";"NO";"YES";"NO";"NO";"";"";"0";"0"
"IPlanetDeploymentTool.java";"org.apache.tools.ant.taskdefs.optional.ejb";"NO";"NO";"NO";"NO";"NO";"NO";"NO";"NO";"NO";"NO";"YES";"NO";"NO";"";"";"0";"0"
"ArchiveScanner.java";"org.apache.tools.ant.types";"NO";"NO";"NO";"NO";"NO";"NO";"NO";"NO";"NO";"NO";"YES";"NO";"NO";"";"";"0";"0"
"DirectoryScanner.java";"org.apache.tools.ant";"NO";"NO";"NO";"NO";"NO";"NO";"NO";"NO";"NO";"NO";"YES";"YES";"NO";"6bc7e8dd3eb4abd76f52224692ef033143ceb5c7";"optimizations; merge of rev 581748 from trunk  git-svn-id: https://svn.apache.org/repos/asf/ant/core/branches/ANT_17_BRANCH@581753 13f79535-47bb-0310-9956-ffa450edef68 ";"1";"-1"
"DirectoryScanner.java";"org.apache.tools.ant";"NO";"NO";"NO";"NO";"NO";"NO";"NO";"NO";"NO";"NO";"YES";"YES";"NO";"ef803a70a3428dc79f9d755897e4030cba762238";"sync  git-svn-id: https://svn.apache.org/repos/asf/ant/core/branches/ANT_17_BRANCH@568598 13f79535-47bb-0310-9956-ffa450edef68 ";"1";"-1"
"DirectoryScanner.java";"org.apache.tools.ant";"NO";"NO";"NO";"NO";"NO";"NO";"NO";"NO";"NO";"NO";"YES";"YES";"NO";"28ee0e736dffea3c776cf28e4e13ab52d66371b9";"sync Bugzilla 11270: add errorOnMissingDir attribute to fileset  git-svn-id: https://svn.apache.org/repos/asf/ant/core/branches/ANT_17_BRANCH@568496 13f79535-47bb-0310-9956-ffa450edef68 ";"1";"-1"
"ArchiveFileSet.java";"org.apache.tools.ant.types";"NO";"NO";"NO";"NO";"NO";"NO";"NO";"NO";"NO";"NO";"YES";"NO";"NO";"f1e9c972fbead168a235951d50d3727bcc8fdf8c";"bugzilla: 42142 add name of missing archive for zipfileset  git-svn-id: https://svn.apache.org/repos/asf/ant/core/trunk@529630 13f79535-47bb-0310-9956-ffa450edef68 ";"1";"-1"
"ArchiveFileSet.java";"org.apache.tools.ant.types";"NO";"NO";"NO";"NO";"NO";"NO";"NO";"NO";"NO";"NO";"YES";"NO";"NO";"d778d0a6e248fc0f771a1dbc9018126e99bf9292";"spelling and random junk  git-svn-id: https://svn.apache.org/repos/asf/ant/core/trunk@513823 13f79535-47bb-0310-9956-ffa450edef68 ";"1";"-1"
"FileSet.java";"org.apache.tools.ant.types";"NO";"NO";"NO";"NO";"NO";"NO";"NO";"NO";"NO";"NO";"YES";"NO";"NO";"";"";"0";"0"
"URLResource.java";"org.apache.tools.ant.types.resources";"NO";"NO";"NO";"NO";"NO";"NO";"NO";"NO";"NO";"NO";"YES";"NO";"NO";"e9a41d2a09efef215ad7c39f8bfd10fd021c6796";"guard against empty name oobe  git-svn-id: https://svn.apache.org/repos/asf/ant/core/trunk@536356 13f79535-47bb-0310-9956-ffa450edef68 ";"1";"-1"
"Resource.java";"org.apache.tools.ant.types";"NO";"NO";"NO";"NO";"NO";"NO";"NO";"NO";"NO";"NO";"YES";"NO";"NO";"77b327d06924f788cd21ff4b0198abadd672321e";"not files, resources  git-svn-id: https://svn.apache.org/repos/asf/ant/core/trunk@533113 13f79535-47bb-0310-9956-ffa450edef68 ";"1";"-1"
"FileResource.java";"org.apache.tools.ant.types.resources";"NO";"NO";"NO";"NO";"NO";"NO";"NO";"NO";"NO";"NO";"YES";"NO";"NO";"";"";"0";"0"
"CompressedResource.java";"org.apache.tools.ant.types.resources";"NO";"NO";"NO";"NO";"NO";"NO";"NO";"NO";"NO";"NO";"YES";"NO";"NO";"f10a7bea5e8de2a34c70a603279df026da0b15b5";"sync magic numbers  git-svn-id: https://svn.apache.org/repos/asf/ant/core/branches/ANT_17_BRANCH@578200 13f79535-47bb-0310-9956-ffa450edef68 ";"1";"-1"
"XSLTProcess.java";"org.apache.tools.ant.taskdefs";"NO";"NO";"NO";"NO";"NO";"NO";"NO";"NO";"NO";"NO";"NO";"YES";"NO";"";"";"0";"0"
"Delete.java";"org.apache.tools.ant.taskdefs";"NO";"NO";"NO";"NO";"NO";"NO";"NO";"NO";"NO";"NO";"NO";"YES";"NO";"051ba1279d96c822e7708a348a4d7bc0393b89f9";"pr 42179: Delete cannot handle (NPE) fileset without file or directory specified.  git-svn-id: https://svn.apache.org/repos/asf/ant/core/trunk@531575 13f79535-47bb-0310-9956-ffa450edef68 ";"1";"-1"
"Java.java";"org.apache.tools.ant.taskdefs";"NO";"NO";"NO";"NO";"NO";"NO";"NO";"NO";"NO";"NO";"NO";"YES";"NO";"cf483977f55af88d1e230474ef59c38041984858";"merge checkstyle  git-svn-id: https://svn.apache.org/repos/asf/ant/core/branches/ANT_17_BRANCH@565103 13f79535-47bb-0310-9956-ffa450edef68 ";"1";"-1"
"Java.java";"org.apache.tools.ant.taskdefs";"NO";"NO";"NO";"NO";"NO";"NO";"NO";"NO";"NO";"NO";"NO";"YES";"NO";"7259f731ecfcdffcf20fdffe8b933b26347150a2";"Br 42377, java, failonerror = false, timeout (or other exception) should have nonzero result value. (error value chosen in-line with the Exec task).  git-svn-id: https://svn.apache.org/repos/asf/ant/core/trunk@552208 13f79535-47bb-0310-9956-ffa450edef68 ";"1";"-1"
"Java.java";"org.apache.tools.ant.taskdefs";"NO";"NO";"NO";"NO";"NO";"NO";"NO";"NO";"NO";"NO";"NO";"YES";"NO";"6872650389c074d2a941d8192dfa348a216b4848";"refactoring to ease extension  git-svn-id: https://svn.apache.org/repos/asf/ant/core/trunk@550573 13f79535-47bb-0310-9956-ffa450edef68 ";"1";"-1"
"MimeMailer.java";"org.apache.tools.ant.taskdefs.email";"NO";"NO";"NO";"NO";"NO";"NO";"NO";"NO";"NO";"NO";"NO";"YES";"NO";"";"";"0";"0"
"EchoProperties.java";"org.apache.tools.ant.taskdefs.optional";"NO";"NO";"NO";"NO";"NO";"NO";"NO";"NO";"NO";"NO";"NO";"YES";"NO";"4cc954e2e3f11ff76310c3ca318df2432514788b";"sync - fix some ""serialVersionUID"" warnings - use static methods in a static way - Remove use of deprecated constructor calls: Reference(String) and Reference() - remove some unused (internal) variables - remove unused imports  git-svn-id: https://svn.apache.org/repos/asf/ant/core/branches/ANT_17_BRANCH@593037 13f79535-47bb-0310-9956-ffa450edef68 ";"1";"-1"
"EchoProperties.java";"org.apache.tools.ant.taskdefs.optional";"NO";"NO";"NO";"NO";"NO";"NO";"NO";"NO";"NO";"NO";"NO";"YES";"NO";"ee83bb5bd482f208c232dae951f0918316a5636e";"merge checkstyle  git-svn-id: https://svn.apache.org/repos/asf/ant/core/branches/ANT_17_BRANCH@565096 13f79535-47bb-0310-9956-ffa450edef68 ";"1";"-1"
"NetRexxC.java";"org.apache.tools.ant.taskdefs.optional";"NO";"NO";"NO";"NO";"NO";"NO";"NO";"NO";"NO";"NO";"NO";"YES";"NO";"658fe14ae4204a18faf6017e56934010464c29b0";"merge from trunk  git-svn-id: https://svn.apache.org/repos/asf/ant/core/branches/ANT_17_BRANCH@564916 13f79535-47bb-0310-9956-ffa450edef68 ";"1";"-1"
"Cab.java";"org.apache.tools.ant.taskdefs.optional";"NO";"NO";"NO";"NO";"NO";"NO";"NO";"NO";"NO";"NO";"NO";"YES";"NO";"da2d1494ba311c08e81f968c82eeeab333d16169";"manual merge of r608939   git-svn-id: https://svn.apache.org/repos/asf/ant/core/branches/ANT_17_BRANCH@608996 13f79535-47bb-0310-9956-ffa450edef68 ";"1";"-1"
"Cab.java";"org.apache.tools.ant.taskdefs.optional";"NO";"NO";"NO";"NO";"NO";"NO";"NO";"NO";"NO";"NO";"NO";"YES";"NO";"e5086e425df6a0cfc612b3a7af3b15175403578f";"sync: more magic numbers  git-svn-id: https://svn.apache.org/repos/asf/ant/core/branches/ANT_17_BRANCH@577365 13f79535-47bb-0310-9956-ffa450edef68 ";"1";"-1"
"SplashTask.java";"org.apache.tools.ant.taskdefs.optional.splash";"NO";"NO";"NO";"NO";"NO";"NO";"NO";"NO";"NO";"NO";"NO";"YES";"NO";"1b9b59eb4b04d0ec1e5e662716455f12ea259c50";"sync: more magic num  git-svn-id: https://svn.apache.org/repos/asf/ant/core/branches/ANT_17_BRANCH@577685 13f79535-47bb-0310-9956-ffa450edef68 ";"1";"-1"
"SSHExec.java";"org.apache.tools.ant.taskdefs.optional.ssh";"NO";"NO";"NO";"NO";"NO";"NO";"NO";"NO";"NO";"NO";"NO";"YES";"NO";"30e2fa340c5da71370f4460bf5ee793decb0bd3e";"-merge from trunk  git-svn-id: https://svn.apache.org/repos/asf/ant/core/branches/ANT_17_BRANCH@583103 13f79535-47bb-0310-9956-ffa450edef68 ";"1";"-1"
"SSHExec.java";"org.apache.tools.ant.taskdefs.optional.ssh";"NO";"NO";"NO";"NO";"NO";"NO";"NO";"NO";"NO";"NO";"NO";"YES";"NO";"1b9b59eb4b04d0ec1e5e662716455f12ea259c50";"sync: more magic num  git-svn-id: https://svn.apache.org/repos/asf/ant/core/branches/ANT_17_BRANCH@577685 13f79535-47bb-0310-9956-ffa450edef68 ";"1";"-1"
"SSHExec.java";"org.apache.tools.ant.taskdefs.optional.ssh";"NO";"NO";"NO";"NO";"NO";"NO";"NO";"NO";"NO";"NO";"NO";"YES";"NO";"c70bc33427d0bb48ae61d4ce1ca20b3fb1880473";"sync bugzilla #43092  git-svn-id: https://svn.apache.org/repos/asf/ant/core/branches/ANT_17_BRANCH@575616 13f79535-47bb-0310-9956-ffa450edef68 ";"1";"-1"
"SSHExec.java";"org.apache.tools.ant.taskdefs.optional.ssh";"NO";"NO";"NO";"NO";"NO";"NO";"NO";"NO";"NO";"NO";"NO";"YES";"NO";"24f98adc8096e2948de6b006b5a9ef064f83db23";"merge  git-svn-id: https://svn.apache.org/repos/asf/ant/core/branches/ANT_17_BRANCH@564924 13f79535-47bb-0310-9956-ffa450edef68 ";"1";"-1"
"SSHExec.java";"org.apache.tools.ant.taskdefs.optional.ssh";"NO";"NO";"NO";"NO";"NO";"NO";"NO";"NO";"NO";"NO";"NO";"YES";"NO";"795f140bd7e9ea64b855fe49d95ce1396f8c01b1";"checkstyle: remove trailing ws  git-svn-id: https://svn.apache.org/repos/asf/ant/core/branches/ANT_17_BRANCH@564892 13f79535-47bb-0310-9956-ffa450edef68 ";"1";"-1"
"SSHExec.java";"org.apache.tools.ant.taskdefs.optional.ssh";"NO";"NO";"NO";"NO";"NO";"NO";"NO";"NO";"NO";"NO";"NO";"YES";"NO";"a130f4fbe891f9c6fa02b08ee83e5c18966c3dcd";"-log actual command  git-svn-id: https://svn.apache.org/repos/asf/ant/core/trunk@543406 13f79535-47bb-0310-9956-ffa450edef68 ";"1";"-1"
"SSHExec.java";"org.apache.tools.ant.taskdefs.optional.ssh";"NO";"NO";"NO";"NO";"NO";"NO";"NO";"NO";"NO";"NO";"NO";"YES";"NO";"c1964da1880436a20bf1a253a1a56bb7591d7bb7";"-fix error message  git-svn-id: https://svn.apache.org/repos/asf/ant/core/trunk@508866 13f79535-47bb-0310-9956-ffa450edef68 ";"1";"-2"
"SSHExec.java";"org.apache.tools.ant.taskdefs.optional.ssh";"NO";"NO";"NO";"NO";"NO";"NO";"NO";"NO";"NO";"NO";"NO";"YES";"NO";"fdae4b3eaec0822c0ab1138b9ef8c4de28b2b0b8";"-provide support for a command file to pass to SSHExec - implemented with a FileResource  git-svn-id: https://svn.apache.org/repos/asf/ant/core/trunk@508865 13f79535-47bb-0310-9956-ffa450edef68 ";"1";"-1"
"DispatchTask.java";"org.apache.tools.ant.dispatch";"NO";"NO";"NO";"NO";"NO";"NO";"NO";"NO";"NO";"NO";"NO";"NO";"YES";"";"";"0";"0"
"Definer.java";"org.apache.tools.ant.taskdefs";"NO";"NO";"NO";"NO";"NO";"NO";"NO";"NO";"NO";"NO";"NO";"NO";"YES";"";"";"0";"0"
"DefaultJspCompilerAdapter.java";"org.apache.tools.ant.taskdefs.optional.jsp.compilers";"NO";"NO";"NO";"NO";"NO";"NO";"NO";"NO";"NO";"NO";"NO";"NO";"YES";"";"";"0";"0"
"AntClassLoader.java";"org.apache.tools.ant";"NO";"NO";"NO";"NO";"NO";"NO";"NO";"NO";"NO";"NO";"NO";"NO";"NO";"795f140bd7e9ea64b855fe49d95ce1396f8c01b1";"checkstyle: remove trailing ws  git-svn-id: https://svn.apache.org/repos/asf/ant/core/branches/ANT_17_BRANCH@564892 13f79535-47bb-0310-9956-ffa450edef68 ";"1";"-1"
"AntClassLoader.java";"org.apache.tools.ant";"NO";"NO";"NO";"NO";"NO";"NO";"NO";"NO";"NO";"NO";"NO";"NO";"NO";"b01075559fb50563658829b9c45687defb865c12";"-use FileUtils.close  git-svn-id: https://svn.apache.org/repos/asf/ant/core/trunk@545087 13f79535-47bb-0310-9956-ffa450edef68 ";"1";"-1"
"AntClassLoader.java";"org.apache.tools.ant";"NO";"NO";"NO";"NO";"NO";"NO";"NO";"NO";"NO";"NO";"NO";"NO";"NO";"758a6bcb93484d657bdd50c688c023a59d153476";"Pr: 42259 inspired on optimization suggested by Tom Brus  git-svn-id: https://svn.apache.org/repos/asf/ant/core/trunk@533498 13f79535-47bb-0310-9956-ffa450edef68 ";"3";"-1"
"AntClassLoader.java";"org.apache.tools.ant";"NO";"NO";"NO";"NO";"NO";"NO";"NO";"NO";"NO";"NO";"NO";"NO";"NO";"88e48dbdd378dbb095a7537d430e400cd785532c";"little bit of code review  git-svn-id: https://svn.apache.org/repos/asf/ant/core/trunk@533214 13f79535-47bb-0310-9956-ffa450edef68 ";"1";"-1"
"AntClassLoader.java";"org.apache.tools.ant";"NO";"NO";"NO";"NO";"NO";"NO";"NO";"NO";"NO";"NO";"NO";"NO";"NO";"221b05d0594d787ec6b0dc04f91b88ab0d2179a2";"allow path components to be directly added to AntClassLoader  git-svn-id: https://svn.apache.org/repos/asf/ant/core/trunk@490081 13f79535-47bb-0310-9956-ffa450edef68 ";"1";"-1"
"BuildEvent.java";"org.apache.tools.ant";"NO";"NO";"NO";"NO";"NO";"NO";"NO";"NO";"NO";"NO";"NO";"NO";"NO";"4cc954e2e3f11ff76310c3ca318df2432514788b";"sync - fix some ""serialVersionUID"" warnings - use static methods in a static way - Remove use of deprecated constructor calls: Reference(String) and Reference() - remove some unused (internal) variables - remove unused imports  git-svn-id: https://svn.apache.org/repos/asf/ant/core/branches/ANT_17_BRANCH@593037 13f79535-47bb-0310-9956-ffa450edef68 ";"1";"-1"
"BuildException.java";"org.apache.tools.ant";"NO";"NO";"NO";"NO";"NO";"NO";"NO";"NO";"NO";"NO";"NO";"NO";"NO";"4cc954e2e3f11ff76310c3ca318df2432514788b";"sync - fix some ""serialVersionUID"" warnings - use static methods in a static way - Remove use of deprecated constructor calls: Reference(String) and Reference() - remove some unused (internal) variables - remove unused imports  git-svn-id: https://svn.apache.org/repos/asf/ant/core/branches/ANT_17_BRANCH@593037 13f79535-47bb-0310-9956-ffa450edef68 ";"1";"-1"
"BuildListener.java";"org.apache.tools.ant";"NO";"NO";"NO";"NO";"NO";"NO";"NO";"NO";"NO";"NO";"NO";"NO";"NO";"";"";"0";"0"
"BuildLogger.java";"org.apache.tools.ant";"NO";"NO";"NO";"NO";"NO";"NO";"NO";"NO";"NO";"NO";"NO";"NO";"NO";"";"";"0";"0"
"DefaultLogger.java";"org.apache.tools.ant";"NO";"NO";"NO";"NO";"NO";"NO";"NO";"NO";"NO";"NO";"NO";"NO";"NO";"15a50713072376f404dd55a5c680562868ee9c66";"#43398: print full stack trace (merge of rev 581076 from trunk)  git-svn-id: https://svn.apache.org/repos/asf/ant/core/branches/ANT_17_BRANCH@581091 13f79535-47bb-0310-9956-ffa450edef68 ";"1";"-1"
"DefaultLogger.java";"org.apache.tools.ant";"NO";"NO";"NO";"NO";"NO";"NO";"NO";"NO";"NO";"NO";"NO";"NO";"NO";"b5e606fe0ec7e62fc26854a77e29de35829df027";"Logger work. The main change is the new BigProjectLogger that makes reading the results of very big chained/nested projects  manageable.   Some pulling up of helper methods into DefaultLogger, and a bit of cleanup there; plus the appopriate documentation changes  git-svn-id: https://svn.apache.org/repos/asf/ant/core/trunk@539477 13f79535-47bb-0310-9956-ffa450edef68 ";"1";"-1"
"DesirableFilter.java";"org.apache.tools.ant";"NO";"NO";"NO";"NO";"NO";"NO";"NO";"NO";"NO";"NO";"NO";"NO";"NO";"";"";"0";"0"
"FileScanner.java";"org.apache.tools.ant";"NO";"NO";"NO";"NO";"NO";"NO";"NO";"NO";"NO";"NO";"NO";"NO";"NO";"";"";"0";"0"
"Location.java";"org.apache.tools.ant";"NO";"NO";"NO";"NO";"NO";"NO";"NO";"NO";"NO";"NO";"NO";"NO";"NO";"";"";"0";"0"
"Map.java";"org.apache.tools.ant";"NO";"NO";"NO";"NO";"NO";"NO";"NO";"NO";"NO";"NO";"NO";"NO";"NO";"";"";"0";"0"
"PathTokenizer.java";"org.apache.tools.ant";"NO";"NO";"NO";"NO";"NO";"NO";"NO";"NO";"NO";"NO";"NO";"NO";"NO";"";"";"0";"0"
"ProjectHelper.java";"org.apache.tools.ant";"NO";"NO";"NO";"NO";"NO";"NO";"NO";"NO";"NO";"NO";"NO";"NO";"NO";"5184f14831e2987c93d2cbbf5da2318ca5c00241";"formatting & MagicNames  git-svn-id: https://svn.apache.org/repos/asf/ant/core/trunk@549699 13f79535-47bb-0310-9956-ffa450edef68 ";"1";"-1"
"ProjectHelper.java";"org.apache.tools.ant";"NO";"NO";"NO";"NO";"NO";"NO";"NO";"NO";"NO";"NO";"NO";"NO";"NO";"d8fdac9edf8a0374408bcb346887fc4f777f6a51";"-tiny loop change  git-svn-id: https://svn.apache.org/repos/asf/ant/core/trunk@517628 13f79535-47bb-0310-9956-ffa450edef68 ";"1";"-1"
"RuntimeConfigurable.java";"org.apache.tools.ant";"NO";"NO";"NO";"NO";"NO";"NO";"NO";"NO";"NO";"NO";"NO";"NO";"NO";"";"";"0";"0"
"Target.java";"org.apache.tools.ant";"NO";"NO";"NO";"NO";"NO";"NO";"NO";"NO";"NO";"NO";"NO";"NO";"NO";"";"";"0";"0"
"Task.java";"org.apache.tools.ant";"NO";"NO";"NO";"NO";"NO";"NO";"NO";"NO";"NO";"NO";"NO";"NO";"NO";"";"";"0";"0"
"TaskAdapter.java";"org.apache.tools.ant";"NO";"NO";"NO";"NO";"NO";"NO";"NO";"NO";"NO";"NO";"NO";"NO";"NO";"507f3239d801c1b734957bb3145fe7ea9682dbde";"revert mistaken commit to a version tag  git-svn-id: https://svn.apache.org/repos/asf/ant/core/tags/ANT_170@589742 13f79535-47bb-0310-9956-ffa450edef68 ";"1";"-2"
"TaskAdapter.java";"org.apache.tools.ant";"NO";"NO";"NO";"NO";"NO";"NO";"NO";"NO";"NO";"NO";"NO";"NO";"NO";"359548f0b3bf2c9f6a1a3e9740addd581687cf6e";"merge Jan's new constructor in the branch  git-svn-id: https://svn.apache.org/repos/asf/ant/core/branches/ANT_17_BRANCH@589728 13f79535-47bb-0310-9956-ffa450edef68 ";"1";"-1"
"TaskAdapter.java";"org.apache.tools.ant";"NO";"NO";"NO";"NO";"NO";"NO";"NO";"NO";"NO";"NO";"NO";"NO";"NO";"84ebe638483f9c595cd8476b5235c037a5f3b64e";"sync  git-svn-id: https://svn.apache.org/repos/asf/ant/core/tags/ANT_170@589719 13f79535-47bb-0310-9956-ffa450edef68 ";"1";"-1"
"AntStructure.java";"org.apache.tools.ant.taskdefs";"NO";"NO";"NO";"NO";"NO";"NO";"NO";"NO";"NO";"NO";"NO";"NO";"NO";"";"";"0";"0"
"Available.java";"org.apache.tools.ant.taskdefs";"NO";"NO";"NO";"NO";"NO";"NO";"NO";"NO";"NO";"NO";"NO";"NO";"NO";"cf483977f55af88d1e230474ef59c38041984858";"merge checkstyle  git-svn-id: https://svn.apache.org/repos/asf/ant/core/branches/ANT_17_BRANCH@565103 13f79535-47bb-0310-9956-ffa450edef68 ";"1";"-1"
"Available.java";"org.apache.tools.ant.taskdefs";"NO";"NO";"NO";"NO";"NO";"NO";"NO";"NO";"NO";"NO";"NO";"NO";"NO";"b0352d04846e292de7371598705c71981cfd6d33";"bugzilla 42735: filepath does not work anymore in <available>  git-svn-id: https://svn.apache.org/repos/asf/ant/core/trunk@550549 13f79535-47bb-0310-9956-ffa450edef68 ";"1";"-1"
"CallTarget.java";"org.apache.tools.ant.taskdefs";"NO";"NO";"NO";"NO";"NO";"NO";"NO";"NO";"NO";"NO";"NO";"NO";"NO";"";"";"0";"0"
"Chmod.java";"org.apache.tools.ant.taskdefs";"NO";"NO";"NO";"NO";"NO";"NO";"NO";"NO";"NO";"NO";"NO";"NO";"NO";"";"";"0";"0"
"CompileTask.java";"org.apache.tools.ant.taskdefs";"NO";"NO";"NO";"NO";"NO";"NO";"NO";"NO";"NO";"NO";"NO";"NO";"NO";"";"";"0";"0"
"Copydir.java";"org.apache.tools.ant.taskdefs";"NO";"NO";"NO";"NO";"NO";"NO";"NO";"NO";"NO";"NO";"NO";"NO";"NO";"";"";"0";"0"
"Copyfile.java";"org.apache.tools.ant.taskdefs";"NO";"NO";"NO";"NO";"NO";"NO";"NO";"NO";"NO";"NO";"NO";"NO";"NO";"";"";"0";"0"
"Cvs.java";"org.apache.tools.ant.taskdefs";"NO";"NO";"NO";"NO";"NO";"NO";"NO";"NO";"NO";"NO";"NO";"NO";"NO";"";"";"0";"0"
"Deltree.java";"org.apache.tools.ant.taskdefs";"NO";"NO";"NO";"NO";"NO";"NO";"NO";"NO";"NO";"NO";"NO";"NO";"NO";"";"";"0";"0"
"Echo.java";"org.apache.tools.ant.taskdefs";"NO";"NO";"NO";"NO";"NO";"NO";"NO";"NO";"NO";"NO";"NO";"NO";"NO";"";"";"0";"0"
"Exec.java";"org.apache.tools.ant.taskdefs";"NO";"NO";"NO";"NO";"NO";"NO";"NO";"NO";"NO";"NO";"NO";"NO";"NO";"";"";"0";"0"
"ExecTask.java";"org.apache.tools.ant.taskdefs";"NO";"NO";"NO";"NO";"NO";"NO";"NO";"NO";"NO";"NO";"NO";"NO";"NO";"d9ad96e9e212e3a39ec78452312e794880d2fdfd";"sync: magic numbers  git-svn-id: https://svn.apache.org/repos/asf/ant/core/branches/ANT_17_BRANCH@576371 13f79535-47bb-0310-9956-ffa450edef68 ";"1";"-1"
"Execute.java";"org.apache.tools.ant.taskdefs";"NO";"NO";"NO";"NO";"NO";"NO";"NO";"NO";"NO";"NO";"NO";"NO";"NO";"da2d1494ba311c08e81f968c82eeeab333d16169";"manual merge of r608939   git-svn-id: https://svn.apache.org/repos/asf/ant/core/branches/ANT_17_BRANCH@608996 13f79535-47bb-0310-9956-ffa450edef68 ";"1";"-1"
"Execute.java";"org.apache.tools.ant.taskdefs";"NO";"NO";"NO";"NO";"NO";"NO";"NO";"NO";"NO";"NO";"NO";"NO";"NO";"98c3de03324851ec608820e48bec10cb79f08534";"sync:magicnumbers  git-svn-id: https://svn.apache.org/repos/asf/ant/core/branches/ANT_17_BRANCH@577264 13f79535-47bb-0310-9956-ffa450edef68 ";"1";"-1"
"Execute.java";"org.apache.tools.ant.taskdefs";"NO";"NO";"NO";"NO";"NO";"NO";"NO";"NO";"NO";"NO";"NO";"NO";"NO";"d9ad96e9e212e3a39ec78452312e794880d2fdfd";"sync: magic numbers  git-svn-id: https://svn.apache.org/repos/asf/ant/core/branches/ANT_17_BRANCH@576371 13f79535-47bb-0310-9956-ffa450edef68 ";"1";"-1"
"Execute.java";"org.apache.tools.ant.taskdefs";"NO";"NO";"NO";"NO";"NO";"NO";"NO";"NO";"NO";"NO";"NO";"NO";"NO";"d5836ac061734031a67a6c3bb5fb2fe1e73e566f";"Changes after static code analysis. Code totally equivalent  git-svn-id: https://svn.apache.org/repos/asf/ant/core/trunk@526545 13f79535-47bb-0310-9956-ffa450edef68 ";"1";"-1"
"ExecuteJava.java";"org.apache.tools.ant.taskdefs";"NO";"NO";"NO";"NO";"NO";"NO";"NO";"NO";"NO";"NO";"NO";"NO";"NO";"";"";"0";"0"
"ExecuteStreamHandler.java";"org.apache.tools.ant.taskdefs";"NO";"NO";"NO";"NO";"NO";"NO";"NO";"NO";"NO";"NO";"NO";"NO";"NO";"";"";"0";"0"
"ExecuteWatchdog.java";"org.apache.tools.ant.taskdefs";"NO";"NO";"NO";"NO";"NO";"NO";"NO";"NO";"NO";"NO";"NO";"NO";"NO";"";"";"0";"0"
"Exit.java";"org.apache.tools.ant.taskdefs";"NO";"NO";"NO";"NO";"NO";"NO";"NO";"NO";"NO";"NO";"NO";"NO";"NO";"";"";"0";"0"
"Filter.java";"org.apache.tools.ant.taskdefs";"NO";"NO";"NO";"NO";"NO";"NO";"NO";"NO";"NO";"NO";"NO";"NO";"NO";"";"";"0";"0"
"FixCRLF.java";"org.apache.tools.ant.taskdefs";"NO";"NO";"NO";"NO";"NO";"NO";"NO";"NO";"NO";"NO";"NO";"NO";"NO";"da2d1494ba311c08e81f968c82eeeab333d16169";"manual merge of r608939   git-svn-id: https://svn.apache.org/repos/asf/ant/core/branches/ANT_17_BRANCH@608996 13f79535-47bb-0310-9956-ffa450edef68 ";"1";"-1"
"FixCRLF.java";"org.apache.tools.ant.taskdefs";"NO";"NO";"NO";"NO";"NO";"NO";"NO";"NO";"NO";"NO";"NO";"NO";"NO";"74b2c9a92ab6631079837f03d9320165e296d9a2";"-use createTempFileName so that bootstrap build doesn't clobber .bat/.sh files  git-svn-id: https://svn.apache.org/repos/asf/ant/core/branches/ANT_17_BRANCH@594008 13f79535-47bb-0310-9956-ffa450edef68 ";"1";"-1"
"GUnzip.java";"org.apache.tools.ant.taskdefs";"NO";"NO";"NO";"NO";"NO";"NO";"NO";"NO";"NO";"NO";"NO";"NO";"NO";"d9ad96e9e212e3a39ec78452312e794880d2fdfd";"sync: magic numbers  git-svn-id: https://svn.apache.org/repos/asf/ant/core/branches/ANT_17_BRANCH@576371 13f79535-47bb-0310-9956-ffa450edef68 ";"1";"-1"
"GZip.java";"org.apache.tools.ant.taskdefs";"NO";"NO";"NO";"NO";"NO";"NO";"NO";"NO";"NO";"NO";"NO";"NO";"NO";"";"";"0";"0"
"Jar.java";"org.apache.tools.ant.taskdefs";"NO";"NO";"NO";"NO";"NO";"NO";"NO";"NO";"NO";"NO";"NO";"NO";"NO";"2cdebc3f414e577823ce64ace0a0a4d66eb94ac3";"Merge - use the StrictMode enumerated class rather than a string for the setStrict method  git-svn-id: https://svn.apache.org/repos/asf/ant/core/branches/ANT_17_BRANCH@558068 13f79535-47bb-0310-9956-ffa450edef68 ";"1";"-1"
"Jar.java";"org.apache.tools.ant.taskdefs";"NO";"NO";"NO";"NO";"NO";"NO";"NO";"NO";"NO";"NO";"NO";"NO";"NO";"d65d675a13795110dbbb79898443235f8c0732cc";"merge jar strict attribute from trunk  git-svn-id: https://svn.apache.org/repos/asf/ant/core/branches/ANT_17_BRANCH@557376 13f79535-47bb-0310-9956-ffa450edef68 ";"1";"-1"
"Jar.java";"org.apache.tools.ant.taskdefs";"NO";"NO";"NO";"NO";"NO";"NO";"NO";"NO";"NO";"NO";"NO";"NO";"NO";"2c44cef133b46cc3f6d3ea428f361d9f81fe8982";"Encourage people to follow the packaging spec.  git-svn-id: https://svn.apache.org/repos/asf/ant/core/trunk@553857 13f79535-47bb-0310-9956-ffa450edef68 ";"2";"-1"
"Jar.java";"org.apache.tools.ant.taskdefs";"NO";"NO";"NO";"NO";"NO";"NO";"NO";"NO";"NO";"NO";"NO";"NO";"NO";"7627a966ee4283bebb43ff4f0b6eeb84236a6019";"Reviewed Jar (and parts of Zip) because of BR 42632  git-svn-id: https://svn.apache.org/repos/asf/ant/core/trunk@552218 13f79535-47bb-0310-9956-ffa450edef68 ";"1";"-1"
"Jar.java";"org.apache.tools.ant.taskdefs";"NO";"NO";"NO";"NO";"NO";"NO";"NO";"NO";"NO";"NO";"NO";"NO";"NO";"dc2d06decbb26a5b4fa070d6110299765c4496e4";"mark some static methods as non-final, as it is implicit from being static  git-svn-id: https://svn.apache.org/repos/asf/ant/core/trunk@546132 13f79535-47bb-0310-9956-ffa450edef68 ";"1";"-1"
"Jar.java";"org.apache.tools.ant.taskdefs";"NO";"NO";"NO";"NO";"NO";"NO";"NO";"NO";"NO";"NO";"NO";"NO";"NO";"d5836ac061734031a67a6c3bb5fb2fe1e73e566f";"Changes after static code analysis. Code totally equivalent  git-svn-id: https://svn.apache.org/repos/asf/ant/core/trunk@526545 13f79535-47bb-0310-9956-ffa450edef68 ";"1";"-1"
"Jar.java";"org.apache.tools.ant.taskdefs";"NO";"NO";"NO";"NO";"NO";"NO";"NO";"NO";"NO";"NO";"NO";"NO";"NO";"f2e6e1d3961af84d8485ade62eb12fee053ea446";"-use FileUtils.close  git-svn-id: https://svn.apache.org/repos/asf/ant/core/trunk@502505 13f79535-47bb-0310-9956-ffa450edef68 ";"1";"-1"
"Jar.java";"org.apache.tools.ant.taskdefs";"NO";"NO";"NO";"NO";"NO";"NO";"NO";"NO";"NO";"NO";"NO";"NO";"NO";"efd2db02d591dd7902d3ae65cc330a85ccbfc7f3";"Bugzilla 41201: [jar-task] wrong name for services folder  git-svn-id: https://svn.apache.org/repos/asf/ant/core/trunk@488437 13f79535-47bb-0310-9956-ffa450edef68 ";"1";"-1"
"Javac.java";"org.apache.tools.ant.taskdefs";"NO";"NO";"NO";"NO";"NO";"NO";"NO";"NO";"NO";"NO";"NO";"NO";"NO";"ef803a70a3428dc79f9d755897e4030cba762238";"sync  git-svn-id: https://svn.apache.org/repos/asf/ant/core/branches/ANT_17_BRANCH@568598 13f79535-47bb-0310-9956-ffa450edef68 ";"1";"-1"
"Javac.java";"org.apache.tools.ant.taskdefs";"NO";"NO";"NO";"NO";"NO";"NO";"NO";"NO";"NO";"NO";"NO";"NO";"NO";"c73771e3817c4108e1fdb7b0d162b2bf9ab231a4";"sync Bugzilla 43114:  package-info.java repeatedly compiled  git-svn-id: https://svn.apache.org/repos/asf/ant/core/branches/ANT_17_BRANCH@568504 13f79535-47bb-0310-9956-ffa450edef68 ";"1";"-1"
"Javac.java";"org.apache.tools.ant.taskdefs";"NO";"NO";"NO";"NO";"NO";"NO";"NO";"NO";"NO";"NO";"NO";"NO";"NO";"795f140bd7e9ea64b855fe49d95ce1396f8c01b1";"checkstyle: remove trailing ws  git-svn-id: https://svn.apache.org/repos/asf/ant/core/branches/ANT_17_BRANCH@564892 13f79535-47bb-0310-9956-ffa450edef68 ";"1";"-1"
"Javac.java";"org.apache.tools.ant.taskdefs";"NO";"NO";"NO";"NO";"NO";"NO";"NO";"NO";"NO";"NO";"NO";"NO";"NO";"0041d56db57d12f326b18df39a62ef51cecfbc8e";"Merge - Bugzilla: 40776 work-around for javac generics bug  git-svn-id: https://svn.apache.org/repos/asf/ant/core/branches/ANT_17_BRANCH@558060 13f79535-47bb-0310-9956-ffa450edef68 ";"1";"-1"
"Javac.java";"org.apache.tools.ant.taskdefs";"NO";"NO";"NO";"NO";"NO";"NO";"NO";"NO";"NO";"NO";"NO";"NO";"NO";"56956979d87adb39f2c904ee6c714c1abca1c8e3";"add updated and error property attributes to the javac task  git-svn-id: https://svn.apache.org/repos/asf/ant/core/trunk@490751 13f79535-47bb-0310-9956-ffa450edef68 ";"1";"-1"
"JavacOutputStream.java";"org.apache.tools.ant.taskdefs";"NO";"NO";"NO";"NO";"NO";"NO";"NO";"NO";"NO";"NO";"NO";"NO";"NO";"";"";"0";"0"
"Jikes.java";"org.apache.tools.ant.taskdefs";"NO";"NO";"NO";"NO";"NO";"NO";"NO";"NO";"NO";"NO";"NO";"NO";"NO";"98c3de03324851ec608820e48bec10cb79f08534";"sync:magicnumbers  git-svn-id: https://svn.apache.org/repos/asf/ant/core/branches/ANT_17_BRANCH@577264 13f79535-47bb-0310-9956-ffa450edef68 ";"1";"-1"
"JikesOutputParser.java";"org.apache.tools.ant.taskdefs";"NO";"NO";"NO";"NO";"NO";"NO";"NO";"NO";"NO";"NO";"NO";"NO";"NO";"";"";"0";"0"
"KeySubst.java";"org.apache.tools.ant.taskdefs";"NO";"NO";"NO";"NO";"NO";"NO";"NO";"NO";"NO";"NO";"NO";"NO";"NO";"98c3de03324851ec608820e48bec10cb79f08534";"sync:magicnumbers  git-svn-id: https://svn.apache.org/repos/asf/ant/core/branches/ANT_17_BRANCH@577264 13f79535-47bb-0310-9956-ffa450edef68 ";"1";"-1"
"LogOutputStream.java";"org.apache.tools.ant.taskdefs";"NO";"NO";"NO";"NO";"NO";"NO";"NO";"NO";"NO";"NO";"NO";"NO";"NO";"b4101f54249ba1d661ffbc26c620bd249a2f4018";"constructor with passed-in ProjectComponent and default loglevel  git-svn-id: https://svn.apache.org/repos/asf/ant/core/trunk@536358 13f79535-47bb-0310-9956-ffa450edef68 ";"1";"-1"
"LogStreamHandler.java";"org.apache.tools.ant.taskdefs";"NO";"NO";"NO";"NO";"NO";"NO";"NO";"NO";"NO";"NO";"NO";"NO";"NO";"";"";"0";"0"
"Mkdir.java";"org.apache.tools.ant.taskdefs";"NO";"NO";"NO";"NO";"NO";"NO";"NO";"NO";"NO";"NO";"NO";"NO";"NO";"";"";"0";"0"
"Move.java";"org.apache.tools.ant.taskdefs";"NO";"NO";"NO";"NO";"NO";"NO";"NO";"NO";"NO";"NO";"NO";"NO";"NO";"c0649769e0063616ae46a2e58a57203bb42a7f8e";"fix the filename case junk again without relying on OS-level tests; reverting earlier changes  git-svn-id: https://svn.apache.org/repos/asf/ant/core/trunk@552350 13f79535-47bb-0310-9956-ffa450edef68 ";"1";"-1"
"Move.java";"org.apache.tools.ant.taskdefs";"NO";"NO";"NO";"NO";"NO";"NO";"NO";"NO";"NO";"NO";"NO";"NO";"NO";"39a4da86733bb32057e0bacac1c73895717f6181";"refactor  git-svn-id: https://svn.apache.org/repos/asf/ant/core/trunk@552156 13f79535-47bb-0310-9956-ffa450edef68 ";"1";"-1"
"Move.java";"org.apache.tools.ant.taskdefs";"NO";"NO";"NO";"NO";"NO";"NO";"NO";"NO";"NO";"NO";"NO";"NO";"NO";"3a896be7fdf1beb063702928ae89b4f7cbe106c2";"fmting, fix BZ #41948  git-svn-id: https://svn.apache.org/repos/asf/ant/core/trunk@549685 13f79535-47bb-0310-9956-ffa450edef68 ";"1";"-1"
"DDCreator.java";"org.apache.tools.ant.taskdefs.optional.ejb";"NO";"NO";"NO";"NO";"NO";"NO";"NO";"NO";"NO";"NO";"NO";"NO";"NO";"ef5fa00d23e3e2a722f6b2a39def4f68778dbc9b";"Optimization of the change commited yesterday.  git-svn-id: https://svn.apache.org/repos/asf/ant/core/trunk@526722 13f79535-47bb-0310-9956-ffa450edef68 ";"1";"-1"
"DDCreator.java";"org.apache.tools.ant.taskdefs.optional.ejb";"NO";"NO";"NO";"NO";"NO";"NO";"NO";"NO";"NO";"NO";"NO";"NO";"NO";"5ae25f988b3658185c0441f37607f0e4b2519a7c";"Changes after static code analysis. Code really changed.  git-svn-id: https://svn.apache.org/repos/asf/ant/core/trunk@526539 13f79535-47bb-0310-9956-ffa450edef68 ";"1";"-1"
"DDCreatorHelper.java";"org.apache.tools.ant.taskdefs.optional.ejb";"NO";"NO";"NO";"NO";"NO";"NO";"NO";"NO";"NO";"NO";"NO";"NO";"NO";"";"";"0";"0"
"DescriptorHandler.java";"org.apache.tools.ant.taskdefs.optional.ejb";"NO";"NO";"NO";"NO";"NO";"NO";"NO";"NO";"NO";"NO";"NO";"NO";"NO";"";"";"0";"0"
"Ejbc.java";"org.apache.tools.ant.taskdefs.optional.ejb";"NO";"NO";"NO";"NO";"NO";"NO";"NO";"NO";"NO";"NO";"NO";"NO";"NO";"ef5fa00d23e3e2a722f6b2a39def4f68778dbc9b";"Optimization of the change commited yesterday.  git-svn-id: https://svn.apache.org/repos/asf/ant/core/trunk@526722 13f79535-47bb-0310-9956-ffa450edef68 ";"1";"-1"
"Ejbc.java";"org.apache.tools.ant.taskdefs.optional.ejb";"NO";"NO";"NO";"NO";"NO";"NO";"NO";"NO";"NO";"NO";"NO";"NO";"NO";"5ae25f988b3658185c0441f37607f0e4b2519a7c";"Changes after static code analysis. Code really changed.  git-svn-id: https://svn.apache.org/repos/asf/ant/core/trunk@526539 13f79535-47bb-0310-9956-ffa450edef68 ";"1";"-1"
"EjbcHelper.java";"org.apache.tools.ant.taskdefs.optional.ejb";"NO";"NO";"NO";"NO";"NO";"NO";"NO";"NO";"NO";"NO";"NO";"NO";"NO";"";"";"0";"0"
"EJBDeploymentTool.java";"org.apache.tools.ant.taskdefs.optional.ejb";"NO";"NO";"NO";"NO";"NO";"NO";"NO";"NO";"NO";"NO";"NO";"NO";"NO";"";"";"0";"0"
"EjbJar.java";"org.apache.tools.ant.taskdefs.optional.ejb";"NO";"NO";"NO";"NO";"NO";"NO";"NO";"NO";"NO";"NO";"NO";"NO";"NO";"";"";"0";"0"
"InnerClassFilenameFilter.java";"org.apache.tools.ant.taskdefs.optional.ejb";"NO";"NO";"NO";"NO";"NO";"NO";"NO";"NO";"NO";"NO";"NO";"NO";"NO";"";"";"0";"0"
"WeblogicTOPLinkDeploymentTool.java";"org.apache.tools.ant.taskdefs.optional.ejb";"NO";"NO";"NO";"NO";"NO";"NO";"NO";"NO";"NO";"NO";"NO";"NO";"NO";"";"";"0";"0"
"WLRun.java";"org.apache.tools.ant.taskdefs.optional.ejb";"NO";"NO";"NO";"NO";"NO";"NO";"NO";"NO";"NO";"NO";"NO";"NO";"NO";"";"";"0";"0"
"WLStop.java";"org.apache.tools.ant.taskdefs.optional.ejb";"NO";"NO";"NO";"NO";"NO";"NO";"NO";"NO";"NO";"NO";"NO";"NO";"NO";"";"";"0";"0"
"FTP.java";"org.apache.tools.ant.taskdefs.optional";"NO";"NO";"NO";"NO";"NO";"NO";"NO";"NO";"NO";"NO";"NO";"NO";"NO";"";"";"0";"0"
"JavaCC.java";"org.apache.tools.ant.taskdefs.optional.javacc";"NO";"NO";"NO";"NO";"NO";"NO";"NO";"NO";"NO";"NO";"NO";"NO";"NO";"";"";"0";"0"
"JJTree.java";"org.apache.tools.ant.taskdefs.optional.javacc";"NO";"NO";"NO";"NO";"NO";"NO";"NO";"NO";"NO";"NO";"NO";"NO";"NO";"";"";"0";"0"
"ClassNameReader.java";"org.apache.tools.ant.taskdefs.optional.jlink";"NO";"NO";"NO";"NO";"NO";"NO";"NO";"NO";"NO";"NO";"NO";"NO";"NO";"1b9b59eb4b04d0ec1e5e662716455f12ea259c50";"sync: more magic num  git-svn-id: https://svn.apache.org/repos/asf/ant/core/branches/ANT_17_BRANCH@577685 13f79535-47bb-0310-9956-ffa450edef68 ";"1";"-1"
"jlink.java";"org.apache.tools.ant.taskdefs.optional.jlink";"NO";"NO";"NO";"NO";"NO";"NO";"NO";"NO";"NO";"NO";"NO";"NO";"NO";"1b9b59eb4b04d0ec1e5e662716455f12ea259c50";"sync: more magic num  git-svn-id: https://svn.apache.org/repos/asf/ant/core/branches/ANT_17_BRANCH@577685 13f79535-47bb-0310-9956-ffa450edef68 ";"1";"-1"
"jlink.java";"org.apache.tools.ant.taskdefs.optional.jlink";"NO";"NO";"NO";"NO";"NO";"NO";"NO";"NO";"NO";"NO";"NO";"NO";"NO";"dd8442070314597038e789db03323dfc87b2bf6c";"Changes after static code analysis. Code changed.  git-svn-id: https://svn.apache.org/repos/asf/ant/core/trunk@526541 13f79535-47bb-0310-9956-ffa450edef68 ";"1";"-1"
"JlinkTask.java";"org.apache.tools.ant.taskdefs.optional.jlink";"NO";"NO";"NO";"NO";"NO";"NO";"NO";"NO";"NO";"NO";"NO";"NO";"NO";"";"";"0";"0"
"WLJspc.java";"org.apache.tools.ant.taskdefs.optional.jsp";"NO";"NO";"NO";"NO";"NO";"NO";"NO";"NO";"NO";"NO";"NO";"NO";"NO";"ed51cf9b5ab2db291a21ea481b347fa82fd7594a";"sync:checkstyle  git-svn-id: https://svn.apache.org/repos/asf/ant/core/branches/ANT_17_BRANCH@579713 13f79535-47bb-0310-9956-ffa450edef68 ";"1";"-1"
"BaseTest.java";"org.apache.tools.ant.taskdefs.optional.junit";"NO";"NO";"NO";"NO";"NO";"NO";"NO";"NO";"NO";"NO";"NO";"NO";"NO";"";"";"0";"0"
"BatchTest.java";"org.apache.tools.ant.taskdefs.optional.junit";"NO";"NO";"NO";"NO";"NO";"NO";"NO";"NO";"NO";"NO";"NO";"NO";"NO";"";"";"0";"0"
"FormatterElement.java";"org.apache.tools.ant.taskdefs.optional.junit";"NO";"NO";"NO";"NO";"NO";"NO";"NO";"NO";"NO";"NO";"NO";"NO";"NO";"";"";"0";"0"
"JUnitResultFormatter.java";"org.apache.tools.ant.taskdefs.optional.junit";"NO";"NO";"NO";"NO";"NO";"NO";"NO";"NO";"NO";"NO";"NO";"NO";"NO";"";"";"0";"0"
"JUnitTask.java";"org.apache.tools.ant.taskdefs.optional.junit";"NO";"NO";"NO";"NO";"NO";"NO";"NO";"NO";"NO";"NO";"NO";"NO";"NO";"0b28c06c97d17e3582c9bf79e52d5bef1eb9caf3";"merge 630093 from trunk  git-svn-id: https://svn.apache.org/repos/asf/ant/core/branches/ANT_17_BRANCH@630095 13f79535-47bb-0310-9956-ffa450edef68 ";"1";"-1"
"JUnitTask.java";"org.apache.tools.ant.taskdefs.optional.junit";"NO";"NO";"NO";"NO";"NO";"NO";"NO";"NO";"NO";"NO";"NO";"NO";"NO";"24dd0cb6040a58bca7c616e90bd7bdacb391d469";"-backport Cactus fix from trunk (tried subclipse merge didn't work so cut-n-paste)  git-svn-id: https://svn.apache.org/repos/asf/ant/core/branches/ANT_17_BRANCH@629502 13f79535-47bb-0310-9956-ffa450edef68 ";"1";"-1"
"JUnitTask.java";"org.apache.tools.ant.taskdefs.optional.junit";"NO";"NO";"NO";"NO";"NO";"NO";"NO";"NO";"NO";"NO";"NO";"NO";"NO";"da2d1494ba311c08e81f968c82eeeab333d16169";"manual merge of r608939   git-svn-id: https://svn.apache.org/repos/asf/ant/core/branches/ANT_17_BRANCH@608996 13f79535-47bb-0310-9956-ffa450edef68 ";"1";"-1"
"JUnitTask.java";"org.apache.tools.ant.taskdefs.optional.junit";"NO";"NO";"NO";"NO";"NO";"NO";"NO";"NO";"NO";"NO";"NO";"NO";"NO";"1b9b59eb4b04d0ec1e5e662716455f12ea259c50";"sync: more magic num  git-svn-id: https://svn.apache.org/repos/asf/ant/core/branches/ANT_17_BRANCH@577685 13f79535-47bb-0310-9956-ffa450edef68 ";"1";"-1"
"JUnitTask.java";"org.apache.tools.ant.taskdefs.optional.junit";"NO";"NO";"NO";"NO";"NO";"NO";"NO";"NO";"NO";"NO";"NO";"NO";"NO";"49c7f109cd3b8d0569ce382aa4ce9889d05e287f";"sync: reduce method length  git-svn-id: https://svn.apache.org/repos/asf/ant/core/branches/ANT_17_BRANCH@566991 13f79535-47bb-0310-9956-ffa450edef68 ";"1";"-1"
"JUnitTask.java";"org.apache.tools.ant.taskdefs.optional.junit";"NO";"NO";"NO";"NO";"NO";"NO";"NO";"NO";"NO";"NO";"NO";"NO";"NO";"6b3f22f56b81ba6471a9405b78600b3bb7cfcf1f";"revert last  git-svn-id: https://svn.apache.org/repos/asf/ant/core/trunk@549261 13f79535-47bb-0310-9956-ffa450edef68 ";"1";"-1"
"JUnitTask.java";"org.apache.tools.ant.taskdefs.optional.junit";"NO";"NO";"NO";"NO";"NO";"NO";"NO";"NO";"NO";"NO";"NO";"NO";"NO";"7002aa3c760699ccac9f90d63fbbbf912a033b0b";"remove unnecessary catch  git-svn-id: https://svn.apache.org/repos/asf/ant/core/trunk@549258 13f79535-47bb-0310-9956-ffa450edef68 ";"1";"-1"
"JUnitTask.java";"org.apache.tools.ant.taskdefs.optional.junit";"NO";"NO";"NO";"NO";"NO";"NO";"NO";"NO";"NO";"NO";"NO";"NO";"NO";"e15b1d67a0dc5a117442c1df6e5044d199059907";"#41422: <junit> in Ant 1.7.0 could throw NPE if no <classpath> was defined.   git-svn-id: https://svn.apache.org/repos/asf/ant/core/trunk@498519 13f79535-47bb-0310-9956-ffa450edef68 ";"1";"-1"
"JUnitTask.java";"org.apache.tools.ant.taskdefs.optional.junit";"NO";"NO";"NO";"NO";"NO";"NO";"NO";"NO";"NO";"NO";"NO";"NO";"NO";"b120eead1b06b7d47b9ba63e4083b6fc387ba9a6";"fix signature of JUnitTask#addClasspathEntry  git-svn-id: https://svn.apache.org/repos/asf/ant/core/trunk@491719 13f79535-47bb-0310-9956-ffa450edef68 ";"1";"-1"
"JUnitTask.java";"org.apache.tools.ant.taskdefs.optional.junit";"NO";"NO";"NO";"NO";"NO";"NO";"NO";"NO";"NO";"NO";"NO";"NO";"NO";"49f0cadf53584f85d31718f3413ea2c8fbf77274";"Check if classpath used with forked junit contains multi versions of ant  git-svn-id: https://svn.apache.org/repos/asf/ant/core/trunk@491045 13f79535-47bb-0310-9956-ffa450edef68 ";"1";"-1"
"JUnitTask.java";"org.apache.tools.ant.taskdefs.optional.junit";"NO";"NO";"NO";"NO";"NO";"NO";"NO";"NO";"NO";"NO";"NO";"NO";"NO";"d0f8c8f0a08f929b79b2a5f4870816597fbd214a";"line length + add reason mixing ant versions.  git-svn-id: https://svn.apache.org/repos/asf/ant/core/trunk@489767 13f79535-47bb-0310-9956-ffa450edef68 ";"1";"-1"
"JUnitTask.java";"org.apache.tools.ant.taskdefs.optional.junit";"NO";"NO";"NO";"NO";"NO";"NO";"NO";"NO";"NO";"NO";"NO";"NO";"NO";"37e823cbfd3a777801adc9fe4cb1212bf8d4aa46";"improved handling of non-existent vmwatcher file.  git-svn-id: https://svn.apache.org/repos/asf/ant/core/trunk@489763 13f79535-47bb-0310-9956-ffa450edef68 ";"1";"-1"
"JUnitTest.java";"org.apache.tools.ant.taskdefs.optional.junit";"NO";"NO";"NO";"NO";"NO";"NO";"NO";"NO";"NO";"NO";"NO";"NO";"NO";"";"";"0";"0"
"JUnitTestRunner.java";"org.apache.tools.ant.taskdefs.optional.junit";"NO";"NO";"NO";"NO";"NO";"NO";"NO";"NO";"NO";"NO";"NO";"NO";"NO";"4792ae5772a4d23d26c1e60bfa921b4e47122fe6";"sync  git-svn-id: https://svn.apache.org/repos/asf/ant/core/branches/ANT_17_BRANCH@566727 13f79535-47bb-0310-9956-ffa450edef68 ";"1";"-1"
"PlainJUnitResultFormatter.java";"org.apache.tools.ant.taskdefs.optional.junit";"NO";"NO";"NO";"NO";"NO";"NO";"NO";"NO";"NO";"NO";"NO";"NO";"NO";"1a76f49fb9f1d231c94b2edb2c5c2d1153f4b3f2";"sync  git-svn-id: https://svn.apache.org/repos/asf/ant/core/branches/ANT_17_BRANCH@578740 13f79535-47bb-0310-9956-ffa450edef68 ";"1";"-1"
"SummaryJUnitResultFormatter.java";"org.apache.tools.ant.taskdefs.optional.junit";"NO";"NO";"NO";"NO";"NO";"NO";"NO";"NO";"NO";"NO";"NO";"NO";"NO";"1a76f49fb9f1d231c94b2edb2c5c2d1153f4b3f2";"sync  git-svn-id: https://svn.apache.org/repos/asf/ant/core/branches/ANT_17_BRANCH@578740 13f79535-47bb-0310-9956-ffa450edef68 ";"1";"-1"
"XMLJUnitResultFormatter.java";"org.apache.tools.ant.taskdefs.optional.junit";"NO";"NO";"NO";"NO";"NO";"NO";"NO";"NO";"NO";"NO";"NO";"NO";"NO";"1a76f49fb9f1d231c94b2edb2c5c2d1153f4b3f2";"sync  git-svn-id: https://svn.apache.org/repos/asf/ant/core/branches/ANT_17_BRANCH@578740 13f79535-47bb-0310-9956-ffa450edef68 ";"1";"-1"
"MParse.java";"org.apache.tools.ant.taskdefs.optional.metamata";"NO";"NO";"NO";"NO";"NO";"NO";"NO";"NO";"NO";"NO";"NO";"NO";"NO";"";"";"0";"0"
"Native2Ascii.java";"org.apache.tools.ant.taskdefs.optional";"NO";"NO";"NO";"NO";"NO";"NO";"NO";"NO";"NO";"NO";"NO";"NO";"NO";"";"";"0";"0"
"P4sync.java";"org.apache.tools.ant.taskdefs.optional.perforce";"NO";"NO";"NO";"NO";"NO";"NO";"NO";"NO";"NO";"NO";"NO";"NO";"NO";"";"";"0";"0"
"RenameExtensions.java";"org.apache.tools.ant.taskdefs.optional";"NO";"NO";"NO";"NO";"NO";"NO";"NO";"NO";"NO";"NO";"NO";"NO";"NO";"";"";"0";"0"
"Script.java";"org.apache.tools.ant.taskdefs.optional";"NO";"NO";"NO";"NO";"NO";"NO";"NO";"NO";"NO";"NO";"NO";"NO";"NO";"";"";"0";"0"
"MSVSS.java";"org.apache.tools.ant.taskdefs.optional.vss";"NO";"NO";"NO";"NO";"NO";"NO";"NO";"NO";"NO";"NO";"NO";"NO";"NO";"f10a7bea5e8de2a34c70a603279df026da0b15b5";"sync magic numbers  git-svn-id: https://svn.apache.org/repos/asf/ant/core/branches/ANT_17_BRANCH@578200 13f79535-47bb-0310-9956-ffa450edef68 ";"1";"-1"
"MSVSSGET.java";"org.apache.tools.ant.taskdefs.optional.vss";"NO";"NO";"NO";"NO";"NO";"NO";"NO";"NO";"NO";"NO";"NO";"NO";"NO";"";"";"0";"0"
"XalanLiaison.java";"org.apache.tools.ant.taskdefs.optional";"NO";"NO";"NO";"NO";"NO";"NO";"NO";"NO";"NO";"NO";"NO";"NO";"NO";"";"";"0";"0"
"XslpLiaison.java";"org.apache.tools.ant.taskdefs.optional";"NO";"NO";"NO";"NO";"NO";"NO";"NO";"NO";"NO";"NO";"NO";"NO";"NO";"";"";"0";"0"
"Patch.java";"org.apache.tools.ant.taskdefs";"NO";"NO";"NO";"NO";"NO";"NO";"NO";"NO";"NO";"NO";"NO";"NO";"NO";"";"";"0";"0"
"Property.java";"org.apache.tools.ant.taskdefs";"NO";"NO";"NO";"NO";"NO";"NO";"NO";"NO";"NO";"NO";"NO";"NO";"NO";"a664a9752084fffbce7fb1c5135620671908d43b";"Changes after static code analysis. Code changed.  git-svn-id: https://svn.apache.org/repos/asf/ant/core/trunk@526542 13f79535-47bb-0310-9956-ffa450edef68 ";"1";"-1"
"PumpStreamHandler.java";"org.apache.tools.ant.taskdefs";"NO";"NO";"NO";"NO";"NO";"NO";"NO";"NO";"NO";"NO";"NO";"NO";"NO";"";"";"0";"0"
"Rename.java";"org.apache.tools.ant.taskdefs";"NO";"NO";"NO";"NO";"NO";"NO";"NO";"NO";"NO";"NO";"NO";"NO";"NO";"";"";"0";"0"
"Replace.java";"org.apache.tools.ant.taskdefs";"NO";"NO";"NO";"NO";"NO";"NO";"NO";"NO";"NO";"NO";"NO";"NO";"NO";"da2d1494ba311c08e81f968c82eeeab333d16169";"manual merge of r608939   git-svn-id: https://svn.apache.org/repos/asf/ant/core/branches/ANT_17_BRANCH@608996 13f79535-47bb-0310-9956-ffa450edef68 ";"1";"-1"
"Replace.java";"org.apache.tools.ant.taskdefs";"NO";"NO";"NO";"NO";"NO";"NO";"NO";"NO";"NO";"NO";"NO";"NO";"NO";"006796ac5d3dea6a9f401aedcd8cafd4176f25d2";"pr: 41544 Replace task summary output incorrect  git-svn-id: https://svn.apache.org/repos/asf/ant/core/trunk@505532 13f79535-47bb-0310-9956-ffa450edef68 ";"1";"-1"
"Rmic.java";"org.apache.tools.ant.taskdefs";"NO";"NO";"NO";"NO";"NO";"NO";"NO";"NO";"NO";"NO";"NO";"NO";"NO";"a6c8900b68580aa6b29ea17b03af09a10e1b4f69";"sync: checkstyle  git-svn-id: https://svn.apache.org/repos/asf/ant/core/branches/ANT_17_BRANCH@582163 13f79535-47bb-0310-9956-ffa450edef68 ";"1";"-1"
"Rmic.java";"org.apache.tools.ant.taskdefs";"NO";"NO";"NO";"NO";"NO";"NO";"NO";"NO";"NO";"NO";"NO";"NO";"NO";"6bc7e8dd3eb4abd76f52224692ef033143ceb5c7";"optimizations; merge of rev 581748 from trunk  git-svn-id: https://svn.apache.org/repos/asf/ant/core/branches/ANT_17_BRANCH@581753 13f79535-47bb-0310-9956-ffa450edef68 ";"1";"-1"
"SendEmail.java";"org.apache.tools.ant.taskdefs";"NO";"NO";"NO";"NO";"NO";"NO";"NO";"NO";"NO";"NO";"NO";"NO";"NO";"";"";"0";"0"
"SignJar.java";"org.apache.tools.ant.taskdefs";"NO";"NO";"NO";"NO";"NO";"NO";"NO";"NO";"NO";"NO";"NO";"NO";"NO";"d5836ac061734031a67a6c3bb5fb2fe1e73e566f";"Changes after static code analysis. Code totally equivalent  git-svn-id: https://svn.apache.org/repos/asf/ant/core/trunk@526545 13f79535-47bb-0310-9956-ffa450edef68 ";"1";"-1"
"SQLExec.java";"org.apache.tools.ant.taskdefs";"NO";"NO";"NO";"NO";"NO";"NO";"NO";"NO";"NO";"NO";"NO";"NO";"NO";"63fb4d459b454236caef0e037333b8ee4cabb91c";"""rawblobs"" attribute added to SQL task.  git-svn-id: https://svn.apache.org/repos/asf/ant/core/trunk@551323 13f79535-47bb-0310-9956-ffa450edef68 ";"1";"-1"
"SQLExec.java";"org.apache.tools.ant.taskdefs";"NO";"NO";"NO";"NO";"NO";"NO";"NO";"NO";"NO";"NO";"NO";"NO";"NO";"f8e71b50339d8fc15bdf6813eaa91d24096817a7";"formatting; refactoring  git-svn-id: https://svn.apache.org/repos/asf/ant/core/trunk@551166 13f79535-47bb-0310-9956-ffa450edef68 ";"1";"-1"
"SQLExec.java";"org.apache.tools.ant.taskdefs";"NO";"NO";"NO";"NO";"NO";"NO";"NO";"NO";"NO";"NO";"NO";"NO";"NO";"5c06c0c50677348d560d860a939a73880654ffcd";"Bugzilla 41264: douple expansion in <sql>  git-svn-id: https://svn.apache.org/repos/asf/ant/core/trunk@491347 13f79535-47bb-0310-9956-ffa450edef68 ";"1";"-1"
"StreamPumper.java";"org.apache.tools.ant.taskdefs";"NO";"NO";"NO";"NO";"NO";"NO";"NO";"NO";"NO";"NO";"NO";"NO";"NO";"f81f7bc3993b17a9215c1e9e7fd76b4850c72ca7";"sync: more magic numbers  git-svn-id: https://svn.apache.org/repos/asf/ant/core/branches/ANT_17_BRANCH@577309 13f79535-47bb-0310-9956-ffa450edef68 ";"1";"-1"
"StreamPumper.java";"org.apache.tools.ant.taskdefs";"NO";"NO";"NO";"NO";"NO";"NO";"NO";"NO";"NO";"NO";"NO";"NO";"NO";"dfcdd84fe7472fc7bc6a120ba170881de2fe22f3";"fmting/javadoc  git-svn-id: https://svn.apache.org/repos/asf/ant/core/trunk@551330 13f79535-47bb-0310-9956-ffa450edef68 ";"1";"-1"
"Taskdef.java";"org.apache.tools.ant.taskdefs";"NO";"NO";"NO";"NO";"NO";"NO";"NO";"NO";"NO";"NO";"NO";"NO";"NO";"";"";"0";"0"
"TaskOutputStream.java";"org.apache.tools.ant.taskdefs";"NO";"NO";"NO";"NO";"NO";"NO";"NO";"NO";"NO";"NO";"NO";"NO";"NO";"";"";"0";"0"
"Touch.java";"org.apache.tools.ant.taskdefs";"NO";"NO";"NO";"NO";"NO";"NO";"NO";"NO";"NO";"NO";"NO";"NO";"NO";"b0df67412caff06226d505d6525288808363b2a3";"merge  git-svn-id: https://svn.apache.org/repos/asf/ant/core/branches/ANT_17_BRANCH@592515 13f79535-47bb-0310-9956-ffa450edef68 ";"1";"-1"
"Tstamp.java";"org.apache.tools.ant.taskdefs";"NO";"NO";"NO";"NO";"NO";"NO";"NO";"NO";"NO";"NO";"NO";"NO";"NO";"";"";"0";"0"
"Untar.java";"org.apache.tools.ant.taskdefs";"NO";"NO";"NO";"NO";"NO";"NO";"NO";"NO";"NO";"NO";"NO";"NO";"NO";"";"";"0";"0"
"UpToDate.java";"org.apache.tools.ant.taskdefs";"NO";"NO";"NO";"NO";"NO";"NO";"NO";"NO";"NO";"NO";"NO";"NO";"NO";"d5836ac061734031a67a6c3bb5fb2fe1e73e566f";"Changes after static code analysis. Code totally equivalent  git-svn-id: https://svn.apache.org/repos/asf/ant/core/trunk@526545 13f79535-47bb-0310-9956-ffa450edef68 ";"1";"-1"
"War.java";"org.apache.tools.ant.taskdefs";"NO";"NO";"NO";"NO";"NO";"NO";"NO";"NO";"NO";"NO";"NO";"NO";"NO";"446d3b7d5cf831610737fa8ea59d53f3634300a9";"sync   git-svn-id: https://svn.apache.org/repos/asf/ant/core/branches/ANT_17_BRANCH@567745 13f79535-47bb-0310-9956-ffa450edef68 ";"1";"-1"
"War.java";"org.apache.tools.ant.taskdefs";"NO";"NO";"NO";"NO";"NO";"NO";"NO";"NO";"NO";"NO";"NO";"NO";"NO";"44c6b562f74dd45c27e84bd91e4b796be76c5f0a";"Wrong attribute name in the message.  git-svn-id: https://svn.apache.org/repos/asf/ant/core/trunk@498647 13f79535-47bb-0310-9956-ffa450edef68 ";"1";"-2"
"XSLTLiaison.java";"org.apache.tools.ant.taskdefs";"NO";"NO";"NO";"NO";"NO";"NO";"NO";"NO";"NO";"NO";"NO";"NO";"NO";"";"";"0";"0"
"Commandline.java";"org.apache.tools.ant.types";"NO";"NO";"NO";"NO";"NO";"NO";"NO";"NO";"NO";"NO";"NO";"NO";"NO";"";"";"0";"0"
"CommandlineJava.java";"org.apache.tools.ant.types";"NO";"NO";"NO";"NO";"NO";"NO";"NO";"NO";"NO";"NO";"NO";"NO";"NO";"9f87319a930d932040004fe67ccba38c6a67a139";"make public haveClasspath  git-svn-id: https://svn.apache.org/repos/asf/ant/core/trunk@491044 13f79535-47bb-0310-9956-ffa450edef68 ";"1";"-1"
"DataType.java";"org.apache.tools.ant.types";"NO";"NO";"NO";"NO";"NO";"NO";"NO";"NO";"NO";"NO";"NO";"NO";"NO";"";"";"0";"0"
"EnumeratedAttribute.java";"org.apache.tools.ant.types";"NO";"NO";"NO";"NO";"NO";"NO";"NO";"NO";"NO";"NO";"NO";"NO";"NO";"";"";"0";"0"
"Environment.java";"org.apache.tools.ant.types";"NO";"NO";"NO";"NO";"NO";"NO";"NO";"NO";"NO";"NO";"NO";"NO";"NO";"";"";"0";"0"
"Path.java";"org.apache.tools.ant.types";"NO";"NO";"NO";"NO";"NO";"NO";"NO";"NO";"NO";"NO";"NO";"NO";"NO";"5a95430cdab1d80db618be278b86b1e30fba66f0";"Merge fix for Bugzilla 42967.    git-svn-id: https://svn.apache.org/repos/asf/ant/core/branches/ANT_17_BRANCH@559252 13f79535-47bb-0310-9956-ffa450edef68 ";"1";"-1"
"PatternSet.java";"org.apache.tools.ant.types";"NO";"NO";"NO";"NO";"NO";"NO";"NO";"NO";"NO";"NO";"NO";"NO";"NO";"8f553854482f453303290716b232e302d4fd629f";"checkstyle merge  git-svn-id: https://svn.apache.org/repos/asf/ant/core/branches/ANT_17_BRANCH@565094 13f79535-47bb-0310-9956-ffa450edef68 ";"1";"-1"
"PatternSet.java";"org.apache.tools.ant.types";"NO";"NO";"NO";"NO";"NO";"NO";"NO";"NO";"NO";"NO";"NO";"NO";"NO";"7fe632db240fa951b440ec524a0d994440c53774";"static inner should fix 1.2 probs  git-svn-id: https://svn.apache.org/repos/asf/ant/core/trunk@528047 13f79535-47bb-0310-9956-ffa450edef68 ";"1";"-1"
"PatternSet.java";"org.apache.tools.ant.types";"NO";"NO";"NO";"NO";"NO";"NO";"NO";"NO";"NO";"NO";"NO";"NO";"NO";"d121889dca687fc281d6a24e90be4cf8a438d459";"Patternset allows nested inverted patternsets using <invert>.  git-svn-id: https://svn.apache.org/repos/asf/ant/core/trunk@526228 13f79535-47bb-0310-9956-ffa450edef68 ";"1";"-1"
"Reference.java";"org.apache.tools.ant.types";"NO";"NO";"NO";"NO";"NO";"NO";"NO";"NO";"NO";"NO";"NO";"NO";"NO";"";"";"0";"0"
"UnknownElement.java";"org.apache.tools.ant";"NO";"NO";"NO";"NO";"NO";"NO";"NO";"NO";"NO";"NO";"NO";"NO";"NO";"251c1e9e3663cc78d277b8375be40eb8f47b5812";"-merge 641903 back into 1.7.1  git-svn-id: https://svn.apache.org/repos/asf/ant/core/branches/ANT_17_BRANCH@651879 13f79535-47bb-0310-9956-ffa450edef68 ";"1";"-1"
"UnknownElement.java";"org.apache.tools.ant";"NO";"NO";"NO";"NO";"NO";"NO";"NO";"NO";"NO";"NO";"NO";"NO";"NO";"6c51b99be68cae0c43d35d4dba168b2d6a37d3fb";"sync: place the cleanup code in a finally clause  git-svn-id: https://svn.apache.org/repos/asf/ant/core/branches/ANT_17_BRANCH@568878 13f79535-47bb-0310-9956-ffa450edef68 ";"1";"-1"
"XmlLogger.java";"org.apache.tools.ant";"NO";"NO";"NO";"NO";"NO";"NO";"NO";"NO";"NO";"NO";"NO";"NO";"NO";"";"";"0";"0"
"MailMessage.java";"org.apache.tools.mail";"NO";"NO";"NO";"NO";"NO";"NO";"NO";"NO";"NO";"NO";"NO";"NO";"NO";"";"";"0";"0"
"TarBuffer.java";"org.apache.tools.tar";"NO";"NO";"NO";"NO";"NO";"NO";"NO";"NO";"NO";"NO";"NO";"NO";"NO";"";"";"0";"0"
"TarConstants.java";"org.apache.tools.tar";"NO";"NO";"NO";"NO";"NO";"NO";"NO";"NO";"NO";"NO";"NO";"NO";"NO";"6f326d2ddfbae109d6bfe086799bc1eaa0b5d852";"checkstyle merge  git-svn-id: https://svn.apache.org/repos/asf/ant/core/branches/ANT_17_BRANCH@565090 13f79535-47bb-0310-9956-ffa450edef68 ";"1";"-1"
"TarEntry.java";"org.apache.tools.tar";"NO";"NO";"NO";"NO";"NO";"NO";"NO";"NO";"NO";"NO";"NO";"NO";"NO";"";"";"0";"0"
"TarInputStream.java";"org.apache.tools.tar";"NO";"NO";"NO";"NO";"NO";"NO";"NO";"NO";"NO";"NO";"NO";"NO";"NO";"1decd46416a6230eec33e44a50725a547324e7c7";"sync: magic number  git-svn-id: https://svn.apache.org/repos/asf/ant/core/branches/ANT_17_BRANCH@579279 13f79535-47bb-0310-9956-ffa450edef68 ";"1";"-1"
"TarInputStream.java";"org.apache.tools.tar";"NO";"NO";"NO";"NO";"NO";"NO";"NO";"NO";"NO";"NO";"NO";"NO";"NO";"1a76f49fb9f1d231c94b2edb2c5c2d1153f4b3f2";"sync  git-svn-id: https://svn.apache.org/repos/asf/ant/core/branches/ANT_17_BRANCH@578740 13f79535-47bb-0310-9956-ffa450edef68 ";"1";"-1"
"TarOutputStream.java";"org.apache.tools.tar";"NO";"NO";"NO";"NO";"NO";"NO";"NO";"NO";"NO";"NO";"NO";"NO";"NO";"";"";"0";"0"
"TarUtils.java";"org.apache.tools.tar";"NO";"NO";"NO";"NO";"NO";"NO";"NO";"NO";"NO";"NO";"NO";"NO";"NO";"1decd46416a6230eec33e44a50725a547324e7c7";"sync: magic number  git-svn-id: https://svn.apache.org/repos/asf/ant/core/branches/ANT_17_BRANCH@579279 13f79535-47bb-0310-9956-ffa450edef68 ";"1";"-1"
"TarUtils.java";"org.apache.tools.tar";"NO";"NO";"NO";"NO";"NO";"NO";"NO";"NO";"NO";"NO";"NO";"NO";"NO";"6f326d2ddfbae109d6bfe086799bc1eaa0b5d852";"checkstyle merge  git-svn-id: https://svn.apache.org/repos/asf/ant/core/branches/ANT_17_BRANCH@565090 13f79535-47bb-0310-9956-ffa450edef68 ";"1";"-1"
