"CLASS NAME";"PACKAGE";"CLASS DATA SHOULD BE PRIVATE";"COMPLEX CLASS";"FEATURE ENVY";"INAPPROPRIATE INTIMACY";"LARGE CLASS";"LAZY CLASS";"LONG METHODS";"LONG PARAMETER LIST";"MESSAGE CHAIN";"MIDDLE MAN";"REFUSED BEQUEST";"SPAGHETTI CODE";"SPECULATIVE GENERALITY";"SHA-1";"COMMIT MESSAGE";"POSITIVITY";"NEGATIVITY"
"MagicNames.java";"org.apache.tools.ant";"YES";"NO";"NO";"NO";"NO";"NO";"NO";"NO";"NO";"NO";"NO";"NO";"NO";"";"";"0";"0"
"P4Counter.java";"org.apache.tools.ant.taskdefs.optional.perforce";"YES";"NO";"NO";"NO";"NO";"NO";"NO";"NO";"NO";"NO";"NO";"NO";"NO";"";"";"0";"0"
"SunRmic.java";"org.apache.tools.ant.taskdefs.rmic";"YES";"NO";"NO";"NO";"NO";"NO";"NO";"NO";"NO";"NO";"NO";"NO";"NO";"";"";"0";"0"
"WLRmic.java";"org.apache.tools.ant.taskdefs.rmic";"YES";"NO";"NO";"NO";"NO";"NO";"NO";"NO";"NO";"NO";"NO";"NO";"NO";"";"";"0";"0"
"ColorMapper.java";"org.apache.tools.ant.types.optional.image";"YES";"NO";"NO";"NO";"NO";"NO";"NO";"NO";"NO";"NO";"NO";"NO";"NO";"c767541c7d35c9eef55bf65e686373b02b71af2a";"As Jesse points out, equalsIgnoreCase is not locale-sensitive  git-svn-id: https://svn.apache.org/repos/asf/ant/core/trunk@911324 13f79535-47bb-0310-9956-ffa450edef68 ";"1";"-1"
"ColorMapper.java";"org.apache.tools.ant.types.optional.image";"YES";"NO";"NO";"NO";"NO";"NO";"NO";"NO";"NO";"NO";"NO";"NO";"NO";"58f0bb04db9c5c8a858d7a3be7719608f25f2f49";"if user input is compared to fixed strings in a case insensitive manner we should use the default locale.  Use Locale.ENGLISH consistently  git-svn-id: https://svn.apache.org/repos/asf/ant/core/trunk@910955 13f79535-47bb-0310-9956-ffa450edef68 ";"1";"-2"
"DepthSelector.java";"org.apache.tools.ant.types.selectors";"YES";"NO";"NO";"NO";"NO";"NO";"NO";"NO";"NO";"NO";"NO";"NO";"NO";"c767541c7d35c9eef55bf65e686373b02b71af2a";"As Jesse points out, equalsIgnoreCase is not locale-sensitive  git-svn-id: https://svn.apache.org/repos/asf/ant/core/trunk@911324 13f79535-47bb-0310-9956-ffa450edef68 ";"1";"-1"
"DepthSelector.java";"org.apache.tools.ant.types.selectors";"YES";"NO";"NO";"NO";"NO";"NO";"NO";"NO";"NO";"NO";"NO";"NO";"NO";"58f0bb04db9c5c8a858d7a3be7719608f25f2f49";"if user input is compared to fixed strings in a case insensitive manner we should use the default locale.  Use Locale.ENGLISH consistently  git-svn-id: https://svn.apache.org/repos/asf/ant/core/trunk@910955 13f79535-47bb-0310-9956-ffa450edef68 ";"1";"-2"
"XmlConstants.java";"org.apache.tools.ant.util";"YES";"NO";"NO";"NO";"NO";"NO";"NO";"NO";"NO";"NO";"NO";"NO";"NO";"";"";"0";"0"
"IntrospectionHelper.java";"org.apache.tools.ant";"NO";"YES";"NO";"NO";"NO";"NO";"YES";"NO";"NO";"NO";"NO";"NO";"NO";"58f0bb04db9c5c8a858d7a3be7719608f25f2f49";"if user input is compared to fixed strings in a case insensitive manner we should use the default locale.  Use Locale.ENGLISH consistently  git-svn-id: https://svn.apache.org/repos/asf/ant/core/trunk@910955 13f79535-47bb-0310-9956-ffa450edef68 ";"1";"-2"
"Zip.java";"org.apache.tools.ant.taskdefs";"NO";"YES";"NO";"NO";"YES";"NO";"YES";"YES";"NO";"NO";"NO";"YES";"NO";"ba12ac85f432c0a98c5c0fbe6eead1e52858fddd";"better use the full potential of a Hashtable.  PR 48755.  Submitted by Marc Bevand.  git-svn-id: https://svn.apache.org/repos/asf/ant/core/trunk@910825 13f79535-47bb-0310-9956-ffa450edef68 ";"1";"-1"
"Zip.java";"org.apache.tools.ant.taskdefs";"NO";"YES";"NO";"NO";"YES";"NO";"YES";"YES";"NO";"NO";"NO";"YES";"NO";"f665a4d33564ecc12851996978a9847024643829";"accept a wider range of existing zip archives by being more lenient when parsing extra fields  git-svn-id: https://svn.apache.org/repos/asf/ant/core/trunk@910537 13f79535-47bb-0310-9956-ffa450edef68 ";"1";"-1"
"FTPTaskMirrorImpl.java";"org.apache.tools.ant.taskdefs.optional.net";"NO";"YES";"NO";"NO";"YES";"NO";"YES";"NO";"NO";"NO";"NO";"YES";"NO";"d58f4d380b325e8802b1fdf22bd87ead365d1397";"Change more List#contains() cases, most of the changes are unlikely to have a real performance impact since the lists usually are too small  git-svn-id: https://svn.apache.org/repos/asf/ant/core/trunk@910889 13f79535-47bb-0310-9956-ffa450edef68 ";"1";"-1"
"FTP.java";"org.apache.tools.ant.taskdefs.optional.net";"NO";"YES";"NO";"NO";"NO";"NO";"YES";"NO";"NO";"NO";"NO";"YES";"NO";"c767541c7d35c9eef55bf65e686373b02b71af2a";"As Jesse points out, equalsIgnoreCase is not locale-sensitive  git-svn-id: https://svn.apache.org/repos/asf/ant/core/trunk@911324 13f79535-47bb-0310-9956-ffa450edef68 ";"1";"-1"
"FTP.java";"org.apache.tools.ant.taskdefs.optional.net";"NO";"YES";"NO";"NO";"NO";"NO";"YES";"NO";"NO";"NO";"NO";"YES";"NO";"58f0bb04db9c5c8a858d7a3be7719608f25f2f49";"if user input is compared to fixed strings in a case insensitive manner we should use the default locale.  Use Locale.ENGLISH consistently  git-svn-id: https://svn.apache.org/repos/asf/ant/core/trunk@910955 13f79535-47bb-0310-9956-ffa450edef68 ";"1";"-2"
"FTP.java";"org.apache.tools.ant.taskdefs.optional.net";"NO";"YES";"NO";"NO";"NO";"NO";"YES";"NO";"NO";"NO";"NO";"YES";"NO";"d58f4d380b325e8802b1fdf22bd87ead365d1397";"Change more List#contains() cases, most of the changes are unlikely to have a real performance impact since the lists usually are too small  git-svn-id: https://svn.apache.org/repos/asf/ant/core/trunk@910889 13f79535-47bb-0310-9956-ffa450edef68 ";"1";"-1"
"NetRexxC.java";"org.apache.tools.ant.taskdefs.optional";"NO";"NO";"YES";"NO";"NO";"NO";"NO";"NO";"NO";"NO";"NO";"YES";"NO";"a40f5fbc661d21426b9e147021c9bff6af807813";"Bug 48788 -  add removeKeepExtension option to NetRexxC task - patch submitted by Patric Bechtel (bechtel at ipcon dot de)  git-svn-id: https://svn.apache.org/repos/asf/ant/core/trunk@912463 13f79535-47bb-0310-9956-ffa450edef68 ";"1";"-1"
"GenerateKey.java";"org.apache.tools.ant.taskdefs";"NO";"NO";"YES";"NO";"NO";"NO";"NO";"NO";"NO";"NO";"NO";"YES";"NO";"";"";"0";"0"
"Java.java";"org.apache.tools.ant.taskdefs";"NO";"NO";"NO";"YES";"NO";"NO";"NO";"NO";"NO";"NO";"NO";"NO";"NO";"";"";"0";"0"
"CommandlineJava.java";"org.apache.tools.ant.types";"NO";"NO";"NO";"YES";"NO";"NO";"NO";"NO";"NO";"NO";"NO";"NO";"NO";"";"";"0";"0"
"Javac.java";"org.apache.tools.ant.taskdefs";"NO";"NO";"NO";"YES";"NO";"NO";"NO";"NO";"NO";"NO";"NO";"NO";"NO";"c767541c7d35c9eef55bf65e686373b02b71af2a";"As Jesse points out, equalsIgnoreCase is not locale-sensitive  git-svn-id: https://svn.apache.org/repos/asf/ant/core/trunk@911324 13f79535-47bb-0310-9956-ffa450edef68 ";"1";"-1"
"Javac.java";"org.apache.tools.ant.taskdefs";"NO";"NO";"NO";"YES";"NO";"NO";"NO";"NO";"NO";"NO";"NO";"NO";"NO";"58f0bb04db9c5c8a858d7a3be7719608f25f2f49";"if user input is compared to fixed strings in a case insensitive manner we should use the default locale.  Use Locale.ENGLISH consistently  git-svn-id: https://svn.apache.org/repos/asf/ant/core/trunk@910955 13f79535-47bb-0310-9956-ffa450edef68 ";"1";"-2"
"Path.java";"org.apache.tools.ant.types";"NO";"NO";"NO";"YES";"NO";"NO";"NO";"NO";"NO";"NO";"NO";"NO";"NO";"58f0bb04db9c5c8a858d7a3be7719608f25f2f49";"if user input is compared to fixed strings in a case insensitive manner we should use the default locale.  Use Locale.ENGLISH consistently  git-svn-id: https://svn.apache.org/repos/asf/ant/core/trunk@910955 13f79535-47bb-0310-9956-ffa450edef68 ";"1";"-2"
"Project.java";"org.apache.tools.ant";"NO";"NO";"NO";"YES";"YES";"NO";"NO";"NO";"NO";"NO";"NO";"NO";"NO";"c767541c7d35c9eef55bf65e686373b02b71af2a";"As Jesse points out, equalsIgnoreCase is not locale-sensitive  git-svn-id: https://svn.apache.org/repos/asf/ant/core/trunk@911324 13f79535-47bb-0310-9956-ffa450edef68 ";"1";"-1"
"Project.java";"org.apache.tools.ant";"NO";"NO";"NO";"YES";"YES";"NO";"NO";"NO";"NO";"NO";"NO";"NO";"NO";"58f0bb04db9c5c8a858d7a3be7719608f25f2f49";"if user input is compared to fixed strings in a case insensitive manner we should use the default locale.  Use Locale.ENGLISH consistently  git-svn-id: https://svn.apache.org/repos/asf/ant/core/trunk@910955 13f79535-47bb-0310-9956-ffa450edef68 ";"1";"-2"
"Project.java";"org.apache.tools.ant";"NO";"NO";"NO";"YES";"YES";"NO";"NO";"NO";"NO";"NO";"NO";"NO";"NO";"d58f4d380b325e8802b1fdf22bd87ead365d1397";"Change more List#contains() cases, most of the changes are unlikely to have a real performance impact since the lists usually are too small  git-svn-id: https://svn.apache.org/repos/asf/ant/core/trunk@910889 13f79535-47bb-0310-9956-ffa450edef68 ";"1";"-1"
"Project.java";"org.apache.tools.ant";"NO";"NO";"NO";"YES";"YES";"NO";"NO";"NO";"NO";"NO";"NO";"NO";"NO";"11b928d06e825b6929d052ca1637a39ae0159f3b";"Avoid ConcurrentModificationException when iteratong over life-maps.  PR 48310  git-svn-id: https://svn.apache.org/repos/asf/ant/core/trunk@908035 13f79535-47bb-0310-9956-ffa450edef68 ";"1";"-1"
"XMLCatalog.java";"org.apache.tools.ant.types";"NO";"NO";"NO";"YES";"NO";"NO";"NO";"NO";"NO";"NO";"NO";"NO";"NO";"";"";"0";"0"
"RecorderEntry.java";"org.apache.tools.ant.taskdefs";"NO";"NO";"NO";"YES";"NO";"NO";"NO";"NO";"NO";"NO";"NO";"NO";"NO";"";"";"0";"0"
"ProjectComponent.java";"org.apache.tools.ant";"NO";"NO";"NO";"YES";"NO";"NO";"NO";"NO";"NO";"NO";"NO";"NO";"NO";"";"";"0";"0"
"Commandline.java";"org.apache.tools.ant.types";"NO";"NO";"NO";"YES";"NO";"NO";"NO";"NO";"NO";"NO";"NO";"NO";"NO";"";"";"0";"0"
"JDependTask.java";"org.apache.tools.ant.taskdefs.optional.jdepend";"NO";"NO";"NO";"YES";"NO";"NO";"YES";"NO";"NO";"NO";"NO";"NO";"NO";"";"";"0";"0"
"BorlandDeploymentTool.java";"org.apache.tools.ant.taskdefs.optional.ejb";"NO";"NO";"NO";"YES";"NO";"NO";"NO";"NO";"NO";"NO";"YES";"NO";"NO";"";"";"0";"0"
"Target.java";"org.apache.tools.ant";"NO";"NO";"NO";"YES";"NO";"NO";"NO";"NO";"NO";"NO";"NO";"NO";"NO";"";"";"0";"0"
"Javadoc.java";"org.apache.tools.ant.taskdefs";"NO";"NO";"NO";"YES";"YES";"NO";"NO";"NO";"NO";"NO";"NO";"YES";"NO";"58f0bb04db9c5c8a858d7a3be7719608f25f2f49";"if user input is compared to fixed strings in a case insensitive manner we should use the default locale.  Use Locale.ENGLISH consistently  git-svn-id: https://svn.apache.org/repos/asf/ant/core/trunk@910955 13f79535-47bb-0310-9956-ffa450edef68 ";"1";"-2"
"Javadoc.java";"org.apache.tools.ant.taskdefs";"NO";"NO";"NO";"YES";"YES";"NO";"NO";"NO";"NO";"NO";"NO";"YES";"NO";"70c93da9aedf0f207c067c2e78dd6d7822535474";"a few more O(n) lookups where O(1) would be possible - optional tasks not checked, yet  git-svn-id: https://svn.apache.org/repos/asf/ant/core/trunk@910832 13f79535-47bb-0310-9956-ffa450edef68 ";"1";"-1"
"Task.java";"org.apache.tools.ant";"NO";"NO";"NO";"YES";"NO";"NO";"NO";"NO";"NO";"NO";"NO";"NO";"NO";"";"";"0";"0"
"CBZip2OutputStream.java";"org.apache.tools.bzip2";"NO";"NO";"NO";"NO";"YES";"NO";"YES";"NO";"NO";"NO";"NO";"YES";"NO";"";"";"0";"0"
"DirectoryScanner.java";"org.apache.tools.ant";"NO";"NO";"NO";"NO";"YES";"NO";"NO";"NO";"NO";"NO";"YES";"YES";"NO";"";"";"0";"0"
"WebsphereDeploymentTool.java";"org.apache.tools.ant.taskdefs.optional.ejb";"NO";"NO";"NO";"NO";"NO";"NO";"YES";"NO";"NO";"NO";"YES";"NO";"NO";"";"";"0";"0"
"ResourceUtils.java";"org.apache.tools.ant.util";"NO";"NO";"NO";"NO";"NO";"NO";"YES";"YES";"NO";"NO";"NO";"NO";"NO";"5788dcef71c2046666ea5e5ccd3ba843af818ce1";"extract constant  git-svn-id: https://svn.apache.org/repos/asf/ant/core/trunk@935488 13f79535-47bb-0310-9956-ffa450edef68 ";"1";"-1"
"ResourceUtils.java";"org.apache.tools.ant.util";"NO";"NO";"NO";"NO";"NO";"NO";"YES";"YES";"NO";"NO";"NO";"NO";"NO";"c72633ebe4532ae609dda85757d8026ef7c302c7";"problem 48894  1) buffer size management is present in FileChannel, so we do not need to impose any limit. 2) bus error in gij when requested copy size > remaining file size (this is a bug in gij that will not be triggered anymore by ant from this line)  git-svn-id: https://svn.apache.org/repos/asf/ant/core/trunk@922179 13f79535-47bb-0310-9956-ffa450edef68 ";"1";"-1"
"ResourceUtils.java";"org.apache.tools.ant.util";"NO";"NO";"NO";"NO";"NO";"NO";"YES";"YES";"NO";"NO";"NO";"NO";"NO";"6d13fceec8ddb1813346fcf4e3f95b9083e4fd77";"filesmatch throws NPE when comparing texts and the second one has fewer lines.  PR 48715  git-svn-id: https://svn.apache.org/repos/asf/ant/core/trunk@908356 13f79535-47bb-0310-9956-ffa450edef68 ";"1";"-1"
"Main.java";"org.apache.tools.ant";"NO";"NO";"NO";"NO";"NO";"NO";"YES";"NO";"NO";"NO";"NO";"NO";"NO";"";"";"0";"0"
"CBZip2InputStream.java";"org.apache.tools.bzip2";"NO";"NO";"NO";"NO";"NO";"NO";"YES";"YES";"NO";"NO";"NO";"YES";"NO";"";"";"0";"0"
"Delete.java";"org.apache.tools.ant.taskdefs";"NO";"NO";"NO";"NO";"NO";"NO";"YES";"NO";"NO";"NO";"NO";"YES";"NO";"";"";"0";"0"
"Depend.java";"org.apache.tools.ant.taskdefs.optional.depend";"NO";"NO";"NO";"NO";"NO";"NO";"YES";"NO";"NO";"NO";"NO";"YES";"NO";"";"";"0";"0"
"Copy.java";"org.apache.tools.ant.taskdefs";"NO";"NO";"NO";"NO";"NO";"NO";"YES";"NO";"NO";"NO";"NO";"YES";"NO";"b9b253df5b8ef5279083b4a7abcecde71b6e79f7";"whitespace  git-svn-id: https://svn.apache.org/repos/asf/ant/core/trunk@932242 13f79535-47bb-0310-9956-ffa450edef68 ";"1";"-1"
"Copy.java";"org.apache.tools.ant.taskdefs";"NO";"NO";"NO";"NO";"NO";"NO";"YES";"NO";"NO";"NO";"NO";"YES";"NO";"c35f045b9055bb478a9ccdb8189af883adce0ee8";"make failonerror work as expected when copying to a file instead of a directory  git-svn-id: https://svn.apache.org/repos/asf/ant/core/trunk@932241 13f79535-47bb-0310-9956-ffa450edef68 ";"1";"-1"
"EmailTask.java";"org.apache.tools.ant.taskdefs.email";"NO";"NO";"NO";"NO";"NO";"NO";"YES";"NO";"NO";"NO";"NO";"YES";"NO";"";"";"0";"0"
"JonasDeploymentTool.java";"org.apache.tools.ant.taskdefs.optional.ejb";"NO";"NO";"NO";"NO";"NO";"NO";"YES";"NO";"NO";"NO";"YES";"NO";"NO";"";"";"0";"0"
"ExecuteOn.java";"org.apache.tools.ant.taskdefs";"NO";"NO";"NO";"NO";"NO";"NO";"YES";"NO";"NO";"NO";"NO";"NO";"NO";"70c93da9aedf0f207c067c2e78dd6d7822535474";"a few more O(n) lookups where O(1) would be possible - optional tasks not checked, yet  git-svn-id: https://svn.apache.org/repos/asf/ant/core/trunk@910832 13f79535-47bb-0310-9956-ffa450edef68 ";"1";"-1"
"MimeMailer.java";"org.apache.tools.ant.taskdefs.email";"NO";"NO";"NO";"NO";"NO";"NO";"YES";"NO";"NO";"NO";"NO";"YES";"NO";"58f0bb04db9c5c8a858d7a3be7719608f25f2f49";"if user input is compared to fixed strings in a case insensitive manner we should use the default locale.  Use Locale.ENGLISH consistently  git-svn-id: https://svn.apache.org/repos/asf/ant/core/trunk@910955 13f79535-47bb-0310-9956-ffa450edef68 ";"1";"-2"
"Pvcs.java";"org.apache.tools.ant.taskdefs.optional.pvcs";"NO";"NO";"NO";"NO";"NO";"NO";"YES";"NO";"NO";"NO";"NO";"YES";"NO";"c767541c7d35c9eef55bf65e686373b02b71af2a";"As Jesse points out, equalsIgnoreCase is not locale-sensitive  git-svn-id: https://svn.apache.org/repos/asf/ant/core/trunk@911324 13f79535-47bb-0310-9956-ffa450edef68 ";"1";"-1"
"Pvcs.java";"org.apache.tools.ant.taskdefs.optional.pvcs";"NO";"NO";"NO";"NO";"NO";"NO";"YES";"NO";"NO";"NO";"NO";"YES";"NO";"58f0bb04db9c5c8a858d7a3be7719608f25f2f49";"if user input is compared to fixed strings in a case insensitive manner we should use the default locale.  Use Locale.ENGLISH consistently  git-svn-id: https://svn.apache.org/repos/asf/ant/core/trunk@910955 13f79535-47bb-0310-9956-ffa450edef68 ";"1";"-2"
"ReplaceRegExp.java";"org.apache.tools.ant.taskdefs.optional";"NO";"NO";"NO";"NO";"NO";"NO";"YES";"NO";"NO";"NO";"NO";"NO";"NO";"";"";"0";"0"
"Launcher.java";"org.apache.tools.ant.launch";"NO";"NO";"NO";"NO";"NO";"NO";"YES";"NO";"NO";"NO";"NO";"NO";"NO";"";"";"0";"0"
"SelectorUtils.java";"org.apache.tools.ant.types.selectors";"NO";"NO";"NO";"NO";"NO";"NO";"YES";"NO";"NO";"NO";"NO";"NO";"NO";"";"";"0";"0"
"Translate.java";"org.apache.tools.ant.taskdefs.optional.i18n";"NO";"NO";"NO";"NO";"NO";"NO";"YES";"NO";"NO";"NO";"NO";"YES";"NO";"";"";"0";"0"
"Ant.java";"org.apache.tools.ant.taskdefs";"NO";"NO";"NO";"NO";"NO";"NO";"YES";"NO";"NO";"NO";"NO";"YES";"NO";"70c93da9aedf0f207c067c2e78dd6d7822535474";"a few more O(n) lookups where O(1) would be possible - optional tasks not checked, yet  git-svn-id: https://svn.apache.org/repos/asf/ant/core/trunk@910832 13f79535-47bb-0310-9956-ffa450edef68 ";"1";"-1"
"Parallel.java";"org.apache.tools.ant.taskdefs";"NO";"NO";"NO";"NO";"NO";"NO";"YES";"NO";"NO";"NO";"NO";"YES";"NO";"";"";"0";"0"
"Tar.java";"org.apache.tools.ant.taskdefs";"NO";"NO";"NO";"NO";"NO";"NO";"YES";"NO";"NO";"NO";"NO";"YES";"NO";"c767541c7d35c9eef55bf65e686373b02b71af2a";"As Jesse points out, equalsIgnoreCase is not locale-sensitive  git-svn-id: https://svn.apache.org/repos/asf/ant/core/trunk@911324 13f79535-47bb-0310-9956-ffa450edef68 ";"1";"-1"
"Tar.java";"org.apache.tools.ant.taskdefs";"NO";"NO";"NO";"NO";"NO";"NO";"YES";"NO";"NO";"NO";"NO";"YES";"NO";"58f0bb04db9c5c8a858d7a3be7719608f25f2f49";"if user input is compared to fixed strings in a case insensitive manner we should use the default locale.  Use Locale.ENGLISH consistently  git-svn-id: https://svn.apache.org/repos/asf/ant/core/trunk@910955 13f79535-47bb-0310-9956-ffa450edef68 ";"1";"-2"
"DefaultCompilerAdapter.java";"org.apache.tools.ant.taskdefs.compilers";"NO";"NO";"NO";"NO";"NO";"NO";"YES";"NO";"NO";"NO";"NO";"NO";"NO";"";"";"0";"0"
"ComponentHelper.java";"org.apache.tools.ant";"NO";"NO";"NO";"NO";"NO";"NO";"YES";"NO";"NO";"NO";"NO";"NO";"NO";"2bcbbabc08c4473a33730fd06cc67870f01e17fe";"sp  git-svn-id: https://svn.apache.org/repos/asf/ant/core/trunk@916442 13f79535-47bb-0310-9956-ffa450edef68 ";"1";"-1"
"XmlProperty.java";"org.apache.tools.ant.taskdefs";"NO";"NO";"NO";"NO";"NO";"NO";"YES";"NO";"NO";"NO";"NO";"NO";"NO";"";"";"0";"0"
"Expand.java";"org.apache.tools.ant.taskdefs";"NO";"NO";"NO";"NO";"NO";"NO";"YES";"YES";"NO";"NO";"NO";"NO";"NO";"";"";"0";"0"
"Redirector.java";"org.apache.tools.ant.taskdefs";"NO";"NO";"NO";"NO";"NO";"NO";"YES";"NO";"NO";"NO";"NO";"YES";"NO";"";"";"0";"0"
"XSLTProcess.java";"org.apache.tools.ant.taskdefs";"NO";"NO";"NO";"NO";"NO";"NO";"YES";"NO";"NO";"NO";"NO";"YES";"NO";"69eba07e72da7b69d2ef95717c1e91d7b9b75b00";"Removing ant-trax.jar and folding TraXLiaison into ant-nodeps.jar.  git-svn-id: https://svn.apache.org/repos/asf/ant/core/trunk@911648 13f79535-47bb-0310-9956-ffa450edef68 ";"1";"-1"
"XSLTProcess.java";"org.apache.tools.ant.taskdefs";"NO";"NO";"NO";"NO";"NO";"NO";"YES";"NO";"NO";"NO";"NO";"YES";"NO";"c767541c7d35c9eef55bf65e686373b02b71af2a";"As Jesse points out, equalsIgnoreCase is not locale-sensitive  git-svn-id: https://svn.apache.org/repos/asf/ant/core/trunk@911324 13f79535-47bb-0310-9956-ffa450edef68 ";"1";"-1"
"XSLTProcess.java";"org.apache.tools.ant.taskdefs";"NO";"NO";"NO";"NO";"NO";"NO";"YES";"NO";"NO";"NO";"NO";"YES";"NO";"58f0bb04db9c5c8a858d7a3be7719608f25f2f49";"if user input is compared to fixed strings in a case insensitive manner we should use the default locale.  Use Locale.ENGLISH consistently  git-svn-id: https://svn.apache.org/repos/asf/ant/core/trunk@910955 13f79535-47bb-0310-9956-ffa450edef68 ";"1";"-2"
"ModifiedSelector.java";"org.apache.tools.ant.types.selectors.modifiedselector";"NO";"NO";"NO";"NO";"NO";"NO";"YES";"NO";"NO";"NO";"NO";"YES";"NO";"c767541c7d35c9eef55bf65e686373b02b71af2a";"As Jesse points out, equalsIgnoreCase is not locale-sensitive  git-svn-id: https://svn.apache.org/repos/asf/ant/core/trunk@911324 13f79535-47bb-0310-9956-ffa450edef68 ";"1";"-1"
"ModifiedSelector.java";"org.apache.tools.ant.types.selectors.modifiedselector";"NO";"NO";"NO";"NO";"NO";"NO";"YES";"NO";"NO";"NO";"NO";"YES";"NO";"58f0bb04db9c5c8a858d7a3be7719608f25f2f49";"if user input is compared to fixed strings in a case insensitive manner we should use the default locale.  Use Locale.ENGLISH consistently  git-svn-id: https://svn.apache.org/repos/asf/ant/core/trunk@910955 13f79535-47bb-0310-9956-ffa450edef68 ";"1";"-2"
"FileUtils.java";"org.apache.tools.ant.util";"NO";"NO";"NO";"NO";"NO";"NO";"NO";"YES";"NO";"NO";"NO";"NO";"NO";"38446ae4315ec20bbf8c811721c0cc5c73d8a3b6";"looks as if bug 41948 was reappearing on Win7, needs further inverstigation - add some diagnostics  git-svn-id: https://svn.apache.org/repos/asf/ant/core/trunk@936720 13f79535-47bb-0310-9956-ffa450edef68 ";"1";"-1"
"Specification.java";"org.apache.tools.ant.taskdefs.optional.extension";"NO";"NO";"NO";"NO";"NO";"NO";"NO";"YES";"NO";"NO";"NO";"NO";"NO";"";"";"0";"0"
"Jar.java";"org.apache.tools.ant.taskdefs";"NO";"NO";"NO";"NO";"NO";"NO";"NO";"YES";"NO";"NO";"NO";"NO";"NO";"9969e4d608937721c2c14287ac42e665c964a91d";"jar filesetmanifest=merge only worked for an OS where filesep == /.  PR 49090  git-svn-id: https://svn.apache.org/repos/asf/ant/core/trunk@933630 13f79535-47bb-0310-9956-ffa450edef68 ";"1";"-1"
"Jar.java";"org.apache.tools.ant.taskdefs";"NO";"NO";"NO";"NO";"NO";"NO";"NO";"YES";"NO";"NO";"NO";"NO";"NO";"c767541c7d35c9eef55bf65e686373b02b71af2a";"As Jesse points out, equalsIgnoreCase is not locale-sensitive  git-svn-id: https://svn.apache.org/repos/asf/ant/core/trunk@911324 13f79535-47bb-0310-9956-ffa450edef68 ";"1";"-1"
"Jar.java";"org.apache.tools.ant.taskdefs";"NO";"NO";"NO";"NO";"NO";"NO";"NO";"YES";"NO";"NO";"NO";"NO";"NO";"58f0bb04db9c5c8a858d7a3be7719608f25f2f49";"if user input is compared to fixed strings in a case insensitive manner we should use the default locale.  Use Locale.ENGLISH consistently  git-svn-id: https://svn.apache.org/repos/asf/ant/core/trunk@910955 13f79535-47bb-0310-9956-ffa450edef68 ";"1";"-2"
"Jar.java";"org.apache.tools.ant.taskdefs";"NO";"NO";"NO";"NO";"NO";"NO";"NO";"YES";"NO";"NO";"NO";"NO";"NO";"77cba689ceb7e72931ba405bfab50150a21e3271";"fix javadoc warnings  git-svn-id: https://svn.apache.org/repos/asf/ant/core/trunk@909962 13f79535-47bb-0310-9956-ffa450edef68 ";"1";"-1"
"Extension.java";"org.apache.tools.ant.taskdefs.optional.extension";"NO";"NO";"NO";"NO";"NO";"NO";"NO";"YES";"NO";"NO";"NO";"NO";"NO";"";"";"0";"0"
"MatchingTask.java";"org.apache.tools.ant.taskdefs";"NO";"NO";"NO";"NO";"NO";"NO";"NO";"NO";"NO";"YES";"NO";"NO";"NO";"";"";"0";"0"
"MacroDef.java";"org.apache.tools.ant.taskdefs";"NO";"NO";"NO";"NO";"NO";"NO";"NO";"NO";"NO";"NO";"YES";"NO";"NO";"58f0bb04db9c5c8a858d7a3be7719608f25f2f49";"if user input is compared to fixed strings in a case insensitive manner we should use the default locale.  Use Locale.ENGLISH consistently  git-svn-id: https://svn.apache.org/repos/asf/ant/core/trunk@910955 13f79535-47bb-0310-9956-ffa450edef68 ";"1";"-2"
"AntlibDefinition.java";"org.apache.tools.ant.taskdefs";"NO";"NO";"NO";"NO";"NO";"NO";"NO";"NO";"NO";"NO";"YES";"NO";"NO";"";"";"0";"0"
"SchemaValidate.java";"org.apache.tools.ant.taskdefs.optional";"NO";"NO";"NO";"NO";"NO";"NO";"NO";"NO";"NO";"NO";"YES";"NO";"NO";"";"";"0";"0"
"XMLValidateTask.java";"org.apache.tools.ant.taskdefs.optional";"NO";"NO";"NO";"NO";"NO";"NO";"NO";"NO";"NO";"NO";"YES";"NO";"NO";"";"";"0";"0"
"WeblogicDeploymentTool.java";"org.apache.tools.ant.taskdefs.optional.ejb";"NO";"NO";"NO";"NO";"NO";"NO";"NO";"NO";"NO";"NO";"YES";"NO";"NO";"";"";"0";"0"
"GenericDeploymentTool.java";"org.apache.tools.ant.taskdefs.optional.ejb";"NO";"NO";"NO";"NO";"NO";"NO";"NO";"NO";"NO";"NO";"YES";"NO";"NO";"";"";"0";"0"
"IPlanetDeploymentTool.java";"org.apache.tools.ant.taskdefs.optional.ejb";"NO";"NO";"NO";"NO";"NO";"NO";"NO";"NO";"NO";"NO";"YES";"NO";"NO";"";"";"0";"0"
"ArchiveFileSet.java";"org.apache.tools.ant.types";"NO";"NO";"NO";"NO";"NO";"NO";"NO";"NO";"NO";"NO";"YES";"NO";"NO";"";"";"0";"0"
"FileSet.java";"org.apache.tools.ant.types";"NO";"NO";"NO";"NO";"NO";"NO";"NO";"NO";"NO";"NO";"YES";"NO";"NO";"";"";"0";"0"
"ArchiveScanner.java";"org.apache.tools.ant.types";"NO";"NO";"NO";"NO";"NO";"NO";"NO";"NO";"NO";"NO";"YES";"NO";"NO";"";"";"0";"0"
"FileResource.java";"org.apache.tools.ant.types.resources";"NO";"NO";"NO";"NO";"NO";"NO";"NO";"NO";"NO";"NO";"YES";"NO";"NO";"";"";"0";"0"
"Resource.java";"org.apache.tools.ant.types";"NO";"NO";"NO";"NO";"NO";"NO";"NO";"NO";"NO";"NO";"YES";"NO";"NO";"";"";"0";"0"
"URLResource.java";"org.apache.tools.ant.types.resources";"NO";"NO";"NO";"NO";"NO";"NO";"NO";"NO";"NO";"NO";"YES";"NO";"NO";"";"";"0";"0"
"SQLExec.java";"org.apache.tools.ant.taskdefs";"NO";"NO";"NO";"NO";"NO";"NO";"NO";"NO";"NO";"NO";"NO";"YES";"NO";"c767541c7d35c9eef55bf65e686373b02b71af2a";"As Jesse points out, equalsIgnoreCase is not locale-sensitive  git-svn-id: https://svn.apache.org/repos/asf/ant/core/trunk@911324 13f79535-47bb-0310-9956-ffa450edef68 ";"1";"-1"
"SQLExec.java";"org.apache.tools.ant.taskdefs";"NO";"NO";"NO";"NO";"NO";"NO";"NO";"NO";"NO";"NO";"NO";"YES";"NO";"58f0bb04db9c5c8a858d7a3be7719608f25f2f49";"if user input is compared to fixed strings in a case insensitive manner we should use the default locale.  Use Locale.ENGLISH consistently  git-svn-id: https://svn.apache.org/repos/asf/ant/core/trunk@910955 13f79535-47bb-0310-9956-ffa450edef68 ";"1";"-2"
"Checksum.java";"org.apache.tools.ant.taskdefs";"NO";"NO";"NO";"NO";"NO";"NO";"NO";"NO";"NO";"NO";"NO";"YES";"NO";"";"";"0";"0"
"ChangeLogTask.java";"org.apache.tools.ant.taskdefs.cvslib";"NO";"NO";"NO";"NO";"NO";"NO";"NO";"NO";"NO";"NO";"NO";"YES";"NO";"";"";"0";"0"
"EchoProperties.java";"org.apache.tools.ant.taskdefs.optional";"NO";"NO";"NO";"NO";"NO";"NO";"NO";"NO";"NO";"NO";"NO";"YES";"NO";"";"";"0";"0"
"Cab.java";"org.apache.tools.ant.taskdefs.optional";"NO";"NO";"NO";"NO";"NO";"NO";"NO";"NO";"NO";"NO";"NO";"YES";"NO";"";"";"0";"0"
"JspC.java";"org.apache.tools.ant.taskdefs.optional.jsp";"NO";"NO";"NO";"NO";"NO";"NO";"NO";"NO";"NO";"NO";"NO";"YES";"NO";"";"";"0";"0"
"SplashTask.java";"org.apache.tools.ant.taskdefs.optional.splash";"NO";"NO";"NO";"NO";"NO";"NO";"NO";"NO";"NO";"NO";"NO";"YES";"NO";"";"";"0";"0"
"ZipFile.java";"org.apache.tools.zip";"NO";"NO";"NO";"NO";"NO";"NO";"NO";"NO";"NO";"NO";"NO";"YES";"NO";"d3e00e275a0cb053f2a7020c1c45f94804fc9065";"EFS in APPNOTE.TXT stands for 'Early Feature Specification' so our usage of it as 'use the general purpose field to signal UTF8' is wrong.  git-svn-id: https://svn.apache.org/repos/asf/ant/core/trunk@911741 13f79535-47bb-0310-9956-ffa450edef68 ";"1";"-1"
"DispatchTask.java";"org.apache.tools.ant.dispatch";"NO";"NO";"NO";"NO";"NO";"NO";"NO";"NO";"NO";"NO";"NO";"NO";"YES";"";"";"0";"0"
"DefaultJspCompilerAdapter.java";"org.apache.tools.ant.taskdefs.optional.jsp.compilers";"NO";"NO";"NO";"NO";"NO";"NO";"NO";"NO";"NO";"NO";"NO";"NO";"YES";"";"";"0";"0"
"ContentTransformingResource.java";"org.apache.tools.ant.types.resources";"NO";"NO";"NO";"NO";"NO";"NO";"NO";"NO";"NO";"NO";"NO";"NO";"YES";"";"";"0";"0"
"AntClassLoader.java";"org.apache.tools.ant";"NO";"NO";"NO";"NO";"NO";"NO";"NO";"NO";"NO";"NO";"NO";"NO";"NO";"a03b5aac182dde5fb0c0759f3c6340245de8414f";"unused imports  git-svn-id: https://svn.apache.org/repos/asf/ant/core/trunk@919327 13f79535-47bb-0310-9956-ffa450edef68 ";"1";"-1"
"AntClassLoader.java";"org.apache.tools.ant";"NO";"NO";"NO";"NO";"NO";"NO";"NO";"NO";"NO";"NO";"NO";"NO";"NO";"b33d33d754378862953b0243500d94eaaf983923";"embrace java.util.jar.  PR 48853  git-svn-id: https://svn.apache.org/repos/asf/ant/core/trunk@919018 13f79535-47bb-0310-9956-ffa450edef68 ";"1";"-1"
"AntClassLoader.java";"org.apache.tools.ant";"NO";"NO";"NO";"NO";"NO";"NO";"NO";"NO";"NO";"NO";"NO";"NO";"NO";"3e2cbab6ba443daf0abf6e02535fb6cc1df72e04";"reduce performance loss in AntClassLoader from 1000% to about 50%.  PR 48853  git-svn-id: https://svn.apache.org/repos/asf/ant/core/trunk@918989 13f79535-47bb-0310-9956-ffa450edef68 ";"1";"-3"
"AntClassLoader.java";"org.apache.tools.ant";"NO";"NO";"NO";"NO";"NO";"NO";"NO";"NO";"NO";"NO";"NO";"NO";"NO";"c767541c7d35c9eef55bf65e686373b02b71af2a";"As Jesse points out, equalsIgnoreCase is not locale-sensitive  git-svn-id: https://svn.apache.org/repos/asf/ant/core/trunk@911324 13f79535-47bb-0310-9956-ffa450edef68 ";"1";"-1"
"BuildEvent.java";"org.apache.tools.ant";"NO";"NO";"NO";"NO";"NO";"NO";"NO";"NO";"NO";"NO";"NO";"NO";"NO";"";"";"0";"0"
"BuildException.java";"org.apache.tools.ant";"NO";"NO";"NO";"NO";"NO";"NO";"NO";"NO";"NO";"NO";"NO";"NO";"NO";"";"";"0";"0"
"BuildListener.java";"org.apache.tools.ant";"NO";"NO";"NO";"NO";"NO";"NO";"NO";"NO";"NO";"NO";"NO";"NO";"NO";"";"";"0";"0"
"BuildLogger.java";"org.apache.tools.ant";"NO";"NO";"NO";"NO";"NO";"NO";"NO";"NO";"NO";"NO";"NO";"NO";"NO";"";"";"0";"0"
"DefaultLogger.java";"org.apache.tools.ant";"NO";"NO";"NO";"NO";"NO";"NO";"NO";"NO";"NO";"NO";"NO";"NO";"NO";"";"";"0";"0"
"DesirableFilter.java";"org.apache.tools.ant";"NO";"NO";"NO";"NO";"NO";"NO";"NO";"NO";"NO";"NO";"NO";"NO";"NO";"";"";"0";"0"
"FileScanner.java";"org.apache.tools.ant";"NO";"NO";"NO";"NO";"NO";"NO";"NO";"NO";"NO";"NO";"NO";"NO";"NO";"";"";"0";"0"
"Location.java";"org.apache.tools.ant";"NO";"NO";"NO";"NO";"NO";"NO";"NO";"NO";"NO";"NO";"NO";"NO";"NO";"";"";"0";"0"
"Map.java";"org.apache.tools.ant";"NO";"NO";"NO";"NO";"NO";"NO";"NO";"NO";"NO";"NO";"NO";"NO";"NO";"";"";"0";"0"
"PathTokenizer.java";"org.apache.tools.ant";"NO";"NO";"NO";"NO";"NO";"NO";"NO";"NO";"NO";"NO";"NO";"NO";"NO";"";"";"0";"0"
"ProjectHelper.java";"org.apache.tools.ant";"NO";"NO";"NO";"NO";"NO";"NO";"NO";"NO";"NO";"NO";"NO";"NO";"NO";"13941782fe873cc353e3dd1f25649a401d826952";"extension-point doesn't work with import.  PR 48804  git-svn-id: https://svn.apache.org/repos/asf/ant/core/trunk@938315 13f79535-47bb-0310-9956-ffa450edef68 ";"1";"-1"
"ProjectHelper.java";"org.apache.tools.ant";"NO";"NO";"NO";"NO";"NO";"NO";"NO";"NO";"NO";"NO";"NO";"NO";"NO";"c767541c7d35c9eef55bf65e686373b02b71af2a";"As Jesse points out, equalsIgnoreCase is not locale-sensitive  git-svn-id: https://svn.apache.org/repos/asf/ant/core/trunk@911324 13f79535-47bb-0310-9956-ffa450edef68 ";"1";"-1"
"ProjectHelper.java";"org.apache.tools.ant";"NO";"NO";"NO";"NO";"NO";"NO";"NO";"NO";"NO";"NO";"NO";"NO";"NO";"8a8995b999ed006d2fae31671082b3439c401981";"typo  git-svn-id: https://svn.apache.org/repos/asf/ant/core/trunk@910988 13f79535-47bb-0310-9956-ffa450edef68 ";"1";"-1"
"ProjectHelper.java";"org.apache.tools.ant";"NO";"NO";"NO";"NO";"NO";"NO";"NO";"NO";"NO";"NO";"NO";"NO";"NO";"58f0bb04db9c5c8a858d7a3be7719608f25f2f49";"if user input is compared to fixed strings in a case insensitive manner we should use the default locale.  Use Locale.ENGLISH consistently  git-svn-id: https://svn.apache.org/repos/asf/ant/core/trunk@910955 13f79535-47bb-0310-9956-ffa450edef68 ";"1";"-2"
"ProjectHelper.java";"org.apache.tools.ant";"NO";"NO";"NO";"NO";"NO";"NO";"NO";"NO";"NO";"NO";"NO";"NO";"NO";"77cba689ceb7e72931ba405bfab50150a21e3271";"fix javadoc warnings  git-svn-id: https://svn.apache.org/repos/asf/ant/core/trunk@909962 13f79535-47bb-0310-9956-ffa450edef68 ";"1";"-1"
"RuntimeConfigurable.java";"org.apache.tools.ant";"NO";"NO";"NO";"NO";"NO";"NO";"NO";"NO";"NO";"NO";"NO";"NO";"NO";"ec26cc419a571b4c74e126bd26a3423b08f534e6";"add serialVersionUID  git-svn-id: https://svn.apache.org/repos/asf/ant/core/trunk@933352 13f79535-47bb-0310-9956-ffa450edef68 ";"1";"-1"
"RuntimeConfigurable.java";"org.apache.tools.ant";"NO";"NO";"NO";"NO";"NO";"NO";"NO";"NO";"NO";"NO";"NO";"NO";"NO";"1038e813e3eccdf970c5a2a82d8b0286370f4270";"Now that we are on Java 1.4, track RuntimeConfigurable attributes using a LinkedHashMap instead of List/Map combination.  Priority of 'refid' preserved; bug whereby setting an attribute multiple times would add it multiple times to the attribute names list is also corrected.   git-svn-id: https://svn.apache.org/repos/asf/ant/core/trunk@933350 13f79535-47bb-0310-9956-ffa450edef68 ";"1";"-1"
"RuntimeConfigurable.java";"org.apache.tools.ant";"NO";"NO";"NO";"NO";"NO";"NO";"NO";"NO";"NO";"NO";"NO";"NO";"NO";"c767541c7d35c9eef55bf65e686373b02b71af2a";"As Jesse points out, equalsIgnoreCase is not locale-sensitive  git-svn-id: https://svn.apache.org/repos/asf/ant/core/trunk@911324 13f79535-47bb-0310-9956-ffa450edef68 ";"1";"-1"
"RuntimeConfigurable.java";"org.apache.tools.ant";"NO";"NO";"NO";"NO";"NO";"NO";"NO";"NO";"NO";"NO";"NO";"NO";"NO";"58f0bb04db9c5c8a858d7a3be7719608f25f2f49";"if user input is compared to fixed strings in a case insensitive manner we should use the default locale.  Use Locale.ENGLISH consistently  git-svn-id: https://svn.apache.org/repos/asf/ant/core/trunk@910955 13f79535-47bb-0310-9956-ffa450edef68 ";"1";"-2"
"TaskAdapter.java";"org.apache.tools.ant";"NO";"NO";"NO";"NO";"NO";"NO";"NO";"NO";"NO";"NO";"NO";"NO";"NO";"";"";"0";"0"
"AntStructure.java";"org.apache.tools.ant.taskdefs";"NO";"NO";"NO";"NO";"NO";"NO";"NO";"NO";"NO";"NO";"NO";"NO";"NO";"11b928d06e825b6929d052ca1637a39ae0159f3b";"Avoid ConcurrentModificationException when iteratong over life-maps.  PR 48310  git-svn-id: https://svn.apache.org/repos/asf/ant/core/trunk@908035 13f79535-47bb-0310-9956-ffa450edef68 ";"1";"-1"
"Available.java";"org.apache.tools.ant.taskdefs";"NO";"NO";"NO";"NO";"NO";"NO";"NO";"NO";"NO";"NO";"NO";"NO";"NO";"c767541c7d35c9eef55bf65e686373b02b71af2a";"As Jesse points out, equalsIgnoreCase is not locale-sensitive  git-svn-id: https://svn.apache.org/repos/asf/ant/core/trunk@911324 13f79535-47bb-0310-9956-ffa450edef68 ";"1";"-1"
"Available.java";"org.apache.tools.ant.taskdefs";"NO";"NO";"NO";"NO";"NO";"NO";"NO";"NO";"NO";"NO";"NO";"NO";"NO";"58f0bb04db9c5c8a858d7a3be7719608f25f2f49";"if user input is compared to fixed strings in a case insensitive manner we should use the default locale.  Use Locale.ENGLISH consistently  git-svn-id: https://svn.apache.org/repos/asf/ant/core/trunk@910955 13f79535-47bb-0310-9956-ffa450edef68 ";"1";"-2"
"CallTarget.java";"org.apache.tools.ant.taskdefs";"NO";"NO";"NO";"NO";"NO";"NO";"NO";"NO";"NO";"NO";"NO";"NO";"NO";"";"";"0";"0"
"Chmod.java";"org.apache.tools.ant.taskdefs";"NO";"NO";"NO";"NO";"NO";"NO";"NO";"NO";"NO";"NO";"NO";"NO";"NO";"";"";"0";"0"
"CompileTask.java";"org.apache.tools.ant.taskdefs";"NO";"NO";"NO";"NO";"NO";"NO";"NO";"NO";"NO";"NO";"NO";"NO";"NO";"";"";"0";"0"
"Copydir.java";"org.apache.tools.ant.taskdefs";"NO";"NO";"NO";"NO";"NO";"NO";"NO";"NO";"NO";"NO";"NO";"NO";"NO";"";"";"0";"0"
"Copyfile.java";"org.apache.tools.ant.taskdefs";"NO";"NO";"NO";"NO";"NO";"NO";"NO";"NO";"NO";"NO";"NO";"NO";"NO";"";"";"0";"0"
"Cvs.java";"org.apache.tools.ant.taskdefs";"NO";"NO";"NO";"NO";"NO";"NO";"NO";"NO";"NO";"NO";"NO";"NO";"NO";"";"";"0";"0"
"Deltree.java";"org.apache.tools.ant.taskdefs";"NO";"NO";"NO";"NO";"NO";"NO";"NO";"NO";"NO";"NO";"NO";"NO";"NO";"";"";"0";"0"
"Echo.java";"org.apache.tools.ant.taskdefs";"NO";"NO";"NO";"NO";"NO";"NO";"NO";"NO";"NO";"NO";"NO";"NO";"NO";"";"";"0";"0"
"Exec.java";"org.apache.tools.ant.taskdefs";"NO";"NO";"NO";"NO";"NO";"NO";"NO";"NO";"NO";"NO";"NO";"NO";"NO";"58f0bb04db9c5c8a858d7a3be7719608f25f2f49";"if user input is compared to fixed strings in a case insensitive manner we should use the default locale.  Use Locale.ENGLISH consistently  git-svn-id: https://svn.apache.org/repos/asf/ant/core/trunk@910955 13f79535-47bb-0310-9956-ffa450edef68 ";"1";"-2"
"ExecTask.java";"org.apache.tools.ant.taskdefs";"NO";"NO";"NO";"NO";"NO";"NO";"NO";"NO";"NO";"NO";"NO";"NO";"NO";"58f0bb04db9c5c8a858d7a3be7719608f25f2f49";"if user input is compared to fixed strings in a case insensitive manner we should use the default locale.  Use Locale.ENGLISH consistently  git-svn-id: https://svn.apache.org/repos/asf/ant/core/trunk@910955 13f79535-47bb-0310-9956-ffa450edef68 ";"1";"-2"
"Execute.java";"org.apache.tools.ant.taskdefs";"NO";"NO";"NO";"NO";"NO";"NO";"NO";"NO";"NO";"NO";"NO";"NO";"NO";"";"";"0";"0"
"ExecuteJava.java";"org.apache.tools.ant.taskdefs";"NO";"NO";"NO";"NO";"NO";"NO";"NO";"NO";"NO";"NO";"NO";"NO";"NO";"";"";"0";"0"
"ExecuteStreamHandler.java";"org.apache.tools.ant.taskdefs";"NO";"NO";"NO";"NO";"NO";"NO";"NO";"NO";"NO";"NO";"NO";"NO";"NO";"";"";"0";"0"
"ExecuteWatchdog.java";"org.apache.tools.ant.taskdefs";"NO";"NO";"NO";"NO";"NO";"NO";"NO";"NO";"NO";"NO";"NO";"NO";"NO";"";"";"0";"0"
"Exit.java";"org.apache.tools.ant.taskdefs";"NO";"NO";"NO";"NO";"NO";"NO";"NO";"NO";"NO";"NO";"NO";"NO";"NO";"";"";"0";"0"
"Filter.java";"org.apache.tools.ant.taskdefs";"NO";"NO";"NO";"NO";"NO";"NO";"NO";"NO";"NO";"NO";"NO";"NO";"NO";"";"";"0";"0"
"FixCRLF.java";"org.apache.tools.ant.taskdefs";"NO";"NO";"NO";"NO";"NO";"NO";"NO";"NO";"NO";"NO";"NO";"NO";"NO";"";"";"0";"0"
"Get.java";"org.apache.tools.ant.taskdefs";"NO";"NO";"NO";"NO";"NO";"NO";"NO";"NO";"NO";"NO";"NO";"NO";"NO";"ca1c170b4ee6e0e2be3319d89aceb0ee4ca42ab6";"Most probably fix Issue 48972, will close it once I can enable the test and verify the fix (works with a different server)  git-svn-id: https://svn.apache.org/repos/asf/ant/core/trunk@932445 13f79535-47bb-0310-9956-ffa450edef68 ";"1";"-1"
"Get.java";"org.apache.tools.ant.taskdefs";"NO";"NO";"NO";"NO";"NO";"NO";"NO";"NO";"NO";"NO";"NO";"NO";"NO";"f8e0dcd65a5263ffe666a7446763c5caa8aa009b";"Bug 48833 -  NPE in <get>  git-svn-id: https://svn.apache.org/repos/asf/ant/core/trunk@917574 13f79535-47bb-0310-9956-ffa450edef68 ";"1";"-1"
"GUnzip.java";"org.apache.tools.ant.taskdefs";"NO";"NO";"NO";"NO";"NO";"NO";"NO";"NO";"NO";"NO";"NO";"NO";"NO";"";"";"0";"0"
"GZip.java";"org.apache.tools.ant.taskdefs";"NO";"NO";"NO";"NO";"NO";"NO";"NO";"NO";"NO";"NO";"NO";"NO";"NO";"";"";"0";"0"
"JavacOutputStream.java";"org.apache.tools.ant.taskdefs";"NO";"NO";"NO";"NO";"NO";"NO";"NO";"NO";"NO";"NO";"NO";"NO";"NO";"";"";"0";"0"
"Jikes.java";"org.apache.tools.ant.taskdefs";"NO";"NO";"NO";"NO";"NO";"NO";"NO";"NO";"NO";"NO";"NO";"NO";"NO";"58f0bb04db9c5c8a858d7a3be7719608f25f2f49";"if user input is compared to fixed strings in a case insensitive manner we should use the default locale.  Use Locale.ENGLISH consistently  git-svn-id: https://svn.apache.org/repos/asf/ant/core/trunk@910955 13f79535-47bb-0310-9956-ffa450edef68 ";"1";"-2"
"JikesOutputParser.java";"org.apache.tools.ant.taskdefs";"NO";"NO";"NO";"NO";"NO";"NO";"NO";"NO";"NO";"NO";"NO";"NO";"NO";"";"";"0";"0"
"KeySubst.java";"org.apache.tools.ant.taskdefs";"NO";"NO";"NO";"NO";"NO";"NO";"NO";"NO";"NO";"NO";"NO";"NO";"NO";"";"";"0";"0"
"LogOutputStream.java";"org.apache.tools.ant.taskdefs";"NO";"NO";"NO";"NO";"NO";"NO";"NO";"NO";"NO";"NO";"NO";"NO";"NO";"";"";"0";"0"
"LogStreamHandler.java";"org.apache.tools.ant.taskdefs";"NO";"NO";"NO";"NO";"NO";"NO";"NO";"NO";"NO";"NO";"NO";"NO";"NO";"";"";"0";"0"
"Mkdir.java";"org.apache.tools.ant.taskdefs";"NO";"NO";"NO";"NO";"NO";"NO";"NO";"NO";"NO";"NO";"NO";"NO";"NO";"";"";"0";"0"
"Move.java";"org.apache.tools.ant.taskdefs";"NO";"NO";"NO";"NO";"NO";"NO";"NO";"NO";"NO";"NO";"NO";"NO";"NO";"38446ae4315ec20bbf8c811721c0cc5c73d8a3b6";"looks as if bug 41948 was reappearing on Win7, needs further inverstigation - add some diagnostics  git-svn-id: https://svn.apache.org/repos/asf/ant/core/trunk@936720 13f79535-47bb-0310-9956-ffa450edef68 ";"1";"-1"
"DDCreator.java";"org.apache.tools.ant.taskdefs.optional.ejb";"NO";"NO";"NO";"NO";"NO";"NO";"NO";"NO";"NO";"NO";"NO";"NO";"NO";"";"";"0";"0"
"DDCreatorHelper.java";"org.apache.tools.ant.taskdefs.optional.ejb";"NO";"NO";"NO";"NO";"NO";"NO";"NO";"NO";"NO";"NO";"NO";"NO";"NO";"";"";"0";"0"
"DescriptorHandler.java";"org.apache.tools.ant.taskdefs.optional.ejb";"NO";"NO";"NO";"NO";"NO";"NO";"NO";"NO";"NO";"NO";"NO";"NO";"NO";"";"";"0";"0"
"Ejbc.java";"org.apache.tools.ant.taskdefs.optional.ejb";"NO";"NO";"NO";"NO";"NO";"NO";"NO";"NO";"NO";"NO";"NO";"NO";"NO";"";"";"0";"0"
"EjbcHelper.java";"org.apache.tools.ant.taskdefs.optional.ejb";"NO";"NO";"NO";"NO";"NO";"NO";"NO";"NO";"NO";"NO";"NO";"NO";"NO";"";"";"0";"0"
"EJBDeploymentTool.java";"org.apache.tools.ant.taskdefs.optional.ejb";"NO";"NO";"NO";"NO";"NO";"NO";"NO";"NO";"NO";"NO";"NO";"NO";"NO";"";"";"0";"0"
"EjbJar.java";"org.apache.tools.ant.taskdefs.optional.ejb";"NO";"NO";"NO";"NO";"NO";"NO";"NO";"NO";"NO";"NO";"NO";"NO";"NO";"";"";"0";"0"
"InnerClassFilenameFilter.java";"org.apache.tools.ant.taskdefs.optional.ejb";"NO";"NO";"NO";"NO";"NO";"NO";"NO";"NO";"NO";"NO";"NO";"NO";"NO";"";"";"0";"0"
"WeblogicTOPLinkDeploymentTool.java";"org.apache.tools.ant.taskdefs.optional.ejb";"NO";"NO";"NO";"NO";"NO";"NO";"NO";"NO";"NO";"NO";"NO";"NO";"NO";"";"";"0";"0"
"WLRun.java";"org.apache.tools.ant.taskdefs.optional.ejb";"NO";"NO";"NO";"NO";"NO";"NO";"NO";"NO";"NO";"NO";"NO";"NO";"NO";"";"";"0";"0"
"WLStop.java";"org.apache.tools.ant.taskdefs.optional.ejb";"NO";"NO";"NO";"NO";"NO";"NO";"NO";"NO";"NO";"NO";"NO";"NO";"NO";"";"";"0";"0"
"FTP.java";"org.apache.tools.ant.taskdefs.optional";"NO";"NO";"NO";"NO";"NO";"NO";"NO";"NO";"NO";"NO";"NO";"NO";"NO";"";"";"0";"0"
"JavaCC.java";"org.apache.tools.ant.taskdefs.optional.javacc";"NO";"NO";"NO";"NO";"NO";"NO";"NO";"NO";"NO";"NO";"NO";"NO";"NO";"";"";"0";"0"
"JJTree.java";"org.apache.tools.ant.taskdefs.optional.javacc";"NO";"NO";"NO";"NO";"NO";"NO";"NO";"NO";"NO";"NO";"NO";"NO";"NO";"";"";"0";"0"
"ClassNameReader.java";"org.apache.tools.ant.taskdefs.optional.jlink";"NO";"NO";"NO";"NO";"NO";"NO";"NO";"NO";"NO";"NO";"NO";"NO";"NO";"";"";"0";"0"
"jlink.java";"org.apache.tools.ant.taskdefs.optional.jlink";"NO";"NO";"NO";"NO";"NO";"NO";"NO";"NO";"NO";"NO";"NO";"NO";"NO";"";"";"0";"0"
"JlinkTask.java";"org.apache.tools.ant.taskdefs.optional.jlink";"NO";"NO";"NO";"NO";"NO";"NO";"NO";"NO";"NO";"NO";"NO";"NO";"NO";"";"";"0";"0"
"WLJspc.java";"org.apache.tools.ant.taskdefs.optional.jsp";"NO";"NO";"NO";"NO";"NO";"NO";"NO";"NO";"NO";"NO";"NO";"NO";"NO";"";"";"0";"0"
"BaseTest.java";"org.apache.tools.ant.taskdefs.optional.junit";"NO";"NO";"NO";"NO";"NO";"NO";"NO";"NO";"NO";"NO";"NO";"NO";"NO";"";"";"0";"0"
"BatchTest.java";"org.apache.tools.ant.taskdefs.optional.junit";"NO";"NO";"NO";"NO";"NO";"NO";"NO";"NO";"NO";"NO";"NO";"NO";"NO";"";"";"0";"0"
"FormatterElement.java";"org.apache.tools.ant.taskdefs.optional.junit";"NO";"NO";"NO";"NO";"NO";"NO";"NO";"NO";"NO";"NO";"NO";"NO";"NO";"";"";"0";"0"
"JUnitResultFormatter.java";"org.apache.tools.ant.taskdefs.optional.junit";"NO";"NO";"NO";"NO";"NO";"NO";"NO";"NO";"NO";"NO";"NO";"NO";"NO";"";"";"0";"0"
"JUnitTask.java";"org.apache.tools.ant.taskdefs.optional.junit";"NO";"NO";"NO";"NO";"NO";"NO";"NO";"NO";"NO";"NO";"NO";"NO";"NO";"d46268dc56fe3891e36774a20d94b64cff7c6482";"reject empty test names.  Submitted by Clark Archer.  PR 43586  git-svn-id: https://svn.apache.org/repos/asf/ant/core/trunk@926465 13f79535-47bb-0310-9956-ffa450edef68 ";"1";"-1"
"JUnitTask.java";"org.apache.tools.ant.taskdefs.optional.junit";"NO";"NO";"NO";"NO";"NO";"NO";"NO";"NO";"NO";"NO";"NO";"NO";"NO";"c767541c7d35c9eef55bf65e686373b02b71af2a";"As Jesse points out, equalsIgnoreCase is not locale-sensitive  git-svn-id: https://svn.apache.org/repos/asf/ant/core/trunk@911324 13f79535-47bb-0310-9956-ffa450edef68 ";"1";"-1"
"JUnitTask.java";"org.apache.tools.ant.taskdefs.optional.junit";"NO";"NO";"NO";"NO";"NO";"NO";"NO";"NO";"NO";"NO";"NO";"NO";"NO";"58f0bb04db9c5c8a858d7a3be7719608f25f2f49";"if user input is compared to fixed strings in a case insensitive manner we should use the default locale.  Use Locale.ENGLISH consistently  git-svn-id: https://svn.apache.org/repos/asf/ant/core/trunk@910955 13f79535-47bb-0310-9956-ffa450edef68 ";"1";"-2"
"JUnitTest.java";"org.apache.tools.ant.taskdefs.optional.junit";"NO";"NO";"NO";"NO";"NO";"NO";"NO";"NO";"NO";"NO";"NO";"NO";"NO";"";"";"0";"0"
"JUnitTestRunner.java";"org.apache.tools.ant.taskdefs.optional.junit";"NO";"NO";"NO";"NO";"NO";"NO";"NO";"NO";"NO";"NO";"NO";"NO";"NO";"";"";"0";"0"
"PlainJUnitResultFormatter.java";"org.apache.tools.ant.taskdefs.optional.junit";"NO";"NO";"NO";"NO";"NO";"NO";"NO";"NO";"NO";"NO";"NO";"NO";"NO";"";"";"0";"0"
"SummaryJUnitResultFormatter.java";"org.apache.tools.ant.taskdefs.optional.junit";"NO";"NO";"NO";"NO";"NO";"NO";"NO";"NO";"NO";"NO";"NO";"NO";"NO";"";"";"0";"0"
"XMLJUnitResultFormatter.java";"org.apache.tools.ant.taskdefs.optional.junit";"NO";"NO";"NO";"NO";"NO";"NO";"NO";"NO";"NO";"NO";"NO";"NO";"NO";"";"";"0";"0"
"MParse.java";"org.apache.tools.ant.taskdefs.optional.metamata";"NO";"NO";"NO";"NO";"NO";"NO";"NO";"NO";"NO";"NO";"NO";"NO";"NO";"";"";"0";"0"
"Native2Ascii.java";"org.apache.tools.ant.taskdefs.optional";"NO";"NO";"NO";"NO";"NO";"NO";"NO";"NO";"NO";"NO";"NO";"NO";"NO";"";"";"0";"0"
"P4sync.java";"org.apache.tools.ant.taskdefs.optional.perforce";"NO";"NO";"NO";"NO";"NO";"NO";"NO";"NO";"NO";"NO";"NO";"NO";"NO";"";"";"0";"0"
"RenameExtensions.java";"org.apache.tools.ant.taskdefs.optional";"NO";"NO";"NO";"NO";"NO";"NO";"NO";"NO";"NO";"NO";"NO";"NO";"NO";"";"";"0";"0"
"AntStarTeamCheckOut.java";"org.apache.tools.ant.taskdefs.optional.scm";"NO";"NO";"NO";"NO";"NO";"NO";"NO";"NO";"NO";"NO";"NO";"NO";"NO";"";"";"0";"0"
"Script.java";"org.apache.tools.ant.taskdefs.optional";"NO";"NO";"NO";"NO";"NO";"NO";"NO";"NO";"NO";"NO";"NO";"NO";"NO";"";"";"0";"0"
"MSVSS.java";"org.apache.tools.ant.taskdefs.optional.vss";"NO";"NO";"NO";"NO";"NO";"NO";"NO";"NO";"NO";"NO";"NO";"NO";"NO";"c767541c7d35c9eef55bf65e686373b02b71af2a";"As Jesse points out, equalsIgnoreCase is not locale-sensitive  git-svn-id: https://svn.apache.org/repos/asf/ant/core/trunk@911324 13f79535-47bb-0310-9956-ffa450edef68 ";"1";"-1"
"MSVSS.java";"org.apache.tools.ant.taskdefs.optional.vss";"NO";"NO";"NO";"NO";"NO";"NO";"NO";"NO";"NO";"NO";"NO";"NO";"NO";"58f0bb04db9c5c8a858d7a3be7719608f25f2f49";"if user input is compared to fixed strings in a case insensitive manner we should use the default locale.  Use Locale.ENGLISH consistently  git-svn-id: https://svn.apache.org/repos/asf/ant/core/trunk@910955 13f79535-47bb-0310-9956-ffa450edef68 ";"1";"-2"
"MSVSSGET.java";"org.apache.tools.ant.taskdefs.optional.vss";"NO";"NO";"NO";"NO";"NO";"NO";"NO";"NO";"NO";"NO";"NO";"NO";"NO";"";"";"0";"0"
"XalanLiaison.java";"org.apache.tools.ant.taskdefs.optional";"NO";"NO";"NO";"NO";"NO";"NO";"NO";"NO";"NO";"NO";"NO";"NO";"NO";"";"";"0";"0"
"XslpLiaison.java";"org.apache.tools.ant.taskdefs.optional";"NO";"NO";"NO";"NO";"NO";"NO";"NO";"NO";"NO";"NO";"NO";"NO";"NO";"";"";"0";"0"
"Patch.java";"org.apache.tools.ant.taskdefs";"NO";"NO";"NO";"NO";"NO";"NO";"NO";"NO";"NO";"NO";"NO";"NO";"NO";"";"";"0";"0"
"Property.java";"org.apache.tools.ant.taskdefs";"NO";"NO";"NO";"NO";"NO";"NO";"NO";"NO";"NO";"NO";"NO";"NO";"NO";"bc221496581a8391d9210666b828a7c63cddd89e";"I was tempted to remove reflection because the comment said 1.3 but loadFromXML is a Java5 method  git-svn-id: https://svn.apache.org/repos/asf/ant/core/trunk@935493 13f79535-47bb-0310-9956-ffa450edef68 ";"1";"-1"
"Property.java";"org.apache.tools.ant.taskdefs";"NO";"NO";"NO";"NO";"NO";"NO";"NO";"NO";"NO";"NO";"NO";"NO";"NO";"1b990a501c3c7cfd8f389dfea7b2b601f27ad9c0";"null guard  git-svn-id: https://svn.apache.org/repos/asf/ant/core/trunk@916044 13f79535-47bb-0310-9956-ffa450edef68 ";"1";"-1"
"Property.java";"org.apache.tools.ant.taskdefs";"NO";"NO";"NO";"NO";"NO";"NO";"NO";"NO";"NO";"NO";"NO";"NO";"NO";"9caa9ff4403ffbe97b9eae43d7cd79003319535b";"enforce property immutability when resolving properties read as a map  git-svn-id: https://svn.apache.org/repos/asf/ant/core/trunk@915863 13f79535-47bb-0310-9956-ffa450edef68 ";"1";"-1"
"PumpStreamHandler.java";"org.apache.tools.ant.taskdefs";"NO";"NO";"NO";"NO";"NO";"NO";"NO";"NO";"NO";"NO";"NO";"NO";"NO";"a5ffa2e18d16de87b27b48e694911d2504a04835";"speed up fast executions (where the process finishes in way less than a second) like attrib.  PR 48734  git-svn-id: https://svn.apache.org/repos/asf/ant/core/trunk@927753 13f79535-47bb-0310-9956-ffa450edef68 ";"1";"-1"
"PumpStreamHandler.java";"org.apache.tools.ant.taskdefs";"NO";"NO";"NO";"NO";"NO";"NO";"NO";"NO";"NO";"NO";"NO";"NO";"NO";"4c0ab96f53fe7ff36230eef9269993859237425f";"fix for bug 48789 -  Pipe broken.  This is an issue that we have been experiencing in the gump runs on Ubuntu. The tests below will hopefully be fixed by this checkin.  src/tests/antunit/taskdefs/exec/apply-test.xml : testRedirector13 and testRedirector14  src/tests/antunit/taskdefs/exec/exec-test.xml  : test-redirector-outputfilterchain-errorfilterchain   git-svn-id: https://svn.apache.org/repos/asf/ant/core/trunk@917817 13f79535-47bb-0310-9956-ffa450edef68 ";"1";"-1"
"PumpStreamHandler.java";"org.apache.tools.ant.taskdefs";"NO";"NO";"NO";"NO";"NO";"NO";"NO";"NO";"NO";"NO";"NO";"NO";"NO";"9773faa8b469fba9ca49020af3e96a4b7a216098";"unused import  git-svn-id: https://svn.apache.org/repos/asf/ant/core/trunk@915992 13f79535-47bb-0310-9956-ffa450edef68 ";"1";"-1"
"PumpStreamHandler.java";"org.apache.tools.ant.taskdefs";"NO";"NO";"NO";"NO";"NO";"NO";"NO";"NO";"NO";"NO";"NO";"NO";"NO";"ef2d4639325a9580d6357793271ae32a0a919542";"Fix for bug 48746, ""exec task sometimes inserts extraneous newlines""   git-svn-id: https://svn.apache.org/repos/asf/ant/core/trunk@912298 13f79535-47bb-0310-9956-ffa450edef68 ";"1";"-1"
"Rename.java";"org.apache.tools.ant.taskdefs";"NO";"NO";"NO";"NO";"NO";"NO";"NO";"NO";"NO";"NO";"NO";"NO";"NO";"";"";"0";"0"
"Replace.java";"org.apache.tools.ant.taskdefs";"NO";"NO";"NO";"NO";"NO";"NO";"NO";"NO";"NO";"NO";"NO";"NO";"NO";"";"";"0";"0"
"Rmic.java";"org.apache.tools.ant.taskdefs";"NO";"NO";"NO";"NO";"NO";"NO";"NO";"NO";"NO";"NO";"NO";"NO";"NO";"3d77ed2e095607845c48e8fc0af2f68e9b92c0ab";"rmic's sourcebase is broken.  PR 48970.  git-svn-id: https://svn.apache.org/repos/asf/ant/core/trunk@927494 13f79535-47bb-0310-9956-ffa450edef68 ";"1";"-1"
"SendEmail.java";"org.apache.tools.ant.taskdefs";"NO";"NO";"NO";"NO";"NO";"NO";"NO";"NO";"NO";"NO";"NO";"NO";"NO";"";"";"0";"0"
"SignJar.java";"org.apache.tools.ant.taskdefs";"NO";"NO";"NO";"NO";"NO";"NO";"NO";"NO";"NO";"NO";"NO";"NO";"NO";"";"";"0";"0"
"StreamPumper.java";"org.apache.tools.ant.taskdefs";"NO";"NO";"NO";"NO";"NO";"NO";"NO";"NO";"NO";"NO";"NO";"NO";"NO";"";"";"0";"0"
"Taskdef.java";"org.apache.tools.ant.taskdefs";"NO";"NO";"NO";"NO";"NO";"NO";"NO";"NO";"NO";"NO";"NO";"NO";"NO";"";"";"0";"0"
"TaskOutputStream.java";"org.apache.tools.ant.taskdefs";"NO";"NO";"NO";"NO";"NO";"NO";"NO";"NO";"NO";"NO";"NO";"NO";"NO";"";"";"0";"0"
"Touch.java";"org.apache.tools.ant.taskdefs";"NO";"NO";"NO";"NO";"NO";"NO";"NO";"NO";"NO";"NO";"NO";"NO";"NO";"c767541c7d35c9eef55bf65e686373b02b71af2a";"As Jesse points out, equalsIgnoreCase is not locale-sensitive  git-svn-id: https://svn.apache.org/repos/asf/ant/core/trunk@911324 13f79535-47bb-0310-9956-ffa450edef68 ";"1";"-1"
"Touch.java";"org.apache.tools.ant.taskdefs";"NO";"NO";"NO";"NO";"NO";"NO";"NO";"NO";"NO";"NO";"NO";"NO";"NO";"58f0bb04db9c5c8a858d7a3be7719608f25f2f49";"if user input is compared to fixed strings in a case insensitive manner we should use the default locale.  Use Locale.ENGLISH consistently  git-svn-id: https://svn.apache.org/repos/asf/ant/core/trunk@910955 13f79535-47bb-0310-9956-ffa450edef68 ";"1";"-2"
"Tstamp.java";"org.apache.tools.ant.taskdefs";"NO";"NO";"NO";"NO";"NO";"NO";"NO";"NO";"NO";"NO";"NO";"NO";"NO";"58f0bb04db9c5c8a858d7a3be7719608f25f2f49";"if user input is compared to fixed strings in a case insensitive manner we should use the default locale.  Use Locale.ENGLISH consistently  git-svn-id: https://svn.apache.org/repos/asf/ant/core/trunk@910955 13f79535-47bb-0310-9956-ffa450edef68 ";"1";"-2"
"Untar.java";"org.apache.tools.ant.taskdefs";"NO";"NO";"NO";"NO";"NO";"NO";"NO";"NO";"NO";"NO";"NO";"NO";"NO";"";"";"0";"0"
"UpToDate.java";"org.apache.tools.ant.taskdefs";"NO";"NO";"NO";"NO";"NO";"NO";"NO";"NO";"NO";"NO";"NO";"NO";"NO";"";"";"0";"0"
"War.java";"org.apache.tools.ant.taskdefs";"NO";"NO";"NO";"NO";"NO";"NO";"NO";"NO";"NO";"NO";"NO";"NO";"NO";"c767541c7d35c9eef55bf65e686373b02b71af2a";"As Jesse points out, equalsIgnoreCase is not locale-sensitive  git-svn-id: https://svn.apache.org/repos/asf/ant/core/trunk@911324 13f79535-47bb-0310-9956-ffa450edef68 ";"1";"-1"
"XSLTLiaison.java";"org.apache.tools.ant.taskdefs";"NO";"NO";"NO";"NO";"NO";"NO";"NO";"NO";"NO";"NO";"NO";"NO";"NO";"";"";"0";"0"
"DataType.java";"org.apache.tools.ant.types";"NO";"NO";"NO";"NO";"NO";"NO";"NO";"NO";"NO";"NO";"NO";"NO";"NO";"";"";"0";"0"
"EnumeratedAttribute.java";"org.apache.tools.ant.types";"NO";"NO";"NO";"NO";"NO";"NO";"NO";"NO";"NO";"NO";"NO";"NO";"NO";"c767541c7d35c9eef55bf65e686373b02b71af2a";"As Jesse points out, equalsIgnoreCase is not locale-sensitive  git-svn-id: https://svn.apache.org/repos/asf/ant/core/trunk@911324 13f79535-47bb-0310-9956-ffa450edef68 ";"1";"-1"
"EnumeratedAttribute.java";"org.apache.tools.ant.types";"NO";"NO";"NO";"NO";"NO";"NO";"NO";"NO";"NO";"NO";"NO";"NO";"NO";"58f0bb04db9c5c8a858d7a3be7719608f25f2f49";"if user input is compared to fixed strings in a case insensitive manner we should use the default locale.  Use Locale.ENGLISH consistently  git-svn-id: https://svn.apache.org/repos/asf/ant/core/trunk@910955 13f79535-47bb-0310-9956-ffa450edef68 ";"1";"-2"
"Environment.java";"org.apache.tools.ant.types";"NO";"NO";"NO";"NO";"NO";"NO";"NO";"NO";"NO";"NO";"NO";"NO";"NO";"";"";"0";"0"
"PatternSet.java";"org.apache.tools.ant.types";"NO";"NO";"NO";"NO";"NO";"NO";"NO";"NO";"NO";"NO";"NO";"NO";"NO";"77cba689ceb7e72931ba405bfab50150a21e3271";"fix javadoc warnings  git-svn-id: https://svn.apache.org/repos/asf/ant/core/trunk@909962 13f79535-47bb-0310-9956-ffa450edef68 ";"1";"-1"
"Reference.java";"org.apache.tools.ant.types";"NO";"NO";"NO";"NO";"NO";"NO";"NO";"NO";"NO";"NO";"NO";"NO";"NO";"";"";"0";"0"
"UnknownElement.java";"org.apache.tools.ant";"NO";"NO";"NO";"NO";"NO";"NO";"NO";"NO";"NO";"NO";"NO";"NO";"NO";"";"";"0";"0"
"XmlLogger.java";"org.apache.tools.ant";"NO";"NO";"NO";"NO";"NO";"NO";"NO";"NO";"NO";"NO";"NO";"NO";"NO";"";"";"0";"0"
"MailMessage.java";"org.apache.tools.mail";"NO";"NO";"NO";"NO";"NO";"NO";"NO";"NO";"NO";"NO";"NO";"NO";"NO";"";"";"0";"0"
"TarBuffer.java";"org.apache.tools.tar";"NO";"NO";"NO";"NO";"NO";"NO";"NO";"NO";"NO";"NO";"NO";"NO";"NO";"";"";"0";"0"
"TarConstants.java";"org.apache.tools.tar";"NO";"NO";"NO";"NO";"NO";"NO";"NO";"NO";"NO";"NO";"NO";"NO";"NO";"";"";"0";"0"
"TarEntry.java";"org.apache.tools.tar";"NO";"NO";"NO";"NO";"NO";"NO";"NO";"NO";"NO";"NO";"NO";"NO";"NO";"58f0bb04db9c5c8a858d7a3be7719608f25f2f49";"if user input is compared to fixed strings in a case insensitive manner we should use the default locale.  Use Locale.ENGLISH consistently  git-svn-id: https://svn.apache.org/repos/asf/ant/core/trunk@910955 13f79535-47bb-0310-9956-ffa450edef68 ";"1";"-2"
"TarInputStream.java";"org.apache.tools.tar";"NO";"NO";"NO";"NO";"NO";"NO";"NO";"NO";"NO";"NO";"NO";"NO";"NO";"";"";"0";"0"
"TarOutputStream.java";"org.apache.tools.tar";"NO";"NO";"NO";"NO";"NO";"NO";"NO";"NO";"NO";"NO";"NO";"NO";"NO";"";"";"0";"0"
"TarUtils.java";"org.apache.tools.tar";"NO";"NO";"NO";"NO";"NO";"NO";"NO";"NO";"NO";"NO";"NO";"NO";"NO";"";"";"0";"0"
