"CLASS NAME";"PACKAGE";"CLASS DATA SHOULD BE PRIVATE";"COMPLEX CLASS";"FEATURE ENVY";"INAPPROPRIATE INTIMACY";"LARGE CLASS";"LAZY CLASS";"LONG METHODS";"LONG PARAMETER LIST";"MESSAGE CHAIN";"MIDDLE MAN";"REFUSED BEQUEST";"SPAGHETTI CODE";"SPECULATIVE GENERALITY";"SMELLY";"CHANGED";"#POSITIVE-COMMIT";"#NEGATIVE-COMMIT";"#NEUTRAL-COMMIT";"#NON-NEUTRAL-COMMIT";"#MIXED-COMMIT";"SCORE"
"URLUtil.java";"org.apache.nutch.util";"NO";"NO";"NO";"NO";"NO";"NO";"YES";"NO";"NO";"NO";"NO";"NO";"NO";"YES";"YES";"0";"0";"1";"0";"0";"0.0"
"ServiceInfo.java";"org.apache.nutch.service.model.response";"NO";"NO";"NO";"NO";"NO";"NO";"NO";"NO";"NO";"NO";"NO";"NO";"NO";"NO";"NO";"0";"0";"0";"0";"0";"0.0"
"SeedPage.java";"org.apache.nutch.webui.pages.seed";"NO";"NO";"NO";"NO";"NO";"NO";"NO";"NO";"NO";"NO";"NO";"NO";"NO";"NO";"NO";"0";"0";"0";"0";"0";"0.0"
"CommonCrawlDataDumper.java";"org.apache.nutch.tools";"NO";"NO";"NO";"NO";"NO";"NO";"NO";"NO";"NO";"NO";"NO";"NO";"NO";"NO";"NO";"0";"0";"0";"0";"0";"0.0"
"Inlinks.java";"org.apache.nutch.crawl";"NO";"NO";"NO";"NO";"NO";"NO";"NO";"NO";"NO";"NO";"NO";"NO";"NO";"NO";"YES";"0";"0";"1";"0";"0";"0.0"
"ParseResult.java";"org.apache.nutch.parse";"NO";"NO";"NO";"NO";"NO";"NO";"NO";"NO";"NO";"NO";"NO";"NO";"NO";"NO";"YES";"0";"0";"2";"0";"0";"0.0"
"SeedUrl.java";"org.apache.nutch.service.model.request";"NO";"NO";"NO";"NO";"NO";"NO";"NO";"NO";"NO";"NO";"NO";"NO";"NO";"NO";"NO";"0";"0";"0";"0";"0";"0.0"
"ResolverThread.java";"org.apache.nutch.hostdb";"NO";"NO";"NO";"NO";"NO";"NO";"NO";"NO";"NO";"NO";"NO";"NO";"NO";"NO";"NO";"0";"0";"0";"0";"0";"0.0"
"NutchServiceImpl.java";"org.apache.nutch.webui.service.impl";"NO";"NO";"NO";"NO";"NO";"NO";"NO";"NO";"NO";"NO";"NO";"NO";"NO";"NO";"NO";"0";"0";"0";"0";"0";"0.0"
"NutchTool.java";"org.apache.nutch.util";"NO";"NO";"NO";"NO";"NO";"NO";"NO";"NO";"NO";"NO";"NO";"NO";"NO";"NO";"YES";"0";"0";"3";"0";"0";"0.0"
"VerticalMenu.java";"org.apache.nutch.webui.pages.menu";"NO";"NO";"NO";"NO";"NO";"NO";"NO";"NO";"NO";"NO";"NO";"NO";"NO";"NO";"NO";"0";"0";"0";"0";"0";"0.0"
"WebGraph.java";"org.apache.nutch.scoring.webgraph";"YES";"NO";"NO";"NO";"NO";"NO";"YES";"NO";"NO";"NO";"NO";"NO";"NO";"YES";"YES";"0";"0";"4";"0";"0";"0.0"
"FetcherThreadEvent.java";"org.apache.nutch.fetcher";"NO";"NO";"NO";"NO";"NO";"NO";"NO";"NO";"NO";"NO";"NO";"NO";"NO";"NO";"NO";"0";"0";"0";"0";"0";"0.0"
"URLExemptionFilter.java";"org.apache.nutch.net";"NO";"NO";"NO";"NO";"NO";"NO";"NO";"NO";"NO";"NO";"NO";"NO";"NO";"NO";"NO";"0";"0";"0";"0";"0";"0.0"
"StatisticsPage.java";"org.apache.nutch.webui.pages";"NO";"NO";"NO";"NO";"NO";"NO";"NO";"NO";"NO";"NO";"NO";"NO";"NO";"NO";"NO";"0";"0";"0";"0";"0";"0.0"
"ParserNotFound.java";"org.apache.nutch.parse";"NO";"NO";"NO";"NO";"NO";"NO";"NO";"NO";"NO";"NO";"NO";"NO";"NO";"NO";"NO";"0";"0";"0";"0";"0";"0.0"
"Protocol.java";"org.apache.nutch.protocol";"NO";"NO";"NO";"NO";"NO";"NO";"NO";"NO";"NO";"NO";"NO";"NO";"NO";"NO";"YES";"0";"0";"2";"0";"0";"0.0"
"ScoringFilterException.java";"org.apache.nutch.scoring";"NO";"NO";"NO";"NO";"NO";"NO";"NO";"NO";"NO";"NO";"NO";"NO";"NO";"NO";"NO";"0";"0";"0";"0";"0";"0.0"
"AdminResource.java";"org.apache.nutch.service.resources";"NO";"NO";"NO";"NO";"NO";"NO";"NO";"NO";"NO";"NO";"NO";"NO";"NO";"NO";"NO";"0";"0";"0";"0";"0";"0.0"
"SeedList.java";"org.apache.nutch.webui.model";"NO";"NO";"NO";"NO";"NO";"NO";"NO";"NO";"NO";"NO";"NO";"NO";"NO";"NO";"NO";"0";"0";"0";"0";"0";"0.0"
"TopLevelDomain.java";"org.apache.nutch.util.domain";"NO";"NO";"NO";"NO";"NO";"NO";"NO";"NO";"NO";"NO";"YES";"NO";"NO";"YES";"NO";"0";"0";"0";"0";"0";"0.0"
"SeedResource.java";"org.apache.nutch.service.resources";"NO";"NO";"NO";"NO";"NO";"NO";"NO";"NO";"NO";"NO";"NO";"NO";"NO";"NO";"NO";"0";"0";"0";"0";"0";"0.0"
"FreeGenerator.java";"org.apache.nutch.tools";"NO";"NO";"NO";"NO";"NO";"NO";"NO";"NO";"NO";"NO";"NO";"NO";"NO";"NO";"YES";"0";"0";"2";"0";"0";"0.0"
"HttpHeaders.java";"org.apache.nutch.metadata";"YES";"NO";"NO";"NO";"NO";"NO";"NO";"NO";"NO";"NO";"NO";"NO";"NO";"YES";"YES";"0";"0";"1";"0";"0";"0.0"
"CrawlServiceImpl.java";"org.apache.nutch.webui.service.impl";"NO";"NO";"NO";"NO";"NO";"NO";"NO";"NO";"NO";"NO";"NO";"NO";"NO";"NO";"NO";"0";"0";"0";"0";"0";"0.0"
"MapFile.java";"org.apache.nutch.io";"NO";"NO";"NO";"YES";"NO";"NO";"NO";"NO";"NO";"NO";"NO";"NO";"NO";"YES";"NO";"0";"0";"0";"0";"0";"0.0"
"DefaultFetchSchedule.java";"org.apache.nutch.crawl";"NO";"NO";"NO";"NO";"NO";"NO";"NO";"YES";"NO";"NO";"NO";"NO";"NO";"YES";"YES";"0";"0";"2";"0";"0";"0.0"
"Benchmark.java";"org.apache.nutch.tools";"NO";"NO";"NO";"NO";"NO";"NO";"NO";"YES";"NO";"NO";"NO";"NO";"NO";"YES";"YES";"0";"0";"7";"0";"0";"0.0"
"NutchClientFactory.java";"org.apache.nutch.webui.client";"NO";"NO";"NO";"NO";"NO";"NO";"NO";"NO";"NO";"NO";"NO";"NO";"NO";"NO";"NO";"0";"0";"0";"0";"0";"0.0"
"SpellCheckedMetadata.java";"org.apache.nutch.metadata";"NO";"NO";"NO";"NO";"NO";"NO";"NO";"NO";"NO";"NO";"NO";"NO";"NO";"NO";"NO";"0";"0";"0";"0";"0";"0.0"
"CustomDaoFactory.java";"org.apache.nutch.webui.config";"NO";"NO";"NO";"NO";"NO";"NO";"NO";"NO";"NO";"NO";"NO";"NO";"NO";"NO";"NO";"0";"0";"0";"0";"0";"0.0"
"ConfManager.java";"org.apache.nutch.service";"NO";"NO";"NO";"NO";"NO";"NO";"NO";"NO";"NO";"NO";"NO";"NO";"NO";"NO";"NO";"0";"0";"0";"0";"0";"0.0"
"SeedList.java";"org.apache.nutch.service.model.request";"NO";"NO";"NO";"NO";"NO";"NO";"NO";"NO";"NO";"NO";"NO";"NO";"NO";"NO";"NO";"0";"0";"0";"0";"0";"0.0"
"Office.java";"org.apache.nutch.metadata";"YES";"NO";"NO";"NO";"NO";"NO";"NO";"NO";"NO";"NO";"NO";"NO";"NO";"YES";"NO";"0";"0";"0";"0";"0";"0.0"
"TextMD5Signature.java";"org.apache.nutch.crawl";"NO";"NO";"NO";"NO";"NO";"NO";"NO";"NO";"NO";"NO";"NO";"NO";"NO";"NO";"NO";"0";"0";"0";"0";"0";"0.0"
"ScoringFilters.java";"org.apache.nutch.scoring";"NO";"NO";"NO";"NO";"NO";"NO";"NO";"YES";"NO";"NO";"NO";"NO";"NO";"YES";"YES";"0";"0";"2";"0";"0";"0.0"
"ReaderConfig.java";"org.apache.nutch.service.model.request";"NO";"NO";"NO";"NO";"NO";"NO";"NO";"NO";"NO";"NO";"NO";"NO";"NO";"NO";"NO";"0";"0";"0";"0";"0";"0.0"
"Exchange.java";"org.apache.nutch.exchange";"NO";"NO";"NO";"NO";"NO";"NO";"NO";"NO";"NO";"NO";"NO";"NO";"NO";"NO";"NO";"0";"0";"0";"0";"0";"0.0"
"SeedManagerImpl.java";"org.apache.nutch.service.impl";"NO";"NO";"NO";"NO";"NO";"NO";"NO";"NO";"NO";"NO";"NO";"NO";"NO";"NO";"NO";"0";"0";"0";"0";"0";"0.0"
"InstancePanel.java";"org.apache.nutch.webui.pages.instances";"NO";"NO";"NO";"NO";"NO";"NO";"NO";"NO";"NO";"NO";"NO";"NO";"NO";"NO";"NO";"0";"0";"0";"0";"0";"0.0"
"CrawlDbMerger.java";"org.apache.nutch.crawl";"NO";"NO";"NO";"NO";"NO";"NO";"NO";"NO";"NO";"NO";"NO";"NO";"NO";"NO";"YES";"0";"0";"2";"0";"0";"0.0"
"CrawlDb.java";"org.apache.nutch.crawl";"YES";"NO";"NO";"NO";"NO";"NO";"NO";"NO";"NO";"NO";"NO";"NO";"NO";"YES";"YES";"0";"0";"5";"0";"0";"0.0"
"LinkRank.java";"org.apache.nutch.scoring.webgraph";"NO";"NO";"NO";"NO";"NO";"NO";"NO";"NO";"NO";"NO";"NO";"NO";"NO";"NO";"YES";"0";"0";"3";"0";"0";"0.0"
"package-info.java";"org.apache.nutch.tools.warc";"NO";"NO";"NO";"NO";"NO";"NO";"NO";"NO";"NO";"NO";"NO";"NO";"NO";"NO";"NO";"0";"0";"0";"0";"0";"0.0"
"IndexingException.java";"org.apache.nutch.indexer";"NO";"NO";"NO";"NO";"NO";"NO";"NO";"NO";"NO";"NO";"NO";"NO";"NO";"NO";"NO";"0";"0";"0";"0";"0";"0.0"
"ExtensionPoint.java";"org.apache.nutch.plugin";"NO";"NO";"NO";"NO";"NO";"NO";"NO";"NO";"NO";"NO";"NO";"NO";"NO";"NO";"YES";"0";"0";"1";"0";"0";"0.0"
"LinkDumper.java";"org.apache.nutch.scoring.webgraph";"NO";"NO";"NO";"NO";"NO";"NO";"NO";"NO";"NO";"NO";"NO";"NO";"NO";"NO";"YES";"0";"0";"2";"0";"0";"0.0"
"JobConfig.java";"org.apache.nutch.service.model.request";"NO";"NO";"NO";"NO";"NO";"NO";"NO";"NO";"NO";"NO";"NO";"NO";"NO";"NO";"NO";"0";"0";"0";"0";"0";"0.0"
"ConnectionStatus.java";"org.apache.nutch.webui.client.model";"NO";"NO";"NO";"NO";"NO";"NO";"NO";"NO";"NO";"NO";"NO";"NO";"NO";"NO";"NO";"0";"0";"0";"0";"0";"0.0"
"FSUtils.java";"org.apache.nutch.util";"NO";"NO";"NO";"NO";"NO";"NO";"NO";"NO";"NO";"NO";"NO";"NO";"NO";"NO";"NO";"0";"0";"0";"0";"0";"0.0"
"Fetcher.java";"org.apache.nutch.fetcher";"NO";"NO";"NO";"YES";"NO";"NO";"NO";"NO";"NO";"NO";"NO";"NO";"NO";"YES";"YES";"0";"0";"9";"0";"0";"0.0"
"NutchWritable.java";"org.apache.nutch.crawl";"NO";"NO";"NO";"NO";"NO";"NO";"NO";"NO";"NO";"NO";"NO";"NO";"NO";"NO";"YES";"0";"0";"3";"0";"0";"0.0"
"ColorEnumLabel.java";"org.apache.nutch.webui.pages.components";"NO";"NO";"NO";"NO";"NO";"NO";"NO";"NO";"NO";"NO";"NO";"NO";"NO";"NO";"NO";"0";"0";"0";"0";"0";"0.0"
"WritableComparator.java";"org.apache.nutch.io";"NO";"NO";"NO";"YES";"NO";"NO";"NO";"NO";"NO";"NO";"NO";"NO";"NO";"YES";"NO";"0";"0";"0";"0";"0";"0.0"
"UpdateHostDbReducer.java";"org.apache.nutch.hostdb";"NO";"NO";"NO";"NO";"NO";"NO";"NO";"NO";"NO";"NO";"NO";"NO";"NO";"NO";"NO";"0";"0";"0";"0";"0";"0.0"
"JobInfo.java";"org.apache.nutch.webui.client.model";"NO";"NO";"NO";"NO";"NO";"NO";"NO";"NO";"NO";"NO";"NO";"NO";"NO";"NO";"NO";"0";"0";"0";"0";"0";"0.0"
"package-info.java";"org.apache.nutch.protocol";"NO";"NO";"NO";"NO";"NO";"NO";"NO";"NO";"NO";"NO";"NO";"NO";"NO";"NO";"NO";"0";"0";"0";"0";"0";"0.0"
"DomainSuffixes.java";"org.apache.nutch.util.domain";"NO";"NO";"NO";"NO";"NO";"NO";"NO";"NO";"NO";"NO";"NO";"NO";"NO";"NO";"YES";"0";"0";"2";"0";"0";"0.0"
"ParseImpl.java";"org.apache.nutch.parse";"NO";"NO";"NO";"NO";"NO";"NO";"NO";"NO";"NO";"NO";"NO";"NO";"NO";"NO";"YES";"0";"0";"1";"0";"0";"0.0"
"OutlinkExtractor.java";"org.apache.nutch.parse";"NO";"NO";"NO";"NO";"NO";"NO";"NO";"NO";"NO";"NO";"NO";"NO";"NO";"NO";"YES";"0";"0";"4";"0";"0";"0.0"
"Content.java";"org.apache.nutch.protocol";"NO";"NO";"NO";"NO";"NO";"NO";"NO";"NO";"NO";"NO";"NO";"NO";"NO";"NO";"YES";"0";"0";"1";"0";"0";"0.0"
"StringUtil.java";"org.apache.nutch.util";"NO";"NO";"NO";"NO";"NO";"NO";"NO";"NO";"NO";"NO";"NO";"NO";"NO";"NO";"NO";"0";"0";"0";"0";"0";"0.0"
"NutchGuiConfiguration.java";"org.apache.nutch.webui.config";"NO";"NO";"NO";"NO";"NO";"NO";"NO";"NO";"NO";"NO";"NO";"NO";"NO";"NO";"NO";"0";"0";"0";"0";"0";"0.0"
"CrawlPanel.java";"org.apache.nutch.webui.pages.crawls";"NO";"NO";"NO";"NO";"NO";"NO";"NO";"NO";"NO";"NO";"NO";"NO";"NO";"NO";"NO";"0";"0";"0";"0";"0";"0.0"
"package-info.java";"org.apache.nutch.exchange";"NO";"NO";"NO";"NO";"NO";"NO";"NO";"NO";"NO";"NO";"NO";"NO";"NO";"NO";"NO";"0";"0";"0";"0";"0";"0.0"
"CrawlingCycle.java";"org.apache.nutch.webui.client.impl";"NO";"NO";"NO";"NO";"NO";"NO";"NO";"NO";"NO";"NO";"NO";"NO";"NO";"NO";"NO";"0";"0";"0";"0";"0";"0.0"
"SeedUrl.java";"org.apache.nutch.webui.model";"NO";"NO";"NO";"NO";"NO";"NO";"NO";"NO";"NO";"NO";"NO";"NO";"NO";"NO";"NO";"0";"0";"0";"0";"0";"0.0"
"NutchServerPoolExecutor.java";"org.apache.nutch.service.impl";"NO";"NO";"NO";"NO";"NO";"NO";"NO";"NO";"NO";"NO";"NO";"NO";"NO";"NO";"NO";"0";"0";"0";"0";"0";"0.0"
"CircularDependencyException.java";"org.apache.nutch.plugin";"NO";"NO";"NO";"NO";"NO";"NO";"NO";"NO";"NO";"NO";"NO";"NO";"NO";"NO";"NO";"0";"0";"0";"0";"0";"0.0"
"NodeReader.java";"org.apache.nutch.scoring.webgraph";"NO";"NO";"NO";"NO";"NO";"NO";"NO";"NO";"NO";"NO";"NO";"NO";"NO";"NO";"YES";"0";"0";"1";"0";"0";"0.0"
"JobManager.java";"org.apache.nutch.service";"NO";"NO";"NO";"NO";"NO";"NO";"NO";"NO";"NO";"NO";"NO";"NO";"NO";"NO";"NO";"0";"0";"0";"0";"0";"0.0"
"FetcherThreadPublisher.java";"org.apache.nutch.fetcher";"NO";"NO";"NO";"NO";"NO";"NO";"NO";"NO";"NO";"NO";"NO";"NO";"NO";"NO";"NO";"0";"0";"0";"0";"0";"0.0"
"package-info.java";"org.apache.nutch.tools";"NO";"NO";"NO";"NO";"NO";"NO";"NO";"NO";"NO";"NO";"NO";"NO";"NO";"NO";"NO";"0";"0";"0";"0";"0";"0.0"
"UrlsUploadPage.java";"org.apache.nutch.webui.pages";"NO";"NO";"NO";"NO";"NO";"NO";"NO";"NO";"NO";"NO";"NO";"NO";"NO";"NO";"NO";"0";"0";"0";"0";"0";"0.0"
"ProtocolLogUtil.java";"org.apache.nutch.net.protocols";"NO";"NO";"NO";"NO";"NO";"NO";"NO";"NO";"NO";"NO";"NO";"NO";"NO";"NO";"NO";"0";"0";"0";"0";"0";"0.0"
"URLPartitioner.java";"org.apache.nutch.crawl";"NO";"NO";"NO";"NO";"NO";"NO";"NO";"NO";"NO";"NO";"NO";"NO";"NO";"NO";"YES";"0";"0";"3";"0";"0";"0.0"
"PluginClassLoader.java";"org.apache.nutch.plugin";"NO";"NO";"NO";"NO";"NO";"NO";"NO";"NO";"NO";"NO";"NO";"NO";"NO";"NO";"NO";"0";"0";"0";"0";"0";"0.0"
"ProtocolStatusStatistics.java";"org.apache.nutch.util";"NO";"NO";"NO";"NO";"NO";"NO";"NO";"NO";"NO";"NO";"NO";"NO";"NO";"NO";"NO";"0";"0";"0";"0";"0";"0.0"
"MissingDependencyException.java";"org.apache.nutch.plugin";"NO";"NO";"NO";"NO";"NO";"NO";"NO";"NO";"NO";"NO";"NO";"NO";"NO";"NO";"NO";"0";"0";"0";"0";"0";"0.0"
"ScoringFilter.java";"org.apache.nutch.scoring";"NO";"NO";"NO";"NO";"NO";"NO";"NO";"YES";"NO";"NO";"NO";"NO";"NO";"YES";"YES";"0";"0";"2";"0";"0";"0.0"
"Crawl.java";"org.apache.nutch.webui.client.model";"NO";"NO";"NO";"NO";"NO";"NO";"NO";"NO";"NO";"NO";"NO";"NO";"NO";"NO";"NO";"0";"0";"0";"0";"0";"0.0"
"ProtocolException.java";"org.apache.nutch.net.protocols";"NO";"NO";"NO";"NO";"NO";"NO";"NO";"NO";"NO";"NO";"NO";"NO";"NO";"NO";"NO";"0";"0";"0";"0";"0";"0.0"
"DomainSuffix.java";"org.apache.nutch.util.domain";"NO";"NO";"NO";"NO";"NO";"NO";"NO";"NO";"NO";"NO";"YES";"NO";"NO";"YES";"NO";"0";"0";"0";"0";"0";"0.0"
"TableUtil.java";"org.apache.nutch.util";"NO";"NO";"NO";"NO";"NO";"NO";"NO";"NO";"NO";"NO";"NO";"NO";"NO";"NO";"YES";"0";"0";"2";"0";"0";"0.0"
"IndexerOutputFormat.java";"org.apache.nutch.indexer";"NO";"NO";"NO";"NO";"NO";"NO";"NO";"NO";"NO";"NO";"NO";"NO";"NO";"NO";"YES";"0";"0";"2";"0";"0";"0.0"
"IndexingFiltersChecker.java";"org.apache.nutch.indexer";"NO";"NO";"NO";"NO";"NO";"NO";"NO";"NO";"NO";"NO";"NO";"NO";"NO";"NO";"YES";"0";"0";"3";"0";"0";"0.0"
"PrefixStringMatcher.java";"org.apache.nutch.util";"NO";"NO";"NO";"NO";"NO";"NO";"NO";"NO";"NO";"NO";"NO";"NO";"NO";"NO";"NO";"0";"0";"0";"0";"0";"0.0"
"LogOutPage.java";"org.apache.nutch.webui.pages";"NO";"NO";"NO";"NO";"NO";"NO";"NO";"NO";"NO";"NO";"NO";"NO";"NO";"NO";"NO";"0";"0";"0";"0";"0";"0.0"
"Parser.java";"org.apache.nutch.parse";"NO";"NO";"NO";"NO";"NO";"NO";"NO";"NO";"NO";"NO";"NO";"NO";"NO";"NO";"YES";"0";"0";"2";"0";"0";"0.0"
"DeduplicationJob.java";"org.apache.nutch.crawl";"NO";"NO";"NO";"NO";"NO";"NO";"NO";"NO";"NO";"NO";"NO";"NO";"NO";"NO";"NO";"0";"0";"0";"0";"0";"0.0"
"Nutch.java";"org.apache.nutch.metadata";"YES";"NO";"NO";"NO";"NO";"NO";"NO";"NO";"NO";"NO";"NO";"NO";"NO";"YES";"YES";"0";"0";"3";"0";"0";"0.0"
"ArcSegmentCreator.java";"org.apache.nutch.tools.arc";"NO";"NO";"YES";"NO";"NO";"NO";"YES";"YES";"NO";"NO";"NO";"NO";"NO";"YES";"YES";"0";"0";"2";"0";"0";"0.0"
"DumpFileUtil.java";"org.apache.nutch.util";"NO";"NO";"NO";"NO";"NO";"NO";"NO";"NO";"NO";"NO";"NO";"NO";"NO";"NO";"NO";"0";"0";"0";"0";"0";"0.0"
"InstancesPage.java";"org.apache.nutch.webui.pages.instances";"NO";"NO";"NO";"NO";"NO";"NO";"NO";"NO";"NO";"NO";"NO";"NO";"NO";"NO";"NO";"0";"0";"0";"0";"0";"0.0"
"ParserFactory.java";"org.apache.nutch.parse";"NO";"NO";"NO";"NO";"NO";"NO";"NO";"NO";"NO";"NO";"NO";"NO";"NO";"NO";"YES";"0";"0";"5";"0";"0";"0.0"
"Plugin.java";"org.apache.nutch.plugin";"NO";"NO";"NO";"NO";"NO";"NO";"NO";"NO";"NO";"NO";"NO";"NO";"NO";"NO";"NO";"0";"0";"0";"0";"0";"0.0"
"ParserChecker.java";"org.apache.nutch.parse";"NO";"NO";"NO";"NO";"NO";"NO";"NO";"NO";"NO";"NO";"NO";"NO";"NO";"NO";"YES";"0";"0";"7";"0";"0";"0.0"
"NutchServer.java";"org.apache.nutch.service";"NO";"NO";"NO";"NO";"NO";"NO";"NO";"NO";"NO";"NO";"NO";"NO";"NO";"NO";"NO";"0";"0";"0";"0";"0";"0.0"
"CommandRunner.java";"org.apache.nutch.util";"NO";"NO";"NO";"NO";"NO";"NO";"NO";"NO";"NO";"NO";"NO";"NO";"NO";"NO";"NO";"0";"0";"0";"0";"0";"0.0"
"ReaderResouce.java";"org.apache.nutch.service.resources";"NO";"NO";"NO";"NO";"NO";"NO";"NO";"NO";"NO";"NO";"NO";"NO";"NO";"NO";"NO";"0";"0";"0";"0";"0";"0.0"
"SearchPage.java";"org.apache.nutch.webui.pages";"NO";"NO";"NO";"NO";"NO";"NO";"NO";"NO";"NO";"NO";"NO";"NO";"NO";"NO";"NO";"0";"0";"0";"0";"0";"0.0"
"package-info.java";"org.apache.nutch.scoring";"NO";"NO";"NO";"NO";"NO";"NO";"NO";"NO";"NO";"NO";"NO";"NO";"NO";"NO";"NO";"0";"0";"0";"0";"0";"0.0"
"NutchUiCssReference.java";"org.apache.nutch.webui.pages.assets";"NO";"NO";"NO";"NO";"NO";"NO";"NO";"NO";"NO";"NO";"NO";"NO";"NO";"NO";"NO";"0";"0";"0";"0";"0";"0.0"
"DomainSuffixesReader.java";"org.apache.nutch.util.domain";"NO";"NO";"NO";"NO";"NO";"NO";"NO";"NO";"NO";"NO";"NO";"NO";"NO";"NO";"YES";"0";"0";"2";"0";"0";"0.0"
"CrawlDbReducer.java";"org.apache.nutch.crawl";"NO";"NO";"YES";"NO";"NO";"NO";"NO";"NO";"NO";"NO";"NO";"NO";"NO";"YES";"YES";"0";"0";"4";"0";"0";"0.0"
"NutchField.java";"org.apache.nutch.indexer";"NO";"NO";"NO";"NO";"NO";"NO";"NO";"NO";"NO";"NO";"NO";"NO";"NO";"NO";"NO";"0";"0";"0";"0";"0";"0.0"
"URLFilterException.java";"org.apache.nutch.net";"NO";"NO";"NO";"NO";"NO";"NO";"NO";"NO";"NO";"NO";"NO";"NO";"NO";"NO";"NO";"0";"0";"0";"0";"0";"0.0"
"JobManagerImpl.java";"org.apache.nutch.service.impl";"NO";"NO";"NO";"NO";"NO";"NO";"NO";"NO";"NO";"NO";"NO";"NO";"NO";"NO";"NO";"0";"0";"0";"0";"0";"0.0"
"FetchedSegments.java";"org.apache.nutch.searcher";"NO";"NO";"NO";"YES";"NO";"NO";"NO";"NO";"NO";"NO";"NO";"NO";"NO";"YES";"YES";"0";"0";"1";"0";"0";"0.0"
"MetaWrapper.java";"org.apache.nutch.metadata";"NO";"NO";"NO";"NO";"NO";"NO";"NO";"NO";"NO";"YES";"NO";"NO";"NO";"YES";"NO";"0";"0";"0";"0";"0";"0.0"
"SpringConfiguration.java";"org.apache.nutch.webui.config";"NO";"NO";"NO";"NO";"NO";"NO";"NO";"NO";"NO";"NO";"NO";"NO";"NO";"NO";"NO";"0";"0";"0";"0";"0";"0.0"
"CrawlCompletionStats.java";"org.apache.nutch.util";"NO";"NO";"NO";"NO";"NO";"NO";"NO";"NO";"NO";"NO";"NO";"NO";"NO";"NO";"NO";"0";"0";"0";"0";"0";"0.0"
"SuffixStringMatcher.java";"org.apache.nutch.util";"NO";"NO";"NO";"NO";"NO";"NO";"NO";"NO";"NO";"NO";"NO";"NO";"NO";"NO";"NO";"0";"0";"0";"0";"0";"0.0"
"CustomTableCreator.java";"org.apache.nutch.webui.config";"NO";"NO";"NO";"NO";"NO";"NO";"NO";"NO";"NO";"NO";"NO";"NO";"NO";"NO";"NO";"0";"0";"0";"0";"0";"0.0"
"SegmentReader.java";"org.apache.nutch.segment";"NO";"NO";"YES";"YES";"NO";"NO";"NO";"YES";"NO";"NO";"NO";"NO";"NO";"YES";"YES";"0";"0";"3";"0";"0";"0.0"
"SegmentMerger.java";"org.apache.nutch.segment";"NO";"NO";"YES";"NO";"NO";"NO";"YES";"NO";"NO";"NO";"NO";"NO";"NO";"YES";"YES";"0";"0";"2";"0";"0";"0.0"
"CommonCrawlFormatJettinson.java";"org.apache.nutch.tools";"NO";"NO";"NO";"NO";"NO";"NO";"NO";"NO";"NO";"NO";"NO";"NO";"NO";"NO";"NO";"0";"0";"0";"0";"0";"0.0"
"NutchFileSystem.java";"org.apache.nutch.fs";"NO";"NO";"NO";"YES";"NO";"NO";"NO";"NO";"NO";"NO";"NO";"NO";"NO";"YES";"NO";"0";"0";"0";"0";"0";"0.0"
"NutchInstanceService.java";"org.apache.nutch.webui.service";"NO";"NO";"NO";"NO";"NO";"NO";"NO";"NO";"NO";"NO";"NO";"NO";"NO";"NO";"NO";"0";"0";"0";"0";"0";"0.0"
"URLFilters.java";"org.apache.nutch.net";"NO";"NO";"NO";"NO";"NO";"NO";"NO";"NO";"NO";"NO";"NO";"NO";"NO";"NO";"NO";"0";"0";"0";"0";"0";"0.0"
"MappingReader.java";"org.apache.nutch.indexer";"NO";"NO";"NO";"NO";"NO";"NO";"NO";"NO";"NO";"NO";"NO";"NO";"NO";"NO";"NO";"0";"0";"0";"0";"0";"0.0"
"JobConfig.java";"org.apache.nutch.webui.client.model";"NO";"NO";"NO";"NO";"NO";"NO";"NO";"NO";"NO";"NO";"NO";"NO";"NO";"NO";"NO";"0";"0";"0";"0";"0";"0.0"
"URLNormalizer.java";"org.apache.nutch.net";"NO";"NO";"NO";"NO";"NO";"NO";"NO";"NO";"NO";"NO";"NO";"NO";"NO";"NO";"NO";"0";"0";"0";"0";"0";"0.0"
"URLMetaScoringFilter.java";"org.apache.nutch.scoring.urlmeta";"NO";"NO";"NO";"NO";"NO";"NO";"NO";"YES";"NO";"NO";"NO";"NO";"NO";"YES";"NO";"0";"0";"0";"0";"0";"0.0"
"NutchUiServer.java";"org.apache.nutch.webui";"NO";"NO";"NO";"NO";"NO";"NO";"NO";"NO";"NO";"NO";"NO";"NO";"NO";"NO";"NO";"0";"0";"0";"0";"0";"0.0"
"FetchNode.java";"org.apache.nutch.fetcher";"NO";"NO";"NO";"NO";"NO";"NO";"NO";"NO";"NO";"NO";"NO";"NO";"NO";"NO";"NO";"0";"0";"0";"0";"0";"0.0"
"ProtocolOutput.java";"org.apache.nutch.protocol";"NO";"NO";"NO";"NO";"NO";"NO";"NO";"NO";"NO";"NO";"NO";"NO";"NO";"NO";"YES";"0";"0";"2";"0";"0";"0.0"
"DomUtil.java";"org.apache.nutch.util";"NO";"NO";"NO";"NO";"NO";"NO";"NO";"NO";"NO";"NO";"NO";"NO";"NO";"NO";"YES";"0";"0";"2";"0";"0";"0.0"
"HadoopFSUtil.java";"org.apache.nutch.util";"NO";"NO";"NO";"NO";"NO";"NO";"NO";"NO";"NO";"NO";"NO";"NO";"NO";"NO";"NO";"0";"0";"0";"0";"0";"0.0"
"SettingsPage.java";"org.apache.nutch.webui.pages.settings";"NO";"NO";"NO";"NO";"NO";"NO";"NO";"NO";"NO";"NO";"NO";"NO";"NO";"NO";"NO";"0";"0";"0";"0";"0";"0.0"
"SegmentMergeFilters.java";"org.apache.nutch.segment";"NO";"NO";"NO";"NO";"NO";"NO";"NO";"YES";"NO";"NO";"NO";"NO";"NO";"YES";"YES";"0";"0";"1";"0";"0";"0.0"
"SolrConstants.java";"org.apache.nutch.indexer.solr";"YES";"NO";"NO";"NO";"NO";"NO";"NO";"NO";"NO";"NO";"NO";"NO";"NO";"YES";"YES";"0";"0";"2";"0";"0";"0.0"
"IndexingJob.java";"org.apache.nutch.indexer";"NO";"NO";"NO";"NO";"NO";"NO";"NO";"NO";"NO";"NO";"NO";"NO";"NO";"NO";"NO";"0";"0";"0";"0";"0";"0.0"
"ServiceConfig.java";"org.apache.nutch.service.model.request";"NO";"NO";"NO";"NO";"NO";"NO";"NO";"NO";"NO";"NO";"NO";"NO";"NO";"NO";"NO";"0";"0";"0";"0";"0";"0.0"
"CrawlingCycleListener.java";"org.apache.nutch.webui.client.impl";"NO";"NO";"NO";"NO";"NO";"NO";"NO";"NO";"NO";"NO";"NO";"NO";"NO";"NO";"NO";"0";"0";"0";"0";"0";"0.0"
"IndexWriterParams.java";"org.apache.nutch.indexer";"NO";"NO";"NO";"NO";"NO";"NO";"NO";"NO";"NO";"NO";"NO";"NO";"NO";"NO";"NO";"0";"0";"0";"0";"0";"0.0"
"FileDumper.java";"org.apache.nutch.tools";"NO";"NO";"NO";"NO";"NO";"NO";"NO";"NO";"NO";"NO";"NO";"NO";"NO";"NO";"NO";"0";"0";"0";"0";"0";"0.0"
"FetchItemQueues.java";"org.apache.nutch.fetcher";"NO";"NO";"NO";"NO";"NO";"NO";"NO";"NO";"NO";"NO";"NO";"NO";"NO";"NO";"NO";"0";"0";"0";"0";"0";"0.0"
"ProtocolFactory.java";"org.apache.nutch.protocol";"NO";"NO";"NO";"NO";"NO";"NO";"NO";"NO";"NO";"NO";"NO";"NO";"NO";"NO";"YES";"0";"0";"4";"0";"0";"0.0"
"NutchUiApplication.java";"org.apache.nutch.webui";"NO";"NO";"NO";"NO";"NO";"NO";"NO";"NO";"NO";"NO";"NO";"NO";"NO";"NO";"NO";"0";"0";"0";"0";"0";"0.0"
"ConfManagerImpl.java";"org.apache.nutch.service.impl";"NO";"NO";"NO";"NO";"NO";"NO";"NO";"NO";"NO";"NO";"NO";"NO";"NO";"NO";"NO";"0";"0";"0";"0";"0";"0.0"
"URLNormalizerChecker.java";"org.apache.nutch.net";"NO";"NO";"NO";"NO";"NO";"NO";"NO";"NO";"NO";"NO";"NO";"NO";"NO";"NO";"NO";"0";"0";"0";"0";"0";"0.0"
"JexlUtil.java";"org.apache.nutch.util";"NO";"NO";"NO";"NO";"NO";"NO";"NO";"NO";"NO";"NO";"NO";"NO";"NO";"NO";"NO";"0";"0";"0";"0";"0";"0.0"
"CrawlDatum.java";"org.apache.nutch.crawl";"NO";"NO";"NO";"YES";"NO";"NO";"NO";"NO";"NO";"NO";"NO";"NO";"NO";"YES";"YES";"0";"0";"3";"0";"0";"0.0"
"FetchScheduleFactory.java";"org.apache.nutch.crawl";"NO";"NO";"NO";"NO";"NO";"NO";"NO";"NO";"NO";"NO";"NO";"NO";"NO";"NO";"YES";"0";"0";"3";"0";"0";"0.0"
"SeedListServiceImpl.java";"org.apache.nutch.webui.service.impl";"NO";"NO";"NO";"NO";"NO";"NO";"NO";"NO";"NO";"NO";"NO";"NO";"NO";"NO";"NO";"0";"0";"0";"0";"0";"0.0"
"ContentAsTextInputFormat.java";"org.apache.nutch.segment";"NO";"NO";"NO";"NO";"NO";"NO";"NO";"NO";"NO";"NO";"NO";"NO";"NO";"NO";"YES";"0";"0";"1";"0";"0";"0.0"
"WARCExporter.java";"org.apache.nutch.tools.warc";"NO";"NO";"NO";"NO";"NO";"NO";"NO";"NO";"NO";"NO";"NO";"NO";"NO";"NO";"NO";"0";"0";"0";"0";"0";"0.0"
"NutchConfig.java";"org.apache.nutch.webui.model";"NO";"NO";"NO";"NO";"NO";"NO";"NO";"NO";"NO";"NO";"NO";"NO";"NO";"NO";"NO";"0";"0";"0";"0";"0";"0.0"
"SeedListService.java";"org.apache.nutch.webui.service";"NO";"NO";"NO";"NO";"NO";"NO";"NO";"NO";"NO";"NO";"NO";"NO";"NO";"NO";"NO";"0";"0";"0";"0";"0";"0.0"
"LinkDbMerger.java";"org.apache.nutch.crawl";"NO";"NO";"NO";"NO";"NO";"NO";"NO";"NO";"NO";"NO";"NO";"NO";"NO";"NO";"YES";"0";"0";"3";"0";"0";"0.0"
"IndexWriterConfig.java";"org.apache.nutch.indexer";"NO";"NO";"NO";"NO";"NO";"NO";"NO";"NO";"NO";"NO";"NO";"NO";"NO";"NO";"NO";"0";"0";"0";"0";"0";"0.0"
"RobotRulesParser.java";"org.apache.nutch.protocol";"NO";"NO";"NO";"NO";"NO";"NO";"NO";"NO";"NO";"NO";"NO";"NO";"NO";"NO";"NO";"0";"0";"0";"0";"0";"0.0"
"Node.java";"org.apache.nutch.scoring.webgraph";"NO";"NO";"NO";"NO";"NO";"NO";"NO";"NO";"NO";"NO";"NO";"NO";"NO";"NO";"YES";"0";"0";"1";"0";"0";"0.0"
"AbstractChecker.java";"org.apache.nutch.util";"NO";"NO";"NO";"NO";"NO";"NO";"NO";"NO";"NO";"NO";"NO";"NO";"NO";"NO";"NO";"0";"0";"0";"0";"0";"0.0"
"CrawlService.java";"org.apache.nutch.webui.service";"NO";"NO";"NO";"NO";"NO";"NO";"NO";"NO";"NO";"NO";"NO";"NO";"NO";"NO";"NO";"0";"0";"0";"0";"0";"0.0"
"NutchServerInfo.java";"org.apache.nutch.service.model.response";"NO";"NO";"NO";"NO";"NO";"NO";"NO";"NO";"NO";"NO";"NO";"NO";"NO";"NO";"NO";"0";"0";"0";"0";"0";"0.0"
"RemoteCommand.java";"org.apache.nutch.webui.client.impl";"NO";"NO";"NO";"NO";"NO";"NO";"NO";"NO";"NO";"NO";"NO";"NO";"NO";"NO";"NO";"0";"0";"0";"0";"0";"0.0"
"DbResource.java";"org.apache.nutch.service.resources";"NO";"NO";"NO";"NO";"NO";"NO";"NO";"NO";"NO";"NO";"NO";"NO";"NO";"NO";"NO";"0";"0";"0";"0";"0";"0.0"
"NodeWalker.java";"org.apache.nutch.util";"NO";"NO";"NO";"NO";"NO";"NO";"NO";"NO";"NO";"NO";"NO";"NO";"NO";"NO";"NO";"0";"0";"0";"0";"0";"0.0"
"CommonCrawlFormatFactory.java";"org.apache.nutch.tools";"NO";"NO";"NO";"NO";"NO";"NO";"NO";"NO";"NO";"NO";"NO";"NO";"NO";"NO";"NO";"0";"0";"0";"0";"0";"0.0"
"Injector.java";"org.apache.nutch.crawl";"NO";"NO";"NO";"NO";"NO";"NO";"NO";"NO";"NO";"NO";"NO";"NO";"NO";"NO";"YES";"0";"0";"3";"0";"0";"0.0"
"FetcherThread.java";"org.apache.nutch.fetcher";"NO";"NO";"NO";"NO";"NO";"NO";"NO";"NO";"NO";"NO";"NO";"NO";"NO";"NO";"NO";"0";"0";"0";"0";"0";"0.0"
"IndexWriters.java";"org.apache.nutch.indexer";"NO";"NO";"NO";"NO";"NO";"NO";"NO";"NO";"NO";"NO";"NO";"NO";"NO";"NO";"NO";"0";"0";"0";"0";"0";"0.0"
"DmozParser.java";"org.apache.nutch.tools";"NO";"NO";"NO";"NO";"NO";"NO";"NO";"NO";"NO";"NO";"NO";"NO";"NO";"NO";"YES";"0";"0";"2";"0";"0";"0.0"
"ResolveUrls.java";"org.apache.nutch.tools";"NO";"NO";"NO";"NO";"NO";"NO";"NO";"NO";"NO";"NO";"NO";"NO";"NO";"NO";"YES";"0";"0";"2";"0";"0";"0.0"
"SegmentMergeFilter.java";"org.apache.nutch.segment";"NO";"NO";"NO";"NO";"NO";"NO";"NO";"YES";"NO";"NO";"NO";"NO";"NO";"YES";"NO";"0";"0";"0";"0";"0";"0.0"
"ConfigResource.java";"org.apache.nutch.service.resources";"NO";"NO";"NO";"NO";"NO";"NO";"NO";"NO";"NO";"NO";"NO";"NO";"NO";"NO";"NO";"0";"0";"0";"0";"0";"0.0"
"URLFilter.java";"org.apache.nutch.net";"NO";"NO";"NO";"NO";"NO";"NO";"NO";"NO";"NO";"NO";"NO";"NO";"NO";"NO";"NO";"0";"0";"0";"0";"0";"0.0"
"PluginDescriptor.java";"org.apache.nutch.plugin";"NO";"NO";"NO";"NO";"NO";"NO";"NO";"YES";"NO";"NO";"NO";"NO";"NO";"YES";"YES";"0";"0";"2";"0";"0";"0.0"
"ParseOutputFormat.java";"org.apache.nutch.parse";"NO";"NO";"YES";"NO";"NO";"NO";"YES";"NO";"NO";"NO";"NO";"NO";"NO";"YES";"YES";"0";"0";"3";"0";"0";"0.0"
"MimeAdaptiveFetchSchedule.java";"org.apache.nutch.crawl";"NO";"NO";"NO";"NO";"NO";"NO";"NO";"NO";"NO";"NO";"NO";"NO";"NO";"NO";"NO";"0";"0";"0";"0";"0";"0.0"
"HTMLMetaTags.java";"org.apache.nutch.parse";"NO";"NO";"NO";"NO";"NO";"NO";"NO";"NO";"NO";"NO";"NO";"NO";"NO";"NO";"YES";"0";"0";"1";"0";"0";"0.0"
"AbstractFetchSchedule.java";"org.apache.nutch.crawl";"NO";"NO";"NO";"NO";"NO";"NO";"NO";"YES";"NO";"NO";"NO";"NO";"NO";"YES";"YES";"0";"0";"5";"0";"0";"0.0"
"package-info.java";"org.apache.nutch.tools.arc";"NO";"NO";"NO";"NO";"NO";"NO";"NO";"NO";"NO";"NO";"NO";"NO";"NO";"NO";"NO";"0";"0";"0";"0";"0";"0.0"
"package-info.java";"org.apache.nutch.scoring.webgraph";"NO";"NO";"NO";"NO";"NO";"NO";"NO";"NO";"NO";"NO";"NO";"NO";"NO";"NO";"NO";"0";"0";"0";"0";"0";"0.0"
"package-info.java";"org.apache.nutch.net";"NO";"NO";"NO";"NO";"NO";"NO";"NO";"NO";"NO";"NO";"NO";"NO";"NO";"NO";"NO";"0";"0";"0";"0";"0";"0.0"
"Parse.java";"org.apache.nutch.parse";"NO";"NO";"NO";"NO";"NO";"NO";"NO";"NO";"NO";"NO";"NO";"NO";"NO";"NO";"YES";"0";"0";"3";"0";"0";"0.0"
"URLFilterChecker.java";"org.apache.nutch.net";"NO";"NO";"NO";"NO";"NO";"NO";"NO";"NO";"NO";"NO";"NO";"NO";"NO";"NO";"NO";"0";"0";"0";"0";"0";"0.0"
"LinkDb.java";"org.apache.nutch.crawl";"NO";"NO";"NO";"NO";"NO";"NO";"NO";"NO";"NO";"NO";"NO";"NO";"NO";"NO";"YES";"0";"0";"3";"0";"0";"0.0"
"Metadata.java";"org.apache.nutch.metadata";"NO";"NO";"NO";"NO";"NO";"NO";"NO";"NO";"NO";"NO";"NO";"NO";"NO";"NO";"NO";"0";"0";"0";"0";"0";"0.0"
"HttpDateFormat.java";"org.apache.nutch.net.protocols";"NO";"NO";"NO";"NO";"NO";"NO";"NO";"NO";"NO";"NO";"NO";"NO";"NO";"NO";"NO";"0";"0";"0";"0";"0";"0.0"
"NutchService.java";"org.apache.nutch.webui.service";"NO";"NO";"NO";"NO";"NO";"NO";"NO";"NO";"NO";"NO";"NO";"NO";"NO";"NO";"NO";"0";"0";"0";"0";"0";"0.0"
"CommonCrawlConfig.java";"org.apache.nutch.tools";"NO";"NO";"NO";"NO";"NO";"NO";"NO";"NO";"NO";"NO";"NO";"NO";"NO";"NO";"NO";"0";"0";"0";"0";"0";"0.0"
"GenericWritableConfigurable.java";"org.apache.nutch.util";"NO";"NO";"NO";"NO";"NO";"NO";"NO";"NO";"NO";"NO";"NO";"NO";"NO";"NO";"NO";"0";"0";"0";"0";"0";"0.0"
"TrieStringMatcher.java";"org.apache.nutch.util";"NO";"NO";"NO";"NO";"NO";"NO";"NO";"NO";"NO";"NO";"NO";"NO";"NO";"NO";"NO";"0";"0";"0";"0";"0";"0.0"
"LinkDbReader.java";"org.apache.nutch.crawl";"NO";"NO";"NO";"NO";"NO";"NO";"NO";"NO";"NO";"NO";"NO";"NO";"NO";"NO";"YES";"0";"0";"3";"0";"0";"0.0"
"IndexWriter.java";"org.apache.nutch.indexer";"NO";"NO";"NO";"NO";"NO";"NO";"NO";"NO";"NO";"NO";"NO";"NO";"NO";"NO";"NO";"0";"0";"0";"0";"0";"0.0"
"MimeUtil.java";"org.apache.nutch.util";"NO";"NO";"NO";"NO";"NO";"NO";"NO";"NO";"NO";"NO";"NO";"NO";"NO";"NO";"YES";"0";"0";"3";"0";"0";"0.0"
"Signature.java";"org.apache.nutch.crawl";"NO";"NO";"NO";"NO";"NO";"NO";"NO";"NO";"NO";"NO";"NO";"NO";"NO";"NO";"YES";"0";"0";"2";"0";"0";"0.0"
"SeedListsPage.java";"org.apache.nutch.webui.pages.seed";"NO";"NO";"NO";"NO";"NO";"NO";"NO";"NO";"NO";"NO";"NO";"NO";"NO";"NO";"NO";"0";"0";"0";"0";"0";"0.0"
"RemoteCommandBuilder.java";"org.apache.nutch.webui.client.impl";"NO";"NO";"NO";"NO";"NO";"NO";"NO";"NO";"NO";"NO";"NO";"NO";"NO";"NO";"NO";"0";"0";"0";"0";"0";"0.0"
"JobTracker.java";"org.apache.nutch.mapReduce";"NO";"NO";"NO";"YES";"NO";"NO";"NO";"NO";"NO";"NO";"NO";"NO";"NO";"YES";"NO";"0";"0";"0";"0";"0";"0.0"
"ParseSegment.java";"org.apache.nutch.parse";"NO";"NO";"NO";"NO";"NO";"NO";"NO";"NO";"NO";"NO";"NO";"NO";"NO";"NO";"YES";"0";"0";"3";"0";"0";"0.0"
"NutchReader.java";"org.apache.nutch.service";"NO";"NO";"NO";"NO";"NO";"NO";"NO";"NO";"NO";"NO";"NO";"NO";"NO";"NO";"NO";"0";"0";"0";"0";"0";"0.0"
"AbstractCommonCrawlFormat.java";"org.apache.nutch.tools";"NO";"NO";"NO";"NO";"NO";"NO";"NO";"NO";"NO";"NO";"NO";"NO";"NO";"NO";"NO";"0";"0";"0";"0";"0";"0.0"
"HtmlParseFilter.java";"org.apache.nutch.parse";"NO";"NO";"NO";"NO";"NO";"NO";"NO";"NO";"NO";"NO";"NO";"NO";"NO";"NO";"YES";"0";"0";"4";"0";"0";"0.0"
"package-info.java";"org.apache.nutch.segment";"NO";"NO";"NO";"NO";"NO";"NO";"NO";"NO";"NO";"NO";"NO";"NO";"NO";"NO";"NO";"0";"0";"0";"0";"0";"0.0"
"SegmentPart.java";"org.apache.nutch.segment";"NO";"NO";"NO";"NO";"NO";"NO";"NO";"NO";"NO";"NO";"NO";"NO";"NO";"NO";"YES";"0";"0";"1";"0";"0";"0.0"
"Exchanges.java";"org.apache.nutch.exchange";"NO";"NO";"NO";"NO";"NO";"NO";"NO";"NO";"NO";"NO";"NO";"NO";"NO";"NO";"NO";"0";"0";"0";"0";"0";"0.0"
"IndexerMapReduce.java";"org.apache.nutch.indexer";"NO";"NO";"NO";"NO";"NO";"NO";"NO";"NO";"NO";"NO";"NO";"NO";"NO";"NO";"YES";"0";"0";"4";"0";"0";"0.0"
"SignatureFactory.java";"org.apache.nutch.crawl";"NO";"NO";"NO";"NO";"NO";"NO";"NO";"NO";"NO";"NO";"NO";"NO";"NO";"NO";"YES";"0";"0";"4";"0";"0";"0.0"
"Query.java";"org.apache.nutch.searcher";"NO";"NO";"NO";"YES";"NO";"NO";"NO";"NO";"NO";"NO";"NO";"NO";"NO";"YES";"YES";"0";"0";"1";"0";"0";"0.0"
"ParseException.java";"org.apache.nutch.parse";"NO";"NO";"NO";"NO";"NO";"NO";"NO";"NO";"NO";"NO";"NO";"NO";"NO";"NO";"NO";"0";"0";"0";"0";"0";"0.0"
"ScoreUpdater.java";"org.apache.nutch.scoring.webgraph";"NO";"NO";"NO";"NO";"NO";"NO";"NO";"NO";"NO";"NO";"NO";"NO";"NO";"NO";"YES";"0";"0";"2";"0";"0";"0.0"
"SeedManager.java";"org.apache.nutch.service";"NO";"NO";"NO";"NO";"NO";"NO";"NO";"NO";"NO";"NO";"NO";"NO";"NO";"NO";"NO";"0";"0";"0";"0";"0";"0.0"
"TimingUtil.java";"org.apache.nutch.util";"NO";"NO";"NO";"NO";"NO";"NO";"NO";"NO";"NO";"NO";"NO";"NO";"NO";"NO";"YES";"0";"0";"1";"0";"0";"0.0"
"NutchInstanceServiceImpl.java";"org.apache.nutch.webui.service.impl";"NO";"NO";"NO";"NO";"NO";"NO";"NO";"NO";"NO";"NO";"NO";"NO";"NO";"NO";"NO";"0";"0";"0";"0";"0";"0.0"
"FetchSchedule.java";"org.apache.nutch.crawl";"YES";"NO";"NO";"NO";"NO";"NO";"NO";"YES";"NO";"NO";"NO";"NO";"NO";"YES";"YES";"0";"0";"2";"0";"0";"0.0"
"LinkDbFilter.java";"org.apache.nutch.crawl";"NO";"NO";"NO";"NO";"NO";"NO";"NO";"NO";"NO";"NO";"NO";"NO";"NO";"NO";"YES";"0";"0";"2";"0";"0";"0.0"
"NodeReader.java";"org.apache.nutch.service.impl";"NO";"NO";"NO";"NO";"NO";"NO";"NO";"NO";"NO";"NO";"NO";"NO";"NO";"NO";"NO";"0";"0";"0";"0";"0";"0.0"
"HtmlParseFilters.java";"org.apache.nutch.parse";"NO";"NO";"NO";"NO";"NO";"NO";"NO";"NO";"NO";"NO";"NO";"NO";"NO";"NO";"YES";"0";"0";"3";"0";"0";"0.0"
"Extension.java";"org.apache.nutch.plugin";"NO";"NO";"NO";"NO";"NO";"NO";"NO";"NO";"NO";"NO";"NO";"NO";"NO";"NO";"NO";"0";"0";"0";"0";"0";"0.0"
"SignatureComparator.java";"org.apache.nutch.crawl";"NO";"NO";"NO";"NO";"NO";"NO";"NO";"NO";"NO";"NO";"NO";"NO";"NO";"NO";"YES";"0";"0";"1";"0";"0";"0.0"
"LockUtil.java";"org.apache.nutch.util";"NO";"NO";"NO";"NO";"NO";"NO";"NO";"NO";"NO";"NO";"NO";"NO";"NO";"NO";"NO";"0";"0";"0";"0";"0";"0.0"
"UpdateHostDbMapper.java";"org.apache.nutch.hostdb";"NO";"NO";"NO";"NO";"NO";"NO";"NO";"NO";"NO";"NO";"NO";"NO";"NO";"NO";"NO";"0";"0";"0";"0";"0";"0.0"
"WARCUtils.java";"org.apache.nutch.tools";"NO";"NO";"NO";"NO";"NO";"NO";"NO";"NO";"NO";"NO";"NO";"NO";"NO";"NO";"NO";"0";"0";"0";"0";"0";"0.0"
"MD5Signature.java";"org.apache.nutch.crawl";"NO";"NO";"NO";"NO";"NO";"NO";"NO";"NO";"NO";"NO";"NO";"NO";"NO";"NO";"YES";"0";"0";"3";"0";"0";"0.0"
"CommonCrawlFormat.java";"org.apache.nutch.tools";"NO";"NO";"NO";"NO";"NO";"NO";"NO";"NO";"NO";"NO";"NO";"NO";"NO";"NO";"NO";"0";"0";"0";"0";"0";"0.0"
"NutchConfiguration.java";"org.apache.nutch.util";"NO";"NO";"NO";"NO";"NO";"NO";"NO";"NO";"NO";"NO";"NO";"NO";"NO";"NO";"YES";"0";"0";"1";"0";"0";"0.0"
"URLNormalizers.java";"org.apache.nutch.net";"NO";"NO";"NO";"NO";"NO";"NO";"NO";"NO";"NO";"NO";"NO";"NO";"NO";"NO";"YES";"0";"0";"3";"0";"0";"0.0"
"ParseData.java";"org.apache.nutch.parse";"NO";"NO";"NO";"NO";"NO";"NO";"NO";"NO";"NO";"NO";"NO";"NO";"NO";"NO";"YES";"0";"0";"2";"0";"0";"0.0"
"NutchInstance.java";"org.apache.nutch.webui.model";"NO";"NO";"NO";"NO";"NO";"NO";"NO";"NO";"NO";"NO";"NO";"NO";"NO";"NO";"NO";"0";"0";"0";"0";"0";"0.0"
"AbstractBasePage.java";"org.apache.nutch.webui.pages";"NO";"NO";"NO";"NO";"NO";"NO";"NO";"NO";"NO";"NO";"NO";"NO";"NO";"NO";"NO";"0";"0";"0";"0";"0";"0.0"
"JobInfo.java";"org.apache.nutch.service.model.response";"NO";"NO";"NO";"NO";"NO";"NO";"NO";"NO";"NO";"NO";"NO";"NO";"NO";"NO";"NO";"0";"0";"0";"0";"0";"0.0"
"package-info.java";"org.apache.nutch.net.protocols";"NO";"NO";"NO";"NO";"NO";"NO";"NO";"NO";"NO";"NO";"NO";"NO";"NO";"NO";"NO";"0";"0";"0";"0";"0";"0.0"
"FetchNodeDbInfo.java";"org.apache.nutch.service.model.response";"NO";"NO";"NO";"NO";"NO";"NO";"NO";"NO";"NO";"NO";"NO";"NO";"NO";"NO";"NO";"0";"0";"0";"0";"0";"0.0"
"Response.java";"org.apache.nutch.net.protocols";"NO";"NO";"NO";"NO";"NO";"NO";"NO";"NO";"NO";"NO";"NO";"NO";"NO";"NO";"NO";"0";"0";"0";"0";"0";"0.0"
"CommonCrawlFormatWARC.java";"org.apache.nutch.tools";"NO";"NO";"NO";"NO";"NO";"NO";"NO";"NO";"NO";"NO";"NO";"NO";"NO";"NO";"NO";"0";"0";"0";"0";"0";"0.0"
"DashboardPage.java";"org.apache.nutch.webui.pages";"NO";"NO";"NO";"NO";"NO";"NO";"NO";"NO";"NO";"NO";"NO";"NO";"NO";"NO";"NO";"0";"0";"0";"0";"0";"0.0"
"CrawlDbFilter.java";"org.apache.nutch.crawl";"NO";"NO";"NO";"NO";"NO";"NO";"NO";"NO";"NO";"NO";"NO";"NO";"NO";"NO";"YES";"0";"0";"3";"0";"0";"0.0"
"UserSettingsPage.java";"org.apache.nutch.webui.pages";"NO";"NO";"NO";"NO";"NO";"NO";"NO";"NO";"NO";"NO";"NO";"NO";"NO";"NO";"NO";"0";"0";"0";"0";"0";"0.0"
"NutchDocument.java";"org.apache.nutch.indexer";"NO";"NO";"NO";"NO";"NO";"NO";"NO";"NO";"NO";"NO";"NO";"NO";"NO";"NO";"NO";"0";"0";"0";"0";"0";"0.0"
"PluginRepository.java";"org.apache.nutch.plugin";"NO";"NO";"NO";"NO";"NO";"NO";"NO";"NO";"NO";"NO";"NO";"NO";"NO";"NO";"YES";"0";"0";"3";"0";"0";"0.0"
"NutchPublisher.java";"org.apache.nutch.publisher";"NO";"NO";"NO";"NO";"NO";"NO";"NO";"NO";"NO";"NO";"NO";"NO";"NO";"NO";"NO";"0";"0";"0";"0";"0";"0.0"
"ExchangeConfig.java";"org.apache.nutch.exchange";"NO";"NO";"NO";"NO";"NO";"NO";"NO";"NO";"NO";"NO";"NO";"NO";"NO";"NO";"NO";"0";"0";"0";"0";"0";"0.0"
"ParsePluginsReader.java";"org.apache.nutch.parse";"NO";"NO";"NO";"NO";"NO";"NO";"NO";"NO";"NO";"NO";"NO";"NO";"NO";"NO";"YES";"0";"0";"3";"0";"0";"0.0"
"AbstractScoringFilter.java";"org.apache.nutch.scoring";"NO";"NO";"NO";"NO";"NO";"NO";"NO";"NO";"NO";"NO";"NO";"NO";"NO";"NO";"NO";"0";"0";"0";"0";"0";"0.0"
"DbQuery.java";"org.apache.nutch.service.model.request";"NO";"NO";"NO";"NO";"NO";"NO";"NO";"NO";"NO";"NO";"NO";"NO";"NO";"NO";"NO";"0";"0";"0";"0";"0";"0.0"
"ProtocolNotFound.java";"org.apache.nutch.protocol";"NO";"NO";"NO";"NO";"NO";"NO";"NO";"NO";"NO";"NO";"NO";"NO";"NO";"NO";"NO";"0";"0";"0";"0";"0";"0.0"
"Generator.java";"org.apache.nutch.crawl";"NO";"NO";"NO";"NO";"NO";"NO";"YES";"YES";"NO";"NO";"NO";"NO";"NO";"YES";"YES";"0";"1";"4";"1";"0";"0.2"
"CleaningJob.java";"org.apache.nutch.indexer";"NO";"NO";"NO";"NO";"NO";"NO";"NO";"NO";"NO";"NO";"NO";"NO";"NO";"NO";"NO";"0";"0";"0";"0";"0";"0.0"
"DublinCore.java";"org.apache.nutch.metadata";"YES";"NO";"NO";"NO";"NO";"NO";"NO";"NO";"NO";"NO";"NO";"NO";"NO";"YES";"NO";"0";"0";"0";"0";"0";"0.0"
"CommonCrawlFormatJackson.java";"org.apache.nutch.tools";"NO";"NO";"NO";"NO";"NO";"NO";"NO";"NO";"NO";"NO";"NO";"NO";"NO";"NO";"NO";"0";"0";"0";"0";"0";"0.0"
"NutchIndexAction.java";"org.apache.nutch.indexer";"NO";"NO";"NO";"NO";"NO";"NO";"NO";"NO";"NO";"NO";"NO";"NO";"NO";"NO";"NO";"0";"0";"0";"0";"0";"0.0"
"Feed.java";"org.apache.nutch.metadata";"YES";"NO";"NO";"NO";"NO";"NO";"NO";"NO";"NO";"NO";"NO";"NO";"NO";"YES";"NO";"0";"0";"0";"0";"0";"0.0"
"FetchItemQueue.java";"org.apache.nutch.fetcher";"NO";"NO";"NO";"NO";"NO";"NO";"NO";"NO";"NO";"NO";"NO";"NO";"NO";"NO";"NO";"0";"0";"0";"0";"0";"0.0"
"JobFactory.java";"org.apache.nutch.service.impl";"NO";"NO";"NO";"NO";"NO";"NO";"NO";"NO";"NO";"NO";"NO";"NO";"NO";"NO";"NO";"0";"0";"0";"0";"0";"0.0"
"Pluggable.java";"org.apache.nutch.plugin";"NO";"NO";"NO";"NO";"NO";"NO";"NO";"NO";"NO";"NO";"NO";"NO";"NO";"NO";"YES";"0";"0";"4";"0";"0";"0.0"
"FetchItem.java";"org.apache.nutch.fetcher";"NO";"NO";"NO";"NO";"NO";"NO";"NO";"NO";"NO";"NO";"NO";"NO";"NO";"NO";"NO";"0";"0";"0";"0";"0";"0.0"
"ColorEnumLabelBuilder.java";"org.apache.nutch.webui.pages.components";"NO";"NO";"NO";"NO";"NO";"NO";"NO";"NO";"NO";"NO";"NO";"NO";"NO";"NO";"NO";"0";"0";"0";"0";"0";"0.0"
"PluginManifestParser.java";"org.apache.nutch.plugin";"NO";"NO";"NO";"NO";"NO";"NO";"NO";"NO";"NO";"NO";"NO";"NO";"NO";"NO";"YES";"0";"0";"2";"0";"0";"0.0"
"NutchClientImpl.java";"org.apache.nutch.webui.client.impl";"NO";"NO";"NO";"NO";"NO";"NO";"NO";"NO";"NO";"NO";"NO";"NO";"NO";"NO";"NO";"0";"0";"0";"0";"0";"0.0"
"SegmentChecker.java";"org.apache.nutch.segment";"NO";"NO";"NO";"NO";"NO";"NO";"NO";"NO";"NO";"NO";"NO";"NO";"NO";"NO";"NO";"0";"0";"0";"0";"0";"0.0"
"ParsePluginList.java";"org.apache.nutch.parse";"NO";"NO";"NO";"NO";"NO";"NO";"NO";"NO";"NO";"NO";"NO";"NO";"NO";"NO";"YES";"0";"0";"1";"0";"0";"0.0"
"LinkReader.java";"org.apache.nutch.service.impl";"NO";"NO";"NO";"NO";"NO";"NO";"NO";"NO";"NO";"NO";"NO";"NO";"NO";"NO";"NO";"0";"0";"0";"0";"0";"0.0"
"RemoteCommandExecutor.java";"org.apache.nutch.webui.client.impl";"NO";"NO";"NO";"NO";"NO";"NO";"NO";"NO";"NO";"NO";"NO";"NO";"NO";"NO";"NO";"0";"0";"0";"0";"0";"0.0"
"JobWorker.java";"org.apache.nutch.service.impl";"NO";"NO";"NO";"NO";"NO";"NO";"NO";"NO";"NO";"NO";"NO";"NO";"NO";"NO";"NO";"0";"0";"0";"0";"0";"0.0"
"AdaptiveFetchSchedule.java";"org.apache.nutch.crawl";"NO";"NO";"NO";"NO";"NO";"NO";"NO";"YES";"NO";"NO";"NO";"NO";"NO";"YES";"YES";"0";"0";"3";"0";"0";"0.0"
"HostDatum.java";"org.apache.nutch.hostdb";"NO";"NO";"NO";"NO";"NO";"NO";"NO";"NO";"NO";"NO";"NO";"NO";"NO";"NO";"NO";"0";"0";"0";"0";"0";"0.0"
"RemoteCommandsBatchFactory.java";"org.apache.nutch.webui.client.impl";"NO";"NO";"NO";"NO";"NO";"NO";"NO";"NO";"NO";"NO";"NO";"NO";"NO";"NO";"NO";"0";"0";"0";"0";"0";"0.0"
"SequenceReader.java";"org.apache.nutch.service.impl";"NO";"NO";"NO";"NO";"NO";"NO";"NO";"NO";"NO";"NO";"NO";"NO";"NO";"NO";"NO";"0";"0";"0";"0";"0";"0.0"
"CrawlsPage.java";"org.apache.nutch.webui.pages.crawls";"NO";"NO";"NO";"NO";"NO";"NO";"NO";"NO";"NO";"NO";"NO";"NO";"NO";"NO";"NO";"0";"0";"0";"0";"0";"0.0"
"NutchJob.java";"org.apache.nutch.util";"NO";"NO";"NO";"NO";"NO";"NO";"NO";"NO";"NO";"NO";"NO";"NO";"NO";"NO";"YES";"0";"0";"3";"0";"0";"0.0"
"CrawlDbReader.java";"org.apache.nutch.crawl";"NO";"NO";"NO";"NO";"NO";"NO";"NO";"NO";"NO";"NO";"NO";"NO";"NO";"NO";"YES";"0";"0";"3";"0";"0";"0.0"
"DeflateUtils.java";"org.apache.nutch.util";"NO";"NO";"NO";"NO";"NO";"NO";"NO";"NO";"NO";"NO";"NO";"NO";"NO";"NO";"YES";"0";"0";"2";"0";"0";"0.0"
"ArcRecordReader.java";"org.apache.nutch.tools.arc";"NO";"NO";"NO";"NO";"NO";"NO";"YES";"NO";"NO";"NO";"NO";"NO";"NO";"YES";"YES";"0";"0";"2";"0";"0";"0.0"
"URLExemptionFilters.java";"org.apache.nutch.net";"NO";"NO";"NO";"NO";"NO";"NO";"NO";"NO";"NO";"NO";"NO";"NO";"NO";"NO";"NO";"0";"0";"0";"0";"0";"0.0"
"JobResource.java";"org.apache.nutch.service.resources";"NO";"NO";"NO";"NO";"NO";"NO";"NO";"NO";"NO";"NO";"NO";"NO";"NO";"NO";"NO";"0";"0";"0";"0";"0";"0.0"
"TLDScoringFilter.java";"org.apache.nutch.scoring.tld";"NO";"NO";"NO";"NO";"NO";"NO";"NO";"YES";"NO";"NO";"NO";"NO";"NO";"YES";"NO";"0";"0";"0";"0";"0";"0.0"
"IndexingFilter.java";"org.apache.nutch.indexer";"NO";"NO";"NO";"NO";"NO";"NO";"NO";"NO";"NO";"NO";"NO";"NO";"NO";"NO";"YES";"0";"0";"3";"0";"0";"0.0"
"NutchPublishers.java";"org.apache.nutch.publisher";"NO";"NO";"NO";"NO";"NO";"NO";"NO";"NO";"NO";"NO";"NO";"NO";"NO";"NO";"NO";"0";"0";"0";"0";"0";"0.0"
"ServiceWorker.java";"org.apache.nutch.service.impl";"NO";"NO";"NO";"NO";"NO";"NO";"NO";"NO";"NO";"NO";"NO";"NO";"NO";"NO";"NO";"0";"0";"0";"0";"0";"0.0"
"ReadHostDb.java";"org.apache.nutch.hostdb";"NO";"NO";"NO";"NO";"NO";"NO";"NO";"NO";"NO";"NO";"NO";"NO";"NO";"NO";"NO";"0";"0";"0";"0";"0";"0.0"
"Inlink.java";"org.apache.nutch.crawl";"NO";"NO";"NO";"NO";"NO";"NO";"NO";"NO";"NO";"NO";"NO";"NO";"NO";"NO";"YES";"0";"0";"1";"0";"0";"0.0"
"GZIPUtils.java";"org.apache.nutch.util";"NO";"NO";"NO";"NO";"NO";"NO";"NO";"NO";"NO";"NO";"NO";"NO";"NO";"NO";"YES";"0";"0";"2";"0";"0";"0.0"
"FetcherOutputFormat.java";"org.apache.nutch.fetcher";"NO";"NO";"NO";"NO";"NO";"NO";"NO";"NO";"NO";"NO";"NO";"NO";"NO";"NO";"YES";"0";"0";"2";"0";"0";"0.0"
"EncodingDetector.java";"org.apache.nutch.util";"NO";"NO";"NO";"NO";"NO";"NO";"NO";"NO";"NO";"NO";"NO";"NO";"NO";"NO";"YES";"0";"0";"6";"0";"0";"0.0"
"package-info.java";"org.apache.nutch.parse";"NO";"NO";"NO";"NO";"NO";"NO";"NO";"NO";"NO";"NO";"NO";"NO";"NO";"NO";"NO";"0";"0";"0";"0";"0";"0.0"
"LanguageIdentifier.java";"org.apache.nutch.analysis.lang";"NO";"NO";"NO";"NO";"NO";"NO";"YES";"NO";"NO";"NO";"NO";"NO";"NO";"YES";"NO";"0";"0";"0";"0";"0";"0.0"
"UpdateHostDb.java";"org.apache.nutch.hostdb";"NO";"NO";"NO";"NO";"NO";"NO";"NO";"NO";"NO";"NO";"NO";"NO";"NO";"NO";"NO";"0";"0";"0";"0";"0";"0.0"
"NutchConfig.java";"org.apache.nutch.service.model.request";"NO";"NO";"NO";"NO";"NO";"NO";"NO";"NO";"NO";"NO";"NO";"NO";"NO";"NO";"NO";"0";"0";"0";"0";"0";"0.0"
"SegmentReaderUtil.java";"org.apache.nutch.util";"NO";"NO";"NO";"NO";"NO";"NO";"NO";"NO";"NO";"NO";"NO";"NO";"NO";"NO";"NO";"0";"0";"0";"0";"0";"0.0"
"Outlink.java";"org.apache.nutch.parse";"NO";"NO";"NO";"NO";"NO";"NO";"NO";"NO";"NO";"NO";"NO";"NO";"NO";"NO";"YES";"0";"0";"2";"0";"0";"0.0"
"ProtocolStatus.java";"org.apache.nutch.protocol";"NO";"NO";"NO";"NO";"NO";"NO";"NO";"NO";"NO";"NO";"NO";"NO";"NO";"NO";"YES";"0";"0";"2";"0";"0";"0.0"
"CpmIteratorAdapter.java";"org.apache.nutch.webui.pages.components";"NO";"NO";"NO";"NO";"NO";"NO";"NO";"NO";"NO";"NO";"NO";"NO";"NO";"NO";"NO";"0";"0";"0";"0";"0";"0.0"
"package-info.java";"org.apache.nutch.util";"NO";"NO";"NO";"NO";"NO";"NO";"NO";"NO";"NO";"NO";"NO";"NO";"NO";"NO";"NO";"0";"0";"0";"0";"0";"0.0"
"CreativeCommons.java";"org.apache.nutch.metadata";"NO";"NO";"NO";"NO";"NO";"NO";"NO";"NO";"NO";"NO";"NO";"NO";"NO";"NO";"NO";"0";"0";"0";"0";"0";"0.0"
"ParseUtil.java";"org.apache.nutch.parse";"NO";"NO";"NO";"NO";"NO";"NO";"NO";"NO";"NO";"NO";"NO";"NO";"NO";"NO";"YES";"0";"0";"7";"0";"0";"0.0"
"ObjectCache.java";"org.apache.nutch.util";"NO";"NO";"NO";"NO";"NO";"NO";"NO";"NO";"NO";"NO";"NO";"NO";"NO";"NO";"YES";"0";"0";"2";"0";"0";"0.0"
"AbstractResource.java";"org.apache.nutch.service.resources";"NO";"NO";"NO";"NO";"NO";"NO";"NO";"NO";"NO";"NO";"NO";"NO";"NO";"NO";"NO";"0";"0";"0";"0";"0";"0.0"
"TextProfileSignature.java";"org.apache.nutch.crawl";"NO";"NO";"NO";"NO";"NO";"NO";"NO";"NO";"NO";"NO";"NO";"NO";"NO";"NO";"YES";"0";"0";"2";"0";"0";"0.0"
"ParseStatus.java";"org.apache.nutch.parse";"NO";"NO";"NO";"NO";"NO";"NO";"NO";"NO";"NO";"NO";"NO";"NO";"NO";"NO";"YES";"0";"0";"3";"0";"0";"0.0"
"ParseText.java";"org.apache.nutch.parse";"NO";"NO";"NO";"NO";"NO";"NO";"NO";"NO";"NO";"NO";"NO";"NO";"NO";"NO";"YES";"0";"0";"2";"0";"0";"0.0"
"Summary.java";"org.apache.nutch.searcher";"NO";"NO";"NO";"YES";"NO";"NO";"NO";"NO";"NO";"NO";"NO";"NO";"NO";"YES";"YES";"0";"0";"1";"0";"0";"0.0"
"FetchNodeDb.java";"org.apache.nutch.fetcher";"NO";"NO";"NO";"NO";"NO";"NO";"NO";"NO";"NO";"NO";"NO";"NO";"NO";"NO";"NO";"0";"0";"0";"0";"0";"0.0"
"ParseCallable.java";"org.apache.nutch.parse";"NO";"NO";"NO";"NO";"NO";"NO";"NO";"NO";"NO";"NO";"NO";"NO";"NO";"NO";"YES";"0";"0";"2";"0";"0";"0.0"
"NutchStatus.java";"org.apache.nutch.webui.client.model";"NO";"NO";"NO";"NO";"NO";"NO";"NO";"NO";"NO";"NO";"NO";"NO";"NO";"NO";"NO";"0";"0";"0";"0";"0";"0.0"
"DomainStatistics.java";"org.apache.nutch.util.domain";"NO";"NO";"NO";"NO";"NO";"NO";"NO";"NO";"NO";"NO";"NO";"NO";"NO";"NO";"YES";"0";"0";"6";"0";"0";"0.0"
"NutchClient.java";"org.apache.nutch.webui.client";"NO";"NO";"NO";"NO";"NO";"NO";"NO";"NO";"NO";"NO";"NO";"NO";"NO";"NO";"NO";"0";"0";"0";"0";"0";"0.0"
