"CLASS NAME";"PACKAGE";"CLASS DATA SHOULD BE PRIVATE";"COMPLEX CLASS";"FEATURE ENVY";"INAPPROPRIATE INTIMACY";"LARGE CLASS";"LAZY CLASS";"LONG METHODS";"LONG PARAMETER LIST";"MESSAGE CHAIN";"MIDDLE MAN";"REFUSED BEQUEST";"SPAGHETTI CODE";"SPECULATIVE GENERALITY";"SMELLY";"CHANGED";"#POSITIVE-COMMIT";"#NEGATIVE-COMMIT";"#NEUTRAL-COMMIT";"#NON-NEUTRAL-COMMIT";"#MIXED-COMMIT";"SCORE"
"LogOutputStream.java";"org.apache.tools.ant.taskdefs";"NO";"NO";"NO";"NO";"NO";"NO";"NO";"NO";"NO";"NO";"NO";"NO";"NO";"NO";"YES";"0";"0";"2";"0";"0";"0.0"
"PumpStreamHandler.java";"org.apache.tools.ant.taskdefs";"NO";"NO";"NO";"NO";"NO";"NO";"NO";"NO";"NO";"NO";"NO";"NO";"NO";"NO";"YES";"0";"0";"1";"0";"0";"0.0"
"AntClassLoader.java";"org.apache.tools.ant";"NO";"NO";"NO";"NO";"NO";"NO";"NO";"NO";"NO";"NO";"NO";"NO";"NO";"NO";"YES";"0";"1";"9";"1";"0";"0.1"
"Map.java";"org.apache.tools.ant";"NO";"NO";"NO";"NO";"NO";"NO";"NO";"NO";"NO";"NO";"NO";"NO";"NO";"NO";"NO";"0";"0";"0";"0";"0";"0.0"
"ExecuteJava.java";"org.apache.tools.ant.taskdefs";"NO";"NO";"NO";"NO";"NO";"NO";"NO";"NO";"NO";"NO";"NO";"NO";"NO";"NO";"YES";"0";"0";"5";"0";"0";"0.0"
"TarBuffer.java";"org.apache.tools.tar";"NO";"NO";"NO";"NO";"NO";"NO";"NO";"NO";"NO";"NO";"NO";"NO";"NO";"NO";"NO";"0";"0";"0";"0";"0";"0.0"
"JUnitTestRunner.java";"org.apache.tools.ant.taskdefs.optional.junit";"NO";"NO";"NO";"NO";"NO";"NO";"NO";"NO";"NO";"NO";"NO";"NO";"NO";"NO";"YES";"0";"0";"3";"0";"0";"0.0"
"Path.java";"org.apache.tools.ant.types";"NO";"NO";"NO";"NO";"NO";"NO";"NO";"NO";"NO";"NO";"NO";"NO";"NO";"NO";"YES";"1";"1";"7";"2";"0";"0.22222222"
"DDCreator.java";"org.apache.tools.ant.taskdefs.optional.ejb";"NO";"NO";"NO";"NO";"NO";"NO";"NO";"NO";"NO";"NO";"NO";"NO";"NO";"NO";"YES";"0";"0";"3";"0";"0";"0.0"
"XmlLogger.java";"org.apache.tools.ant";"NO";"NO";"NO";"NO";"NO";"NO";"NO";"NO";"NO";"NO";"NO";"NO";"NO";"NO";"YES";"0";"0";"2";"0";"0";"0.0"
"RenameExtensions.java";"org.apache.tools.ant.taskdefs.optional";"NO";"NO";"NO";"NO";"NO";"NO";"NO";"NO";"NO";"NO";"NO";"NO";"NO";"NO";"NO";"0";"0";"0";"0";"0";"0.0"
"TarUtils.java";"org.apache.tools.tar";"NO";"NO";"NO";"NO";"NO";"NO";"NO";"NO";"NO";"NO";"NO";"NO";"NO";"NO";"NO";"0";"0";"0";"0";"0";"0.0"
"GenerateKey.java";"org.apache.tools.ant.taskdefs";"NO";"NO";"NO";"NO";"NO";"NO";"NO";"NO";"NO";"NO";"NO";"NO";"NO";"NO";"YES";"0";"1";"1";"1";"0";"0.5"
"Java.java";"org.apache.tools.ant.taskdefs";"NO";"NO";"NO";"NO";"NO";"NO";"NO";"NO";"NO";"NO";"NO";"NO";"NO";"NO";"YES";"0";"0";"12";"0";"0";"0.0"
"Rename.java";"org.apache.tools.ant.taskdefs";"NO";"NO";"NO";"NO";"NO";"NO";"NO";"NO";"NO";"NO";"NO";"NO";"NO";"NO";"YES";"0";"1";"2";"1";"0";"0.33333334"
"Commandline.java";"org.apache.tools.ant.types";"NO";"NO";"NO";"NO";"NO";"NO";"NO";"NO";"NO";"NO";"NO";"NO";"NO";"NO";"YES";"0";"1";"11";"1";"0";"0.083333336"
"War.java";"org.apache.tools.ant.taskdefs";"NO";"NO";"NO";"NO";"NO";"NO";"NO";"NO";"NO";"NO";"NO";"NO";"NO";"NO";"YES";"0";"0";"2";"0";"0";"0.0"
"EjbJar.java";"org.apache.tools.ant.taskdefs.optional.ejb";"NO";"NO";"NO";"YES";"NO";"NO";"YES";"NO";"NO";"NO";"NO";"YES";"NO";"YES";"YES";"1";"0";"6";"1";"0";"0.14285715"
"PatternSet.java";"org.apache.tools.ant.types";"NO";"NO";"NO";"NO";"NO";"NO";"NO";"NO";"NO";"NO";"NO";"NO";"NO";"NO";"YES";"0";"0";"3";"0";"0";"0.0"
"Environment.java";"org.apache.tools.ant.types";"NO";"NO";"NO";"NO";"NO";"NO";"NO";"NO";"NO";"NO";"NO";"NO";"NO";"NO";"YES";"0";"0";"4";"0";"0";"0.0"
"UnknownElement.java";"org.apache.tools.ant";"NO";"NO";"NO";"NO";"NO";"NO";"NO";"NO";"NO";"NO";"NO";"NO";"NO";"NO";"YES";"0";"0";"6";"0";"0";"0.0"
"GZip.java";"org.apache.tools.ant.taskdefs";"NO";"NO";"NO";"NO";"NO";"NO";"NO";"NO";"NO";"NO";"NO";"NO";"NO";"NO";"YES";"0";"1";"0";"1";"0";"1.0"
"Get.java";"org.apache.tools.ant.taskdefs";"NO";"NO";"NO";"NO";"NO";"NO";"NO";"NO";"NO";"NO";"NO";"NO";"NO";"NO";"YES";"0";"1";"1";"1";"0";"0.5"
"FileScanner.java";"org.apache.tools.ant";"NO";"NO";"NO";"NO";"NO";"NO";"NO";"NO";"NO";"NO";"NO";"NO";"NO";"NO";"YES";"0";"0";"1";"0";"0";"0.0"
"ExecuteOn.java";"org.apache.tools.ant.taskdefs";"NO";"NO";"NO";"NO";"NO";"NO";"NO";"NO";"NO";"NO";"NO";"NO";"NO";"NO";"YES";"0";"0";"8";"0";"0";"0.0"
"InnerClassFilenameFilter.java";"org.apache.tools.ant.taskdefs.optional.ejb";"NO";"NO";"NO";"NO";"NO";"NO";"NO";"NO";"NO";"NO";"NO";"NO";"NO";"NO";"YES";"0";"0";"1";"0";"0";"0.0"
"CommandlineJava.java";"org.apache.tools.ant.types";"NO";"NO";"NO";"NO";"NO";"NO";"NO";"NO";"NO";"NO";"NO";"NO";"NO";"NO";"YES";"0";"0";"6";"0";"0";"0.0"
"MSVSS.java";"org.apache.tools.ant.taskdefs.optional.vss";"NO";"NO";"NO";"NO";"NO";"NO";"NO";"NO";"NO";"NO";"NO";"NO";"YES";"YES";"YES";"0";"0";"2";"0";"0";"0.0"
"DesirableFilter.java";"org.apache.tools.ant";"NO";"NO";"NO";"NO";"NO";"NO";"NO";"NO";"NO";"NO";"NO";"NO";"NO";"NO";"NO";"0";"0";"0";"0";"0";"0.0"
"Task.java";"org.apache.tools.ant";"NO";"NO";"NO";"NO";"NO";"NO";"NO";"NO";"NO";"NO";"NO";"NO";"NO";"NO";"YES";"0";"0";"2";"0";"0";"0.0"
"JavaCC.java";"org.apache.tools.ant.taskdefs.optional.javacc";"NO";"NO";"NO";"NO";"NO";"NO";"NO";"NO";"NO";"NO";"NO";"NO";"NO";"NO";"YES";"0";"0";"7";"0";"0";"0.0"
"GenericDeploymentTool.java";"org.apache.tools.ant.taskdefs.optional.ejb";"NO";"NO";"NO";"NO";"NO";"NO";"NO";"NO";"NO";"NO";"NO";"NO";"NO";"NO";"YES";"0";"0";"5";"0";"0";"0.0"
"WeblogicDeploymentTool.java";"org.apache.tools.ant.taskdefs.optional.ejb";"NO";"NO";"NO";"NO";"NO";"NO";"NO";"NO";"NO";"NO";"NO";"NO";"NO";"NO";"YES";"0";"0";"5";"0";"0";"0.0"
"Target.java";"org.apache.tools.ant";"NO";"NO";"NO";"NO";"NO";"NO";"NO";"NO";"NO";"NO";"NO";"NO";"NO";"NO";"YES";"0";"0";"4";"0";"0";"0.0"
"ProjectHelper.java";"org.apache.tools.ant";"NO";"NO";"NO";"NO";"NO";"NO";"NO";"NO";"NO";"NO";"NO";"NO";"NO";"NO";"YES";"0";"0";"15";"0";"0";"0.0"
"FixCRLF.java";"org.apache.tools.ant.taskdefs";"NO";"NO";"NO";"NO";"NO";"NO";"YES";"NO";"NO";"NO";"NO";"YES";"NO";"YES";"YES";"0";"0";"1";"0";"0";"0.0"
"WeblogicTOPLinkDeploymentTool.java";"org.apache.tools.ant.taskdefs.optional.ejb";"NO";"NO";"NO";"NO";"NO";"NO";"NO";"NO";"NO";"NO";"NO";"NO";"NO";"NO";"YES";"0";"0";"4";"0";"0";"0.0"
"SummaryJUnitResultFormatter.java";"org.apache.tools.ant.taskdefs.optional.junit";"NO";"NO";"NO";"NO";"NO";"NO";"NO";"NO";"NO";"NO";"NO";"NO";"NO";"NO";"YES";"0";"0";"4";"0";"0";"0.0"
"DirectoryScanner.java";"org.apache.tools.ant";"NO";"NO";"NO";"NO";"NO";"NO";"YES";"NO";"NO";"NO";"NO";"NO";"NO";"YES";"YES";"0";"0";"3";"0";"0";"0.0"
"BuildEvent.java";"org.apache.tools.ant";"NO";"NO";"NO";"NO";"NO";"NO";"NO";"NO";"NO";"NO";"NO";"NO";"NO";"NO";"NO";"0";"0";"0";"0";"0";"0.0"
"jlink.java";"org.apache.tools.ant.taskdefs.optional.jlink";"NO";"NO";"NO";"NO";"NO";"NO";"NO";"NO";"NO";"NO";"NO";"NO";"NO";"NO";"YES";"1";"0";"1";"1";"0";"0.5"
"PlainJUnitResultFormatter.java";"org.apache.tools.ant.taskdefs.optional.junit";"NO";"NO";"NO";"NO";"NO";"NO";"NO";"NO";"NO";"NO";"NO";"NO";"NO";"NO";"YES";"0";"0";"4";"0";"0";"0.0"
"LogStreamHandler.java";"org.apache.tools.ant.taskdefs";"NO";"NO";"NO";"NO";"NO";"NO";"NO";"NO";"NO";"NO";"NO";"NO";"NO";"NO";"YES";"0";"0";"1";"0";"0";"0.0"
"DescriptorHandler.java";"org.apache.tools.ant.taskdefs.optional.ejb";"NO";"NO";"NO";"NO";"NO";"NO";"NO";"NO";"NO";"NO";"NO";"NO";"NO";"NO";"YES";"0";"0";"1";"0";"0";"0.0"
"Mkdir.java";"org.apache.tools.ant.taskdefs";"NO";"NO";"NO";"NO";"NO";"NO";"NO";"NO";"NO";"NO";"NO";"NO";"NO";"NO";"YES";"0";"1";"0";"1";"0";"1.0"
"JUnitTask.java";"org.apache.tools.ant.taskdefs.optional.junit";"NO";"NO";"NO";"NO";"NO";"NO";"NO";"NO";"NO";"NO";"NO";"NO";"NO";"NO";"YES";"0";"0";"12";"0";"0";"0.0"
"TarInputStream.java";"org.apache.tools.tar";"NO";"NO";"NO";"NO";"NO";"NO";"NO";"NO";"NO";"NO";"NO";"NO";"NO";"NO";"NO";"0";"0";"0";"0";"0";"0.0"
"BuildListener.java";"org.apache.tools.ant";"NO";"NO";"NO";"NO";"NO";"NO";"NO";"NO";"NO";"NO";"NO";"NO";"NO";"NO";"NO";"0";"0";"0";"0";"0";"0.0"
"WLJspc.java";"org.apache.tools.ant.taskdefs.optional.jsp";"NO";"NO";"NO";"NO";"NO";"NO";"NO";"NO";"NO";"NO";"NO";"NO";"NO";"NO";"YES";"0";"0";"1";"0";"0";"0.0"
"Execute.java";"org.apache.tools.ant.taskdefs";"NO";"NO";"NO";"NO";"NO";"NO";"NO";"NO";"NO";"NO";"NO";"NO";"NO";"NO";"YES";"0";"0";"8";"0";"0";"0.0"
"Expand.java";"org.apache.tools.ant.taskdefs";"NO";"NO";"NO";"NO";"NO";"NO";"NO";"NO";"NO";"NO";"NO";"NO";"NO";"NO";"YES";"0";"1";"2";"1";"0";"0.33333334"
"Rmic.java";"org.apache.tools.ant.taskdefs";"NO";"NO";"NO";"NO";"NO";"NO";"NO";"NO";"NO";"NO";"NO";"NO";"NO";"NO";"YES";"0";"0";"5";"0";"0";"0.0"
"Javadoc.java";"org.apache.tools.ant.taskdefs";"NO";"NO";"NO";"NO";"NO";"NO";"NO";"NO";"NO";"NO";"NO";"YES";"NO";"YES";"YES";"0";"0";"16";"0";"0";"0.0"
"XSLTProcess.java";"org.apache.tools.ant.taskdefs";"NO";"NO";"NO";"NO";"NO";"NO";"NO";"NO";"NO";"NO";"NO";"NO";"NO";"NO";"YES";"0";"0";"3";"0";"0";"0.0"
"TaskOutputStream.java";"org.apache.tools.ant.taskdefs";"NO";"NO";"NO";"NO";"NO";"NO";"NO";"NO";"NO";"NO";"NO";"NO";"NO";"NO";"YES";"0";"0";"1";"0";"0";"0.0"
"DataType.java";"org.apache.tools.ant.types";"NO";"NO";"NO";"NO";"NO";"NO";"NO";"NO";"NO";"NO";"NO";"NO";"NO";"NO";"YES";"0";"0";"1";"0";"0";"0.0"
"PathTokenizer.java";"org.apache.tools.ant";"NO";"NO";"NO";"NO";"NO";"NO";"NO";"NO";"NO";"NO";"NO";"NO";"NO";"NO";"NO";"0";"0";"0";"0";"0";"0.0"
"UpToDate.java";"org.apache.tools.ant.taskdefs";"NO";"NO";"NO";"NO";"NO";"NO";"NO";"NO";"NO";"NO";"NO";"NO";"NO";"NO";"YES";"1";"0";"0";"1";"0";"1.0"
"XMLJUnitResultFormatter.java";"org.apache.tools.ant.taskdefs.optional.junit";"NO";"NO";"NO";"NO";"NO";"NO";"NO";"NO";"NO";"NO";"NO";"NO";"NO";"NO";"YES";"0";"0";"3";"0";"0";"0.0"
"Chmod.java";"org.apache.tools.ant.taskdefs";"NO";"NO";"NO";"NO";"NO";"NO";"NO";"NO";"NO";"NO";"NO";"NO";"NO";"NO";"YES";"0";"0";"5";"0";"0";"0.0"
"FormatterElement.java";"org.apache.tools.ant.taskdefs.optional.junit";"NO";"NO";"NO";"NO";"NO";"NO";"NO";"NO";"NO";"NO";"NO";"NO";"NO";"NO";"YES";"0";"0";"3";"0";"0";"0.0"
"Echo.java";"org.apache.tools.ant.taskdefs";"NO";"NO";"NO";"NO";"NO";"NO";"NO";"NO";"NO";"NO";"NO";"NO";"NO";"NO";"YES";"0";"0";"2";"0";"0";"0.0"
"Location.java";"org.apache.tools.ant";"NO";"NO";"NO";"NO";"NO";"NO";"NO";"NO";"NO";"NO";"NO";"NO";"NO";"NO";"NO";"0";"0";"0";"0";"0";"0.0"
"SignJar.java";"org.apache.tools.ant.taskdefs";"NO";"NO";"NO";"NO";"NO";"NO";"NO";"NO";"NO";"NO";"NO";"NO";"NO";"NO";"YES";"0";"0";"1";"0";"0";"0.0"
"EjbcHelper.java";"org.apache.tools.ant.taskdefs.optional.ejb";"NO";"NO";"NO";"NO";"NO";"NO";"NO";"NO";"NO";"NO";"NO";"NO";"NO";"NO";"YES";"1";"1";"1";"2";"0";"0.6666667"
"Patch.java";"org.apache.tools.ant.taskdefs";"NO";"NO";"NO";"NO";"NO";"NO";"NO";"NO";"NO";"NO";"NO";"NO";"NO";"NO";"YES";"0";"0";"3";"0";"0";"0.0"
"WLRun.java";"org.apache.tools.ant.taskdefs.optional.ejb";"NO";"NO";"NO";"NO";"NO";"NO";"NO";"NO";"NO";"NO";"NO";"NO";"NO";"NO";"YES";"0";"0";"4";"0";"0";"0.0"
"Deltree.java";"org.apache.tools.ant.taskdefs";"NO";"NO";"NO";"NO";"NO";"NO";"NO";"NO";"NO";"NO";"NO";"NO";"NO";"NO";"YES";"0";"1";"2";"1";"0";"0.33333334"
"Copy.java";"org.apache.tools.ant.taskdefs";"NO";"NO";"NO";"NO";"NO";"NO";"NO";"NO";"NO";"NO";"NO";"NO";"NO";"NO";"YES";"0";"1";"4";"1";"0";"0.2"
"Tar.java";"org.apache.tools.ant.taskdefs";"NO";"NO";"NO";"NO";"NO";"NO";"NO";"NO";"NO";"NO";"NO";"NO";"NO";"NO";"YES";"0";"1";"0";"1";"0";"1.0"
"AntStructure.java";"org.apache.tools.ant.taskdefs";"NO";"NO";"NO";"NO";"NO";"NO";"NO";"NO";"NO";"NO";"NO";"NO";"NO";"NO";"YES";"0";"0";"6";"0";"0";"0.0"
"TarEntry.java";"org.apache.tools.tar";"NO";"NO";"NO";"NO";"NO";"NO";"NO";"NO";"NO";"NO";"NO";"NO";"NO";"NO";"NO";"0";"0";"0";"0";"0";"0.0"
"Cab.java";"org.apache.tools.ant.taskdefs.optional";"NO";"NO";"NO";"NO";"NO";"NO";"NO";"NO";"NO";"NO";"NO";"NO";"NO";"NO";"YES";"0";"0";"4";"0";"0";"0.0"
"Copyfile.java";"org.apache.tools.ant.taskdefs";"NO";"NO";"NO";"NO";"NO";"NO";"NO";"NO";"NO";"NO";"NO";"NO";"NO";"NO";"YES";"1";"1";"3";"2";"0";"0.4"
"IntrospectionHelper.java";"org.apache.tools.ant";"NO";"NO";"NO";"NO";"NO";"NO";"YES";"NO";"NO";"NO";"NO";"NO";"NO";"YES";"YES";"0";"1";"4";"1";"0";"0.2"
"JUnitResultFormatter.java";"org.apache.tools.ant.taskdefs.optional.junit";"NO";"NO";"NO";"NO";"NO";"NO";"NO";"NO";"NO";"NO";"NO";"NO";"NO";"NO";"YES";"0";"0";"2";"0";"0";"0.0"
"XslpLiaison.java";"org.apache.tools.ant.taskdefs.optional";"NO";"NO";"NO";"NO";"NO";"NO";"NO";"NO";"NO";"NO";"NO";"NO";"NO";"NO";"NO";"0";"0";"0";"0";"0";"0.0"
"Touch.java";"org.apache.tools.ant.taskdefs";"NO";"NO";"NO";"NO";"NO";"NO";"NO";"NO";"NO";"NO";"NO";"NO";"NO";"NO";"YES";"0";"0";"1";"0";"0";"0.0"
"Untar.java";"org.apache.tools.ant.taskdefs";"NO";"NO";"NO";"NO";"NO";"NO";"NO";"NO";"NO";"NO";"NO";"NO";"NO";"NO";"YES";"0";"0";"1";"0";"0";"0.0"
"Ant.java";"org.apache.tools.ant.taskdefs";"NO";"NO";"NO";"NO";"NO";"NO";"NO";"NO";"NO";"NO";"NO";"NO";"NO";"NO";"YES";"1";"2";"6";"3";"0";"0.33333334"
"KeySubst.java";"org.apache.tools.ant.taskdefs";"NO";"NO";"NO";"NO";"NO";"NO";"NO";"NO";"NO";"NO";"NO";"NO";"NO";"NO";"YES";"0";"0";"1";"0";"0";"0.0"
"CallTarget.java";"org.apache.tools.ant.taskdefs";"NO";"NO";"NO";"NO";"NO";"NO";"NO";"NO";"NO";"NO";"NO";"NO";"NO";"NO";"YES";"1";"0";"4";"1";"0";"0.2"
"BaseTest.java";"org.apache.tools.ant.taskdefs.optional.junit";"NO";"NO";"NO";"NO";"NO";"NO";"NO";"NO";"NO";"NO";"NO";"NO";"NO";"NO";"YES";"0";"0";"3";"0";"0";"0.0"
"DefaultLogger.java";"org.apache.tools.ant";"NO";"NO";"NO";"NO";"NO";"NO";"NO";"NO";"NO";"NO";"NO";"NO";"NO";"NO";"YES";"0";"2";"3";"2";"0";"0.4"
"TarOutputStream.java";"org.apache.tools.tar";"NO";"NO";"NO";"NO";"NO";"NO";"NO";"NO";"NO";"NO";"NO";"NO";"NO";"NO";"NO";"0";"0";"0";"0";"0";"0.0"
"Jikes.java";"org.apache.tools.ant.taskdefs";"NO";"NO";"NO";"NO";"NO";"NO";"NO";"NO";"NO";"NO";"NO";"NO";"NO";"NO";"YES";"0";"1";"2";"1";"0";"0.33333334"
"Available.java";"org.apache.tools.ant.taskdefs";"NO";"NO";"NO";"NO";"NO";"NO";"NO";"NO";"NO";"NO";"NO";"NO";"NO";"NO";"YES";"0";"3";"5";"3";"0";"0.375"
"JavacOutputStream.java";"org.apache.tools.ant.taskdefs";"NO";"NO";"NO";"NO";"NO";"NO";"NO";"NO";"NO";"NO";"NO";"NO";"NO";"NO";"YES";"0";"0";"1";"0";"0";"0.0"
"Project.java";"org.apache.tools.ant";"NO";"NO";"NO";"YES";"NO";"NO";"NO";"NO";"NO";"NO";"NO";"NO";"NO";"YES";"YES";"0";"2";"11";"2";"0";"0.15384616"
"AntStarTeamCheckOut.java";"org.apache.tools.ant.taskdefs.optional.scm";"NO";"NO";"NO";"NO";"NO";"NO";"NO";"NO";"NO";"NO";"NO";"NO";"NO";"NO";"YES";"0";"0";"2";"0";"0";"0.0"
"MParse.java";"org.apache.tools.ant.taskdefs.optional.metamata";"NO";"NO";"NO";"NO";"NO";"NO";"NO";"NO";"NO";"NO";"NO";"NO";"NO";"NO";"YES";"0";"0";"5";"0";"0";"0.0"
"JJTree.java";"org.apache.tools.ant.taskdefs.optional.javacc";"NO";"NO";"NO";"NO";"NO";"NO";"NO";"NO";"NO";"NO";"NO";"NO";"NO";"NO";"YES";"0";"0";"1";"0";"0";"0.0"
"FTP.java";"org.apache.tools.ant.taskdefs.optional";"NO";"NO";"NO";"NO";"NO";"NO";"NO";"NO";"NO";"NO";"NO";"NO";"NO";"NO";"YES";"0";"0";"3";"0";"0";"0.0"
"Zip.java";"org.apache.tools.ant.taskdefs";"NO";"NO";"NO";"NO";"NO";"NO";"NO";"NO";"NO";"NO";"NO";"NO";"NO";"NO";"YES";"0";"0";"6";"0";"0";"0.0"
"Property.java";"org.apache.tools.ant.taskdefs";"NO";"NO";"NO";"NO";"NO";"NO";"NO";"NO";"NO";"NO";"NO";"NO";"NO";"NO";"YES";"0";"3";"8";"3";"0";"0.27272728"
"Cvs.java";"org.apache.tools.ant.taskdefs";"NO";"NO";"NO";"NO";"NO";"NO";"NO";"NO";"NO";"NO";"NO";"NO";"NO";"NO";"YES";"0";"0";"5";"0";"0";"0.0"
"Taskdef.java";"org.apache.tools.ant.taskdefs";"NO";"NO";"NO";"NO";"NO";"NO";"NO";"NO";"NO";"NO";"NO";"NO";"NO";"NO";"YES";"0";"0";"5";"0";"0";"0.0"
"ExecuteStreamHandler.java";"org.apache.tools.ant.taskdefs";"NO";"NO";"NO";"NO";"NO";"NO";"NO";"NO";"NO";"NO";"NO";"NO";"NO";"NO";"YES";"0";"0";"1";"0";"0";"0.0"
"Jar.java";"org.apache.tools.ant.taskdefs";"NO";"NO";"NO";"NO";"NO";"NO";"NO";"NO";"NO";"NO";"NO";"NO";"NO";"NO";"YES";"0";"0";"2";"0";"0";"0.0"
"BuildException.java";"org.apache.tools.ant";"NO";"NO";"NO";"NO";"NO";"NO";"NO";"NO";"NO";"NO";"NO";"NO";"NO";"NO";"YES";"0";"0";"1";"0";"0";"0.0"
"Exit.java";"org.apache.tools.ant.taskdefs";"NO";"NO";"NO";"NO";"NO";"NO";"NO";"NO";"NO";"NO";"NO";"NO";"NO";"NO";"YES";"0";"0";"1";"0";"0";"0.0"
"Filter.java";"org.apache.tools.ant.taskdefs";"NO";"NO";"NO";"NO";"NO";"NO";"NO";"NO";"NO";"NO";"NO";"NO";"NO";"NO";"YES";"0";"1";"4";"1";"0";"0.2"
"RuntimeConfigurable.java";"org.apache.tools.ant";"NO";"NO";"NO";"NO";"NO";"NO";"NO";"NO";"NO";"NO";"NO";"NO";"NO";"NO";"YES";"0";"0";"6";"0";"0";"0.0"
"ExecuteWatchdog.java";"org.apache.tools.ant.taskdefs";"NO";"NO";"NO";"NO";"NO";"NO";"NO";"NO";"NO";"NO";"NO";"NO";"NO";"NO";"YES";"0";"0";"1";"0";"0";"0.0"
"StreamPumper.java";"org.apache.tools.ant.taskdefs";"NO";"NO";"NO";"NO";"NO";"NO";"NO";"NO";"NO";"NO";"NO";"NO";"NO";"NO";"YES";"0";"0";"1";"0";"0";"0.0"
"JlinkTask.java";"org.apache.tools.ant.taskdefs.optional.jlink";"NO";"NO";"NO";"NO";"NO";"NO";"NO";"NO";"NO";"NO";"NO";"NO";"NO";"NO";"YES";"1";"0";"0";"1";"0";"1.0"
"EnumeratedAttribute.java";"org.apache.tools.ant.types";"NO";"NO";"NO";"NO";"NO";"NO";"NO";"NO";"NO";"NO";"NO";"NO";"NO";"NO";"YES";"0";"0";"1";"0";"0";"0.0"
"Delete.java";"org.apache.tools.ant.taskdefs";"NO";"NO";"NO";"NO";"NO";"NO";"NO";"NO";"NO";"NO";"NO";"NO";"NO";"NO";"YES";"0";"0";"3";"0";"0";"0.0"
"NetRexxC.java";"org.apache.tools.ant.taskdefs.optional";"NO";"NO";"NO";"NO";"NO";"NO";"NO";"NO";"NO";"NO";"NO";"NO";"NO";"NO";"YES";"0";"0";"1";"0";"0";"0.0"
"Javac.java";"org.apache.tools.ant.taskdefs";"NO";"NO";"NO";"NO";"NO";"NO";"YES";"NO";"NO";"NO";"NO";"YES";"NO";"YES";"YES";"0";"0";"31";"0";"0";"0.0"
"TaskAdapter.java";"org.apache.tools.ant";"NO";"NO";"NO";"NO";"NO";"NO";"NO";"NO";"NO";"NO";"NO";"NO";"NO";"NO";"NO";"0";"0";"0";"0";"0";"0.0"
"Script.java";"org.apache.tools.ant.taskdefs.optional";"NO";"NO";"NO";"NO";"NO";"NO";"NO";"NO";"NO";"NO";"NO";"NO";"NO";"NO";"YES";"0";"0";"1";"0";"0";"0.0"
"BatchTest.java";"org.apache.tools.ant.taskdefs.optional.junit";"NO";"NO";"NO";"NO";"NO";"NO";"NO";"NO";"NO";"NO";"NO";"NO";"NO";"NO";"YES";"0";"0";"3";"0";"0";"0.0"
"Reference.java";"org.apache.tools.ant.types";"NO";"NO";"NO";"NO";"NO";"NO";"NO";"NO";"NO";"NO";"NO";"NO";"NO";"NO";"YES";"0";"1";"2";"1";"0";"0.33333334"
"TarConstants.java";"org.apache.tools.tar";"YES";"NO";"NO";"NO";"NO";"NO";"NO";"NO";"NO";"NO";"NO";"NO";"NO";"YES";"NO";"0";"0";"0";"0";"0";"0.0"
"EJBDeploymentTool.java";"org.apache.tools.ant.taskdefs.optional.ejb";"NO";"NO";"NO";"NO";"NO";"NO";"NO";"NO";"NO";"NO";"NO";"NO";"NO";"NO";"YES";"0";"0";"4";"0";"0";"0.0"
"P4sync.java";"org.apache.tools.ant.taskdefs.optional.perforce";"NO";"NO";"NO";"NO";"NO";"NO";"NO";"NO";"NO";"NO";"NO";"NO";"NO";"NO";"YES";"0";"0";"2";"0";"0";"0.0"
"MSVSSGET.java";"org.apache.tools.ant.taskdefs.optional.vss";"NO";"NO";"NO";"NO";"NO";"NO";"NO";"NO";"NO";"NO";"NO";"NO";"NO";"NO";"YES";"0";"0";"1";"0";"0";"0.0"
"ClassNameReader.java";"org.apache.tools.ant.taskdefs.optional.jlink";"NO";"NO";"NO";"NO";"NO";"NO";"NO";"NO";"NO";"NO";"NO";"NO";"NO";"NO";"YES";"1";"0";"1";"1";"0";"0.5"
"XSLTLiaison.java";"org.apache.tools.ant.taskdefs";"NO";"NO";"NO";"NO";"NO";"NO";"NO";"NO";"NO";"NO";"NO";"NO";"NO";"NO";"NO";"0";"0";"0";"0";"0";"0.0"
"ExecTask.java";"org.apache.tools.ant.taskdefs";"NO";"NO";"NO";"NO";"NO";"NO";"NO";"NO";"NO";"NO";"NO";"NO";"NO";"NO";"YES";"0";"0";"7";"0";"0";"0.0"
"FileSet.java";"org.apache.tools.ant.types";"NO";"NO";"NO";"NO";"NO";"NO";"NO";"NO";"NO";"NO";"NO";"NO";"NO";"NO";"YES";"0";"0";"9";"0";"0";"0.0"
"CompileTask.java";"org.apache.tools.ant.taskdefs";"NO";"NO";"NO";"NO";"NO";"NO";"NO";"NO";"NO";"NO";"NO";"NO";"NO";"NO";"YES";"1";"0";"1";"1";"0";"0.5"
"Main.java";"org.apache.tools.ant";"NO";"NO";"NO";"NO";"NO";"NO";"NO";"NO";"NO";"NO";"NO";"NO";"NO";"NO";"YES";"0";"4";"6";"4";"0";"0.4"
"JUnitTest.java";"org.apache.tools.ant.taskdefs.optional.junit";"NO";"NO";"NO";"NO";"NO";"NO";"NO";"NO";"NO";"NO";"NO";"NO";"NO";"NO";"YES";"0";"0";"3";"0";"0";"0.0"
"Exec.java";"org.apache.tools.ant.taskdefs";"NO";"NO";"NO";"NO";"NO";"NO";"NO";"NO";"NO";"NO";"NO";"NO";"NO";"NO";"YES";"0";"0";"1";"0";"0";"0.0"
"SQLExec.java";"org.apache.tools.ant.taskdefs";"NO";"NO";"NO";"NO";"NO";"NO";"NO";"NO";"NO";"NO";"NO";"NO";"NO";"NO";"YES";"0";"1";"9";"1";"0";"0.1"
"Ejbc.java";"org.apache.tools.ant.taskdefs.optional.ejb";"NO";"NO";"NO";"NO";"NO";"NO";"NO";"NO";"NO";"NO";"NO";"NO";"NO";"NO";"YES";"0";"1";"4";"1";"0";"0.2"
"JikesOutputParser.java";"org.apache.tools.ant.taskdefs";"NO";"NO";"NO";"NO";"NO";"NO";"NO";"NO";"NO";"NO";"NO";"NO";"NO";"NO";"YES";"0";"0";"2";"0";"0";"0.0"
"WLStop.java";"org.apache.tools.ant.taskdefs.optional.ejb";"NO";"NO";"NO";"NO";"NO";"NO";"NO";"NO";"NO";"NO";"NO";"NO";"NO";"NO";"YES";"0";"0";"2";"0";"0";"0.0"
"Copydir.java";"org.apache.tools.ant.taskdefs";"NO";"NO";"NO";"NO";"NO";"NO";"NO";"NO";"NO";"NO";"NO";"NO";"NO";"NO";"YES";"1";"1";"4";"2";"0";"0.33333334"
"Replace.java";"org.apache.tools.ant.taskdefs";"NO";"NO";"NO";"NO";"NO";"NO";"NO";"NO";"NO";"NO";"NO";"NO";"NO";"NO";"YES";"1";"1";"1";"2";"0";"0.6666667"
"XalanLiaison.java";"org.apache.tools.ant.taskdefs.optional";"NO";"NO";"NO";"NO";"NO";"NO";"NO";"NO";"NO";"NO";"NO";"NO";"NO";"NO";"YES";"0";"0";"1";"0";"0";"0.0"
"DDCreatorHelper.java";"org.apache.tools.ant.taskdefs.optional.ejb";"NO";"NO";"NO";"NO";"NO";"NO";"NO";"NO";"NO";"NO";"NO";"NO";"NO";"NO";"NO";"0";"0";"0";"0";"0";"0.0"
"SendEmail.java";"org.apache.tools.ant.taskdefs";"NO";"NO";"NO";"NO";"NO";"NO";"NO";"NO";"NO";"NO";"NO";"NO";"NO";"NO";"YES";"0";"0";"2";"0";"0";"0.0"
"Native2Ascii.java";"org.apache.tools.ant.taskdefs.optional";"NO";"NO";"NO";"NO";"NO";"NO";"NO";"NO";"NO";"NO";"NO";"NO";"NO";"NO";"YES";"0";"0";"1";"0";"0";"0.0"
"MatchingTask.java";"org.apache.tools.ant.taskdefs";"NO";"NO";"NO";"NO";"NO";"NO";"NO";"NO";"NO";"NO";"NO";"NO";"NO";"NO";"YES";"0";"0";"4";"0";"0";"0.0"
"Tstamp.java";"org.apache.tools.ant.taskdefs";"NO";"NO";"NO";"NO";"NO";"NO";"NO";"NO";"NO";"NO";"NO";"NO";"NO";"NO";"YES";"0";"0";"1";"0";"0";"0.0"
"Move.java";"org.apache.tools.ant.taskdefs";"NO";"NO";"NO";"NO";"NO";"NO";"NO";"NO";"NO";"NO";"NO";"NO";"NO";"NO";"YES";"1";"1";"5";"2";"0";"0.2857143"
"GUnzip.java";"org.apache.tools.ant.taskdefs";"NO";"NO";"NO";"NO";"NO";"NO";"NO";"NO";"NO";"NO";"NO";"NO";"NO";"NO";"NO";"0";"0";"0";"0";"0";"0.0"
"MailMessage.java";"org.apache.tools.mail";"NO";"NO";"NO";"NO";"NO";"NO";"NO";"NO";"NO";"NO";"NO";"NO";"NO";"NO";"YES";"1";"0";"0";"1";"0";"1.0"
"BuildLogger.java";"org.apache.tools.ant";"NO";"NO";"NO";"NO";"NO";"NO";"NO";"NO";"NO";"NO";"NO";"NO";"NO";"NO";"YES";"0";"1";"1";"1";"0";"0.5"
