"CLASS NAME";"PACKAGE";"CLASS DATA SHOULD BE PRIVATE";"COMPLEX CLASS";"FEATURE ENVY";"INAPPROPRIATE INTIMACY";"LARGE CLASS";"LAZY CLASS";"LONG METHODS";"LONG PARAMETER LIST";"MESSAGE CHAIN";"MIDDLE MAN";"REFUSED BEQUEST";"SPAGHETTI CODE";"SPECULATIVE GENERALITY";"SMELLY";"CHANGED";"#POSITIVE-COMMIT";"#NEGATIVE-COMMIT";"#NEUTRAL-COMMIT";"#NON-NEUTRAL-COMMIT";"#MIXED-COMMIT";"SCORE"
"IContract.java";"org.apache.tools.ant.taskdefs.optional";"NO";"NO";"NO";"NO";"NO";"NO";"YES";"NO";"NO";"NO";"NO";"YES";"NO";"YES";"YES";"0";"1";"6";"1";"0";"0.14285715"
"LogOutputStream.java";"org.apache.tools.ant.taskdefs";"NO";"NO";"NO";"NO";"NO";"NO";"NO";"NO";"NO";"NO";"NO";"NO";"NO";"NO";"YES";"0";"1";"3";"1";"0";"0.25"
"Jikes.java";"org.apache.tools.ant.taskdefs.compilers";"NO";"NO";"NO";"NO";"NO";"NO";"YES";"NO";"NO";"NO";"NO";"NO";"NO";"YES";"YES";"0";"2";"11";"2";"0";"0.15384616"
"PumpStreamHandler.java";"org.apache.tools.ant.taskdefs";"NO";"NO";"NO";"NO";"NO";"NO";"NO";"NO";"NO";"NO";"NO";"NO";"NO";"NO";"YES";"0";"0";"3";"0";"0";"0.0"
"AntClassLoader.java";"org.apache.tools.ant";"NO";"NO";"NO";"NO";"NO";"NO";"NO";"NO";"NO";"NO";"NO";"NO";"NO";"NO";"YES";"2";"3";"18";"3";"2";"0.14285715"
"Map.java";"org.apache.tools.ant";"NO";"NO";"NO";"NO";"NO";"NO";"NO";"NO";"NO";"NO";"NO";"NO";"NO";"NO";"NO";"0";"0";"0";"0";"0";"0.0"
"ExecuteJava.java";"org.apache.tools.ant.taskdefs";"NO";"NO";"NO";"NO";"NO";"NO";"NO";"NO";"NO";"NO";"NO";"NO";"NO";"NO";"YES";"1";"2";"9";"3";"0";"0.25"
"TarBuffer.java";"org.apache.tools.tar";"NO";"NO";"NO";"NO";"NO";"NO";"NO";"NO";"NO";"NO";"NO";"NO";"NO";"NO";"YES";"0";"1";"3";"1";"0";"0.25"
"JUnitTestRunner.java";"org.apache.tools.ant.taskdefs.optional.junit";"NO";"NO";"NO";"NO";"NO";"NO";"NO";"NO";"NO";"NO";"NO";"NO";"NO";"NO";"YES";"0";"3";"9";"3";"0";"0.25"
"Path.java";"org.apache.tools.ant.types";"NO";"NO";"NO";"NO";"NO";"NO";"NO";"NO";"NO";"NO";"NO";"NO";"NO";"NO";"YES";"1";"4";"15";"4";"1";"0.21052632"
"DDCreator.java";"org.apache.tools.ant.taskdefs.optional.ejb";"NO";"NO";"NO";"NO";"NO";"NO";"NO";"NO";"NO";"NO";"NO";"NO";"NO";"NO";"YES";"1";"2";"5";"2";"1";"0.2857143"
"XmlLogger.java";"org.apache.tools.ant";"NO";"NO";"NO";"NO";"NO";"NO";"NO";"NO";"NO";"NO";"NO";"NO";"NO";"NO";"YES";"2";"5";"18";"5";"2";"0.2173913"
"RenameExtensions.java";"org.apache.tools.ant.taskdefs.optional";"NO";"NO";"NO";"NO";"NO";"NO";"NO";"NO";"NO";"NO";"NO";"NO";"NO";"NO";"YES";"0";"1";"7";"1";"0";"0.125"
"TarUtils.java";"org.apache.tools.tar";"NO";"NO";"NO";"NO";"NO";"NO";"NO";"NO";"NO";"NO";"NO";"NO";"NO";"NO";"YES";"0";"0";"1";"0";"0";"0.0"
"GenerateKey.java";"org.apache.tools.ant.taskdefs";"NO";"NO";"YES";"NO";"NO";"NO";"NO";"NO";"NO";"NO";"NO";"YES";"NO";"YES";"YES";"2";"2";"9";"4";"0";"0.30769232"
"Java.java";"org.apache.tools.ant.taskdefs";"NO";"NO";"NO";"NO";"NO";"NO";"NO";"NO";"NO";"NO";"NO";"NO";"NO";"NO";"YES";"2";"1";"14";"3";"0";"0.1764706"
"Rename.java";"org.apache.tools.ant.taskdefs";"NO";"NO";"NO";"NO";"NO";"NO";"NO";"NO";"NO";"NO";"NO";"NO";"NO";"NO";"YES";"0";"0";"4";"0";"0";"0.0"
"Commandline.java";"org.apache.tools.ant.types";"NO";"NO";"NO";"YES";"NO";"NO";"NO";"NO";"NO";"NO";"NO";"NO";"NO";"YES";"YES";"0";"1";"6";"1";"0";"0.14285715"
"War.java";"org.apache.tools.ant.taskdefs";"NO";"NO";"NO";"NO";"NO";"NO";"NO";"NO";"NO";"NO";"NO";"NO";"NO";"NO";"YES";"3";"2";"8";"5";"0";"0.3846154"
"EjbJar.java";"org.apache.tools.ant.taskdefs.optional.ejb";"NO";"NO";"NO";"NO";"NO";"NO";"NO";"NO";"NO";"NO";"NO";"NO";"NO";"NO";"YES";"1";"2";"12";"2";"1";"0.14285715"
"PatternSet.java";"org.apache.tools.ant.types";"NO";"NO";"NO";"NO";"NO";"NO";"NO";"NO";"NO";"NO";"NO";"NO";"NO";"NO";"YES";"0";"2";"12";"2";"0";"0.14285715"
"Environment.java";"org.apache.tools.ant.types";"NO";"NO";"NO";"NO";"NO";"NO";"NO";"NO";"NO";"NO";"NO";"NO";"NO";"NO";"YES";"0";"0";"1";"0";"0";"0.0"
"UnknownElement.java";"org.apache.tools.ant";"NO";"NO";"NO";"NO";"NO";"NO";"NO";"NO";"NO";"NO";"NO";"NO";"NO";"NO";"YES";"1";"3";"16";"4";"0";"0.2"
"GZip.java";"org.apache.tools.ant.taskdefs";"NO";"NO";"NO";"NO";"NO";"NO";"NO";"NO";"NO";"NO";"NO";"NO";"NO";"NO";"YES";"4";"3";"6";"6";"1";"0.5"
"Get.java";"org.apache.tools.ant.taskdefs";"NO";"NO";"NO";"NO";"NO";"NO";"NO";"NO";"NO";"NO";"NO";"YES";"NO";"YES";"YES";"3";"4";"12";"6";"1";"0.33333334"
"FTP.java";"org.apache.tools.ant.taskdefs.optional.net";"NO";"NO";"NO";"NO";"NO";"NO";"NO";"NO";"NO";"NO";"NO";"YES";"NO";"YES";"YES";"1";"2";"13";"3";"0";"0.1875"
"FileScanner.java";"org.apache.tools.ant";"NO";"NO";"NO";"NO";"NO";"NO";"NO";"NO";"NO";"NO";"NO";"NO";"NO";"NO";"YES";"0";"1";"6";"1";"0";"0.14285715"
"ExecuteOn.java";"org.apache.tools.ant.taskdefs";"NO";"NO";"NO";"NO";"NO";"NO";"NO";"NO";"NO";"NO";"NO";"NO";"NO";"NO";"YES";"3";"1";"14";"4";"0";"0.22222222"
"InnerClassFilenameFilter.java";"org.apache.tools.ant.taskdefs.optional.ejb";"NO";"NO";"NO";"NO";"NO";"NO";"NO";"NO";"NO";"NO";"NO";"NO";"NO";"NO";"YES";"0";"1";"2";"1";"0";"0.33333334"
"CommandlineJava.java";"org.apache.tools.ant.types";"NO";"NO";"NO";"NO";"NO";"NO";"NO";"NO";"NO";"NO";"NO";"NO";"NO";"NO";"YES";"0";"2";"18";"2";"0";"0.1"
"MSVSS.java";"org.apache.tools.ant.taskdefs.optional.vss";"NO";"NO";"NO";"NO";"NO";"NO";"NO";"NO";"NO";"NO";"NO";"NO";"NO";"NO";"YES";"0";"1";"9";"1";"0";"0.1"
"BorlandDeploymentTool.java";"org.apache.tools.ant.taskdefs.optional.ejb";"NO";"NO";"NO";"YES";"NO";"NO";"NO";"NO";"NO";"NO";"NO";"NO";"NO";"YES";"YES";"0";"1";"10";"1";"0";"0.09090909"
"DesirableFilter.java";"org.apache.tools.ant";"NO";"NO";"NO";"NO";"NO";"NO";"NO";"NO";"NO";"NO";"NO";"NO";"NO";"NO";"YES";"0";"1";"1";"1";"0";"0.5"
"Task.java";"org.apache.tools.ant";"NO";"NO";"NO";"NO";"NO";"NO";"NO";"NO";"NO";"NO";"NO";"NO";"NO";"NO";"YES";"0";"0";"6";"0";"0";"0.0"
"JavaCC.java";"org.apache.tools.ant.taskdefs.optional.javacc";"NO";"NO";"NO";"NO";"NO";"NO";"NO";"NO";"NO";"NO";"NO";"NO";"NO";"NO";"YES";"0";"1";"8";"1";"0";"0.11111111"
"WeblogicDeploymentTool.java";"org.apache.tools.ant.taskdefs.optional.ejb";"NO";"NO";"YES";"NO";"NO";"NO";"YES";"NO";"NO";"NO";"YES";"NO";"NO";"YES";"YES";"0";"2";"9";"2";"0";"0.18181819"
"GenericDeploymentTool.java";"org.apache.tools.ant.taskdefs.optional.ejb";"NO";"NO";"NO";"NO";"NO";"NO";"NO";"NO";"NO";"NO";"YES";"NO";"NO";"YES";"YES";"0";"2";"13";"2";"0";"0.13333334"
"Target.java";"org.apache.tools.ant";"NO";"NO";"NO";"YES";"NO";"NO";"NO";"NO";"NO";"NO";"NO";"NO";"NO";"YES";"YES";"0";"1";"11";"1";"0";"0.083333336"
"ProjectHelper.java";"org.apache.tools.ant";"NO";"NO";"NO";"NO";"NO";"NO";"NO";"NO";"NO";"NO";"NO";"NO";"NO";"NO";"YES";"0";"3";"25";"3";"0";"0.10714286"
"FixCRLF.java";"org.apache.tools.ant.taskdefs";"NO";"NO";"NO";"NO";"NO";"NO";"YES";"NO";"NO";"NO";"NO";"NO";"NO";"YES";"YES";"2";"1";"17";"3";"0";"0.15"
"WeblogicTOPLinkDeploymentTool.java";"org.apache.tools.ant.taskdefs.optional.ejb";"NO";"NO";"NO";"NO";"NO";"NO";"NO";"NO";"NO";"NO";"NO";"NO";"NO";"NO";"YES";"0";"1";"5";"1";"0";"0.16666667"
"SummaryJUnitResultFormatter.java";"org.apache.tools.ant.taskdefs.optional.junit";"NO";"NO";"NO";"NO";"NO";"NO";"NO";"NO";"NO";"NO";"NO";"NO";"NO";"NO";"YES";"0";"0";"2";"0";"0";"0.0"
"DirectoryScanner.java";"org.apache.tools.ant";"NO";"NO";"NO";"NO";"NO";"NO";"YES";"NO";"NO";"NO";"NO";"NO";"NO";"YES";"YES";"1";"1";"10";"2";"0";"0.16666667"
"BuildEvent.java";"org.apache.tools.ant";"NO";"NO";"NO";"NO";"NO";"NO";"NO";"NO";"NO";"NO";"NO";"NO";"NO";"NO";"YES";"0";"0";"3";"0";"0";"0.0"
"jlink.java";"org.apache.tools.ant.taskdefs.optional.jlink";"NO";"NO";"NO";"NO";"NO";"NO";"NO";"NO";"NO";"NO";"NO";"NO";"NO";"NO";"YES";"0";"1";"1";"1";"0";"0.5"
"PlainJUnitResultFormatter.java";"org.apache.tools.ant.taskdefs.optional.junit";"NO";"NO";"NO";"NO";"NO";"NO";"NO";"NO";"NO";"NO";"NO";"NO";"NO";"NO";"YES";"0";"2";"6";"2";"0";"0.25"
"LogStreamHandler.java";"org.apache.tools.ant.taskdefs";"NO";"NO";"NO";"NO";"NO";"NO";"NO";"NO";"NO";"NO";"NO";"NO";"NO";"NO";"YES";"0";"1";"1";"1";"0";"0.5"
"DescriptorHandler.java";"org.apache.tools.ant.taskdefs.optional.ejb";"NO";"NO";"NO";"NO";"NO";"NO";"NO";"NO";"NO";"NO";"NO";"NO";"NO";"NO";"YES";"0";"3";"10";"3";"0";"0.23076923"
"DependSet.java";"org.apache.tools.ant.taskdefs";"NO";"NO";"NO";"NO";"NO";"NO";"YES";"NO";"NO";"NO";"NO";"YES";"NO";"YES";"YES";"2";"1";"13";"3";"0";"0.1875"
"Mkdir.java";"org.apache.tools.ant.taskdefs";"NO";"NO";"NO";"NO";"NO";"NO";"NO";"NO";"NO";"NO";"NO";"NO";"NO";"NO";"YES";"4";"2";"6";"5";"1";"0.45454547"
"Coverage.java";"org.apache.tools.ant.taskdefs.optional.sitraka";"NO";"NO";"NO";"YES";"NO";"NO";"NO";"NO";"NO";"NO";"NO";"NO";"NO";"YES";"YES";"2";"1";"7";"3";"0";"0.3"
"JUnitTask.java";"org.apache.tools.ant.taskdefs.optional.junit";"NO";"NO";"NO";"NO";"NO";"NO";"NO";"NO";"NO";"NO";"NO";"NO";"NO";"NO";"YES";"0";"5";"15";"5";"0";"0.25"
"TarInputStream.java";"org.apache.tools.tar";"NO";"NO";"NO";"NO";"NO";"NO";"NO";"NO";"NO";"NO";"NO";"YES";"NO";"YES";"YES";"0";"1";"3";"1";"0";"0.25"
"BuildListener.java";"org.apache.tools.ant";"NO";"NO";"NO";"NO";"NO";"NO";"NO";"NO";"NO";"NO";"NO";"NO";"NO";"NO";"YES";"0";"0";"4";"0";"0";"0.0"
"WLJspc.java";"org.apache.tools.ant.taskdefs.optional.jsp";"NO";"NO";"NO";"NO";"NO";"NO";"NO";"NO";"NO";"NO";"NO";"NO";"NO";"NO";"YES";"0";"0";"7";"0";"0";"0.0"
"Execute.java";"org.apache.tools.ant.taskdefs";"NO";"NO";"NO";"NO";"NO";"NO";"NO";"NO";"NO";"NO";"NO";"NO";"NO";"NO";"YES";"0";"3";"20";"3";"0";"0.13043478"
"Expand.java";"org.apache.tools.ant.taskdefs";"NO";"NO";"NO";"NO";"NO";"NO";"NO";"NO";"NO";"NO";"NO";"NO";"NO";"NO";"YES";"3";"3";"11";"5";"1";"0.3125"
"Rmic.java";"org.apache.tools.ant.taskdefs";"NO";"NO";"NO";"NO";"NO";"NO";"NO";"NO";"NO";"NO";"NO";"NO";"NO";"NO";"YES";"2";"2";"8";"4";"0";"0.33333334"
"Javadoc.java";"org.apache.tools.ant.taskdefs";"NO";"NO";"NO";"YES";"NO";"NO";"NO";"NO";"NO";"NO";"NO";"YES";"NO";"YES";"YES";"2";"3";"36";"5";"0";"0.12195122"
"XSLTProcess.java";"org.apache.tools.ant.taskdefs";"NO";"NO";"NO";"NO";"NO";"NO";"NO";"NO";"NO";"NO";"NO";"NO";"NO";"NO";"YES";"3";"4";"15";"7";"0";"0.3181818"
"TaskOutputStream.java";"org.apache.tools.ant.taskdefs";"NO";"NO";"NO";"NO";"NO";"NO";"NO";"NO";"NO";"NO";"NO";"NO";"NO";"NO";"YES";"0";"2";"3";"2";"0";"0.4"
"DataType.java";"org.apache.tools.ant.types";"NO";"NO";"NO";"NO";"NO";"NO";"NO";"NO";"NO";"NO";"NO";"NO";"NO";"NO";"YES";"0";"0";"2";"0";"0";"0.0"
"PathTokenizer.java";"org.apache.tools.ant";"NO";"NO";"NO";"NO";"NO";"NO";"NO";"NO";"NO";"NO";"NO";"NO";"NO";"NO";"YES";"1";"2";"7";"2";"1";"0.22222222"
"UpToDate.java";"org.apache.tools.ant.taskdefs";"NO";"NO";"NO";"NO";"NO";"NO";"NO";"NO";"NO";"NO";"NO";"NO";"NO";"NO";"YES";"2";"3";"8";"5";"0";"0.3846154"
"XMLJUnitResultFormatter.java";"org.apache.tools.ant.taskdefs.optional.junit";"NO";"NO";"NO";"NO";"NO";"NO";"NO";"NO";"NO";"NO";"NO";"NO";"NO";"NO";"YES";"0";"3";"9";"3";"0";"0.25"
"Chmod.java";"org.apache.tools.ant.taskdefs";"NO";"NO";"NO";"NO";"NO";"NO";"NO";"NO";"NO";"NO";"NO";"NO";"NO";"NO";"YES";"2";"1";"10";"3";"0";"0.23076923"
"FormatterElement.java";"org.apache.tools.ant.taskdefs.optional.junit";"NO";"NO";"NO";"NO";"NO";"NO";"NO";"NO";"NO";"NO";"NO";"NO";"NO";"NO";"YES";"0";"0";"2";"0";"0";"0.0"
"Echo.java";"org.apache.tools.ant.taskdefs";"NO";"NO";"NO";"NO";"NO";"NO";"NO";"NO";"NO";"NO";"NO";"NO";"NO";"NO";"YES";"2";"1";"11";"3";"0";"0.21428572"
"Location.java";"org.apache.tools.ant";"NO";"NO";"NO";"NO";"NO";"NO";"NO";"NO";"NO";"NO";"NO";"NO";"NO";"NO";"YES";"0";"1";"3";"1";"0";"0.25"
"SignJar.java";"org.apache.tools.ant.taskdefs";"NO";"NO";"NO";"NO";"NO";"NO";"NO";"NO";"NO";"NO";"NO";"NO";"NO";"NO";"YES";"3";"3";"9";"5";"1";"0.35714287"
"EjbcHelper.java";"org.apache.tools.ant.taskdefs.optional.ejb";"NO";"NO";"NO";"NO";"NO";"NO";"NO";"NO";"NO";"NO";"NO";"NO";"NO";"NO";"YES";"1";"2";"5";"2";"1";"0.2857143"
"Patch.java";"org.apache.tools.ant.taskdefs";"NO";"NO";"NO";"NO";"NO";"NO";"NO";"NO";"NO";"NO";"NO";"NO";"NO";"NO";"YES";"3";"2";"4";"4";"1";"0.5"
"WLRun.java";"org.apache.tools.ant.taskdefs.optional.ejb";"NO";"NO";"NO";"NO";"NO";"NO";"NO";"NO";"NO";"NO";"NO";"NO";"NO";"NO";"YES";"1";"2";"9";"2";"1";"0.18181819"
"Deltree.java";"org.apache.tools.ant.taskdefs";"NO";"NO";"NO";"NO";"NO";"NO";"NO";"NO";"NO";"NO";"NO";"NO";"NO";"NO";"YES";"0";"1";"4";"1";"0";"0.2"
"Copy.java";"org.apache.tools.ant.taskdefs";"NO";"NO";"NO";"NO";"NO";"NO";"NO";"NO";"NO";"NO";"NO";"NO";"NO";"NO";"YES";"2";"4";"19";"6";"0";"0.24"
"Tar.java";"org.apache.tools.ant.taskdefs";"NO";"NO";"NO";"NO";"NO";"NO";"NO";"NO";"NO";"NO";"NO";"NO";"NO";"NO";"YES";"2";"3";"11";"5";"0";"0.3125"
"DefaultCompilerAdapter.java";"org.apache.tools.ant.taskdefs.compilers";"NO";"NO";"YES";"NO";"NO";"NO";"NO";"NO";"NO";"NO";"NO";"NO";"NO";"YES";"YES";"0";"2";"22";"2";"0";"0.083333336"
"AntStructure.java";"org.apache.tools.ant.taskdefs";"NO";"NO";"YES";"NO";"NO";"NO";"YES";"NO";"NO";"NO";"NO";"NO";"NO";"YES";"YES";"2";"2";"9";"4";"0";"0.30769232"
"TarEntry.java";"org.apache.tools.tar";"NO";"NO";"NO";"NO";"NO";"NO";"NO";"NO";"NO";"NO";"NO";"NO";"NO";"NO";"YES";"0";"1";"5";"1";"0";"0.16666667"
"Cab.java";"org.apache.tools.ant.taskdefs.optional";"NO";"NO";"NO";"NO";"NO";"NO";"NO";"NO";"NO";"NO";"NO";"NO";"NO";"NO";"YES";"0";"4";"10";"4";"0";"0.2857143"
"Copyfile.java";"org.apache.tools.ant.taskdefs";"NO";"NO";"NO";"NO";"NO";"NO";"NO";"NO";"NO";"NO";"NO";"NO";"NO";"NO";"YES";"0";"1";"2";"1";"0";"0.33333334"
"IntrospectionHelper.java";"org.apache.tools.ant";"NO";"NO";"NO";"NO";"NO";"NO";"YES";"NO";"NO";"NO";"NO";"NO";"NO";"YES";"YES";"1";"1";"19";"2";"0";"0.0952381"
"JUnitResultFormatter.java";"org.apache.tools.ant.taskdefs.optional.junit";"NO";"NO";"NO";"NO";"NO";"NO";"NO";"NO";"NO";"NO";"NO";"NO";"NO";"NO";"YES";"0";"0";"3";"0";"0";"0.0"
"XslpLiaison.java";"org.apache.tools.ant.taskdefs.optional";"NO";"NO";"NO";"NO";"NO";"NO";"NO";"NO";"NO";"NO";"NO";"NO";"NO";"NO";"YES";"0";"2";"8";"2";"0";"0.2"
"Touch.java";"org.apache.tools.ant.taskdefs";"NO";"NO";"NO";"NO";"NO";"NO";"NO";"NO";"NO";"NO";"NO";"NO";"NO";"NO";"YES";"3";"2";"11";"4";"1";"0.26666668"
"Untar.java";"org.apache.tools.ant.taskdefs";"NO";"NO";"NO";"NO";"NO";"NO";"NO";"NO";"NO";"NO";"NO";"NO";"NO";"NO";"YES";"3";"2";"10";"4";"1";"0.2857143"
"Ant.java";"org.apache.tools.ant.taskdefs";"NO";"NO";"NO";"NO";"NO";"NO";"NO";"NO";"NO";"NO";"NO";"NO";"NO";"NO";"YES";"3";"3";"28";"5";"1";"0.15151516"
"CSharp.java";"org.apache.tools.ant.taskdefs.optional.dotnet";"NO";"NO";"YES";"NO";"NO";"NO";"NO";"NO";"NO";"NO";"NO";"NO";"NO";"YES";"YES";"2";"4";"11";"6";"0";"0.3529412"
"Pvcs.java";"org.apache.tools.ant.taskdefs.optional.pvcs";"NO";"NO";"NO";"NO";"NO";"NO";"NO";"NO";"NO";"NO";"NO";"YES";"NO";"YES";"YES";"0";"2";"11";"2";"0";"0.15384616"
"KeySubst.java";"org.apache.tools.ant.taskdefs";"NO";"NO";"NO";"NO";"NO";"NO";"NO";"NO";"NO";"NO";"NO";"NO";"NO";"NO";"YES";"0";"1";"8";"1";"0";"0.11111111"
"CallTarget.java";"org.apache.tools.ant.taskdefs";"NO";"NO";"NO";"NO";"NO";"NO";"NO";"NO";"NO";"NO";"NO";"NO";"NO";"NO";"YES";"3";"2";"9";"4";"1";"0.30769232"
"BaseTest.java";"org.apache.tools.ant.taskdefs.optional.junit";"NO";"NO";"NO";"NO";"NO";"NO";"NO";"NO";"NO";"NO";"NO";"NO";"NO";"NO";"YES";"0";"1";"3";"1";"0";"0.25"
"DefaultLogger.java";"org.apache.tools.ant";"NO";"NO";"NO";"NO";"NO";"NO";"NO";"NO";"NO";"NO";"NO";"NO";"NO";"NO";"YES";"2";"4";"18";"5";"1";"0.2173913"
"TarOutputStream.java";"org.apache.tools.tar";"NO";"NO";"NO";"NO";"NO";"NO";"NO";"NO";"NO";"NO";"NO";"NO";"NO";"NO";"YES";"0";"1";"4";"1";"0";"0.2"
"Jikes.java";"org.apache.tools.ant.taskdefs";"NO";"NO";"NO";"NO";"NO";"NO";"NO";"NO";"NO";"NO";"NO";"NO";"NO";"NO";"YES";"0";"2";"2";"2";"0";"0.5"
"Available.java";"org.apache.tools.ant.taskdefs";"NO";"NO";"NO";"NO";"NO";"NO";"NO";"NO";"YES";"NO";"NO";"NO";"NO";"YES";"YES";"4";"2";"16";"5";"1";"0.23809524"
"JavacOutputStream.java";"org.apache.tools.ant.taskdefs";"NO";"NO";"NO";"NO";"NO";"NO";"NO";"NO";"NO";"NO";"NO";"NO";"NO";"NO";"YES";"0";"1";"1";"1";"0";"0.5"
"Project.java";"org.apache.tools.ant";"NO";"NO";"NO";"YES";"NO";"NO";"NO";"NO";"NO";"NO";"NO";"NO";"NO";"YES";"YES";"1";"7";"28";"8";"0";"0.22222222"
"AntStarTeamCheckOut.java";"org.apache.tools.ant.taskdefs.optional.scm";"NO";"NO";"NO";"NO";"YES";"NO";"YES";"NO";"NO";"NO";"NO";"NO";"NO";"YES";"YES";"1";"2";"10";"3";"0";"0.23076923"
"P4Counter.java";"org.apache.tools.ant.taskdefs.optional.perforce";"YES";"NO";"NO";"NO";"NO";"NO";"NO";"NO";"NO";"NO";"NO";"NO";"NO";"YES";"YES";"0";"1";"4";"1";"0";"0.2"
"MParse.java";"org.apache.tools.ant.taskdefs.optional.metamata";"NO";"NO";"NO";"NO";"NO";"NO";"NO";"NO";"NO";"NO";"NO";"NO";"NO";"NO";"YES";"0";"1";"7";"1";"0";"0.125"
"JJTree.java";"org.apache.tools.ant.taskdefs.optional.javacc";"NO";"NO";"NO";"NO";"NO";"NO";"NO";"NO";"NO";"NO";"NO";"NO";"NO";"NO";"YES";"0";"1";"9";"1";"0";"0.1"
"Zip.java";"org.apache.tools.ant.taskdefs";"NO";"NO";"NO";"NO";"NO";"NO";"YES";"NO";"NO";"NO";"NO";"YES";"NO";"YES";"YES";"4";"3";"26";"7";"0";"0.21212122"
"FTP.java";"org.apache.tools.ant.taskdefs.optional";"NO";"NO";"NO";"NO";"NO";"NO";"NO";"NO";"NO";"NO";"NO";"NO";"NO";"NO";"NO";"0";"0";"0";"0";"0";"0.0"
"Property.java";"org.apache.tools.ant.taskdefs";"NO";"NO";"NO";"NO";"NO";"NO";"NO";"NO";"NO";"NO";"NO";"NO";"NO";"NO";"YES";"0";"4";"15";"4";"0";"0.21052632"
"Cvs.java";"org.apache.tools.ant.taskdefs";"NO";"NO";"NO";"NO";"NO";"NO";"NO";"NO";"NO";"NO";"NO";"YES";"NO";"YES";"YES";"2";"2";"9";"4";"0";"0.30769232"
"Taskdef.java";"org.apache.tools.ant.taskdefs";"NO";"NO";"NO";"NO";"NO";"NO";"NO";"NO";"NO";"NO";"NO";"NO";"NO";"NO";"YES";"3";"1";"5";"3";"1";"0.375"
"Depend.java";"org.apache.tools.ant.taskdefs.optional.depend";"NO";"NO";"NO";"NO";"NO";"NO";"YES";"NO";"NO";"NO";"NO";"YES";"NO";"YES";"YES";"2";"2";"18";"3";"1";"0.14285715"
"ExecuteStreamHandler.java";"org.apache.tools.ant.taskdefs";"NO";"NO";"NO";"NO";"NO";"NO";"NO";"NO";"NO";"NO";"NO";"NO";"NO";"NO";"YES";"0";"0";"2";"0";"0";"0.0"
"Jar.java";"org.apache.tools.ant.taskdefs";"NO";"NO";"NO";"NO";"NO";"NO";"NO";"NO";"NO";"NO";"NO";"NO";"NO";"NO";"YES";"3";"3";"26";"6";"0";"0.1875"
"UnixStat.java";"org.apache.tools.zip";"YES";"NO";"NO";"NO";"NO";"NO";"NO";"NO";"NO";"NO";"NO";"NO";"NO";"YES";"YES";"0";"0";"1";"0";"0";"0.0"
"BuildException.java";"org.apache.tools.ant";"NO";"NO";"NO";"NO";"NO";"NO";"NO";"NO";"NO";"NO";"NO";"NO";"NO";"NO";"YES";"0";"2";"2";"2";"0";"0.5"
"Exit.java";"org.apache.tools.ant.taskdefs";"NO";"NO";"NO";"NO";"NO";"NO";"NO";"NO";"NO";"NO";"NO";"NO";"NO";"NO";"YES";"1";"3";"10";"4";"0";"0.2857143"
"Filter.java";"org.apache.tools.ant.taskdefs";"NO";"NO";"NO";"NO";"NO";"NO";"NO";"NO";"NO";"NO";"NO";"NO";"NO";"NO";"YES";"3";"2";"4";"4";"1";"0.5"
"RuntimeConfigurable.java";"org.apache.tools.ant";"NO";"NO";"NO";"NO";"NO";"NO";"NO";"NO";"NO";"NO";"NO";"NO";"NO";"NO";"YES";"0";"0";"7";"0";"0";"0.0"
"ExecuteWatchdog.java";"org.apache.tools.ant.taskdefs";"NO";"NO";"NO";"NO";"NO";"NO";"NO";"NO";"NO";"NO";"NO";"NO";"NO";"NO";"YES";"0";"0";"5";"0";"0";"0.0"
"StreamPumper.java";"org.apache.tools.ant.taskdefs";"NO";"NO";"NO";"NO";"NO";"NO";"NO";"NO";"NO";"NO";"NO";"NO";"NO";"NO";"YES";"0";"1";"4";"1";"0";"0.2"
"JlinkTask.java";"org.apache.tools.ant.taskdefs.optional.jlink";"NO";"NO";"NO";"NO";"NO";"NO";"NO";"NO";"NO";"NO";"NO";"NO";"NO";"NO";"YES";"0";"1";"5";"1";"0";"0.16666667"
"EnumeratedAttribute.java";"org.apache.tools.ant.types";"NO";"NO";"NO";"YES";"NO";"NO";"NO";"NO";"NO";"NO";"NO";"NO";"NO";"YES";"YES";"0";"0";"6";"0";"0";"0.0"
"Delete.java";"org.apache.tools.ant.taskdefs";"NO";"NO";"NO";"NO";"NO";"NO";"NO";"NO";"NO";"NO";"NO";"NO";"NO";"NO";"YES";"3";"4";"8";"6";"1";"0.42857143"
"NetRexxC.java";"org.apache.tools.ant.taskdefs.optional";"NO";"NO";"NO";"NO";"NO";"NO";"NO";"NO";"NO";"NO";"NO";"NO";"NO";"NO";"YES";"0";"2";"9";"2";"0";"0.18181819"
"TaskAdapter.java";"org.apache.tools.ant";"NO";"NO";"NO";"NO";"NO";"NO";"NO";"NO";"NO";"NO";"NO";"NO";"NO";"NO";"YES";"0";"1";"10";"1";"0";"0.09090909"
"Javac.java";"org.apache.tools.ant.taskdefs";"NO";"NO";"NO";"NO";"NO";"NO";"NO";"NO";"NO";"NO";"NO";"NO";"NO";"NO";"YES";"2";"2";"33";"4";"0";"0.10810811"
"Script.java";"org.apache.tools.ant.taskdefs.optional";"NO";"NO";"NO";"NO";"NO";"NO";"NO";"NO";"NO";"NO";"NO";"NO";"NO";"NO";"YES";"2";"2";"6";"4";"0";"0.4"
"P4HandlerAdapter.java";"org.apache.tools.ant.taskdefs.optional.perforce";"NO";"NO";"NO";"NO";"NO";"NO";"NO";"NO";"NO";"NO";"NO";"NO";"YES";"YES";"YES";"0";"1";"3";"1";"0";"0.25"
"BatchTest.java";"org.apache.tools.ant.taskdefs.optional.junit";"NO";"NO";"NO";"NO";"NO";"NO";"NO";"NO";"NO";"NO";"NO";"NO";"NO";"NO";"YES";"0";"2";"2";"2";"0";"0.5"
"Reference.java";"org.apache.tools.ant.types";"NO";"NO";"NO";"NO";"NO";"NO";"NO";"NO";"NO";"NO";"NO";"NO";"NO";"NO";"YES";"0";"0";"5";"0";"0";"0.0"
"TarConstants.java";"org.apache.tools.tar";"YES";"NO";"NO";"NO";"NO";"NO";"NO";"NO";"NO";"NO";"NO";"NO";"NO";"YES";"YES";"0";"0";"4";"0";"0";"0.0"
"EJBDeploymentTool.java";"org.apache.tools.ant.taskdefs.optional.ejb";"NO";"NO";"NO";"NO";"NO";"NO";"NO";"NO";"NO";"NO";"NO";"NO";"NO";"NO";"YES";"0";"1";"2";"1";"0";"0.33333334"
"P4sync.java";"org.apache.tools.ant.taskdefs.optional.perforce";"NO";"NO";"NO";"NO";"NO";"NO";"NO";"NO";"NO";"NO";"NO";"NO";"NO";"NO";"NO";"0";"0";"0";"0";"0";"0.0"
"MSVSSGET.java";"org.apache.tools.ant.taskdefs.optional.vss";"NO";"NO";"NO";"NO";"NO";"NO";"NO";"NO";"NO";"NO";"NO";"NO";"NO";"NO";"YES";"1";"1";"6";"2";"0";"0.25"
"ClassNameReader.java";"org.apache.tools.ant.taskdefs.optional.jlink";"NO";"NO";"NO";"NO";"NO";"NO";"NO";"NO";"NO";"NO";"NO";"NO";"NO";"NO";"YES";"0";"1";"4";"1";"0";"0.2"
"XSLTLiaison.java";"org.apache.tools.ant.taskdefs";"NO";"NO";"NO";"NO";"NO";"NO";"NO";"NO";"NO";"NO";"NO";"NO";"NO";"NO";"YES";"0";"1";"10";"1";"0";"0.09090909"
"ExecTask.java";"org.apache.tools.ant.taskdefs";"NO";"NO";"NO";"NO";"NO";"NO";"NO";"NO";"NO";"NO";"NO";"NO";"NO";"NO";"YES";"3";"4";"15";"6";"1";"0.2857143"
"FileSet.java";"org.apache.tools.ant.types";"NO";"NO";"NO";"NO";"NO";"NO";"NO";"NO";"NO";"NO";"NO";"NO";"NO";"NO";"YES";"0";"1";"12";"1";"0";"0.07692308"
"Utils.java";"org.apache.tools.ant.taskdefs.optional.sitraka.bytecode";"YES";"NO";"NO";"NO";"NO";"NO";"NO";"NO";"NO";"NO";"NO";"NO";"NO";"YES";"YES";"0";"1";"4";"1";"0";"0.2"
"CompileTask.java";"org.apache.tools.ant.taskdefs";"NO";"NO";"NO";"NO";"NO";"NO";"NO";"NO";"NO";"NO";"NO";"NO";"NO";"NO";"YES";"0";"1";"1";"1";"0";"0.5"
"Main.java";"org.apache.tools.ant";"NO";"NO";"NO";"NO";"NO";"NO";"YES";"NO";"NO";"NO";"NO";"NO";"NO";"YES";"YES";"1";"5";"18";"5";"1";"0.2173913"
"JUnitTest.java";"org.apache.tools.ant.taskdefs.optional.junit";"NO";"NO";"NO";"NO";"NO";"NO";"NO";"NO";"NO";"NO";"NO";"NO";"NO";"NO";"YES";"0";"2";"3";"2";"0";"0.4"
"SQLExec.java";"org.apache.tools.ant.taskdefs";"NO";"NO";"NO";"NO";"NO";"NO";"YES";"NO";"NO";"NO";"NO";"YES";"NO";"YES";"YES";"3";"3";"17";"5";"1";"0.22727273"
"Exec.java";"org.apache.tools.ant.taskdefs";"NO";"NO";"NO";"NO";"NO";"NO";"NO";"NO";"NO";"NO";"NO";"NO";"NO";"NO";"YES";"0";"3";"8";"3";"0";"0.27272728"
"Ejbc.java";"org.apache.tools.ant.taskdefs.optional.ejb";"NO";"NO";"NO";"NO";"NO";"NO";"NO";"NO";"NO";"NO";"NO";"NO";"NO";"NO";"YES";"1";"2";"6";"2";"1";"0.25"
"JikesOutputParser.java";"org.apache.tools.ant.taskdefs";"NO";"NO";"NO";"NO";"NO";"NO";"NO";"NO";"NO";"NO";"NO";"NO";"NO";"NO";"YES";"0";"3";"2";"3";"0";"0.6"
"WLStop.java";"org.apache.tools.ant.taskdefs.optional.ejb";"NO";"NO";"NO";"NO";"NO";"NO";"NO";"NO";"NO";"NO";"NO";"NO";"NO";"NO";"YES";"1";"2";"3";"2";"1";"0.4"
"Copydir.java";"org.apache.tools.ant.taskdefs";"NO";"NO";"NO";"NO";"NO";"NO";"NO";"NO";"NO";"NO";"NO";"NO";"NO";"NO";"YES";"0";"1";"3";"1";"0";"0.25"
"Replace.java";"org.apache.tools.ant.taskdefs";"NO";"NO";"NO";"NO";"NO";"NO";"NO";"NO";"NO";"NO";"NO";"NO";"NO";"NO";"YES";"2";"2";"12";"4";"0";"0.25"
"XalanLiaison.java";"org.apache.tools.ant.taskdefs.optional";"NO";"NO";"NO";"NO";"NO";"NO";"NO";"NO";"NO";"NO";"NO";"NO";"NO";"NO";"YES";"0";"2";"6";"2";"0";"0.25"
"DDCreatorHelper.java";"org.apache.tools.ant.taskdefs.optional.ejb";"NO";"NO";"NO";"NO";"NO";"NO";"NO";"NO";"NO";"NO";"NO";"NO";"NO";"NO";"YES";"1";"1";"4";"1";"1";"0.2"
"SendEmail.java";"org.apache.tools.ant.taskdefs";"NO";"NO";"NO";"NO";"NO";"NO";"NO";"NO";"NO";"NO";"NO";"NO";"NO";"NO";"YES";"2";"2";"9";"4";"0";"0.30769232"
"Native2Ascii.java";"org.apache.tools.ant.taskdefs.optional";"NO";"NO";"NO";"NO";"NO";"NO";"NO";"NO";"NO";"NO";"NO";"NO";"NO";"NO";"YES";"0";"1";"5";"1";"0";"0.16666667"
"MatchingTask.java";"org.apache.tools.ant.taskdefs";"NO";"NO";"NO";"NO";"NO";"NO";"NO";"NO";"NO";"YES";"NO";"NO";"NO";"YES";"YES";"0";"1";"10";"1";"0";"0.09090909"
"Tstamp.java";"org.apache.tools.ant.taskdefs";"NO";"NO";"NO";"NO";"NO";"NO";"NO";"NO";"NO";"NO";"NO";"NO";"NO";"NO";"YES";"3";"3";"11";"5";"1";"0.3125"
"Move.java";"org.apache.tools.ant.taskdefs";"NO";"NO";"NO";"NO";"NO";"NO";"NO";"NO";"NO";"NO";"NO";"NO";"NO";"NO";"YES";"2";"3";"15";"5";"0";"0.25"
"GUnzip.java";"org.apache.tools.ant.taskdefs";"NO";"NO";"NO";"NO";"NO";"NO";"NO";"NO";"NO";"NO";"NO";"NO";"NO";"NO";"YES";"4";"2";"4";"5";"1";"0.5555556"
"MailMessage.java";"org.apache.tools.mail";"NO";"NO";"NO";"NO";"NO";"NO";"NO";"NO";"NO";"NO";"NO";"NO";"NO";"NO";"YES";"0";"2";"7";"2";"0";"0.22222222"
"BuildLogger.java";"org.apache.tools.ant";"NO";"NO";"NO";"NO";"NO";"NO";"NO";"NO";"NO";"NO";"NO";"NO";"NO";"NO";"YES";"0";"1";"4";"1";"0";"0.2"
"IPlanetDeploymentTool.java";"org.apache.tools.ant.taskdefs.optional.ejb";"NO";"NO";"NO";"NO";"NO";"NO";"NO";"NO";"NO";"NO";"YES";"NO";"NO";"YES";"YES";"0";"1";"4";"1";"0";"0.2"
