"CLASS NAME";"PACKAGE";"CLASS DATA SHOULD BE PRIVATE";"COMPLEX CLASS";"FEATURE ENVY";"INAPPROPRIATE INTIMACY";"LARGE CLASS";"LAZY CLASS";"LONG METHODS";"LONG PARAMETER LIST";"MESSAGE CHAIN";"MIDDLE MAN";"REFUSED BEQUEST";"SPAGHETTI CODE";"SPECULATIVE GENERALITY";"SMELLY";"CHANGED";"#POSITIVE-COMMIT";"#NEGATIVE-COMMIT";"#NEUTRAL-COMMIT";"#NON-NEUTRAL-COMMIT";"#MIXED-COMMIT";"SCORE"
"AndFilter.java";"org.apache.ivy.osgi.filter";"NO";"NO";"NO";"NO";"NO";"NO";"NO";"NO";"NO";"NO";"NO";"NO";"NO";"NO";"NO";"0";"0";"0";"0";"0";"0.0"
"ModuleDescriptorParserRegistry.java";"org.apache.ivy.plugins.parser";"NO";"NO";"NO";"NO";"NO";"NO";"NO";"NO";"NO";"NO";"NO";"NO";"NO";"NO";"YES";"0";"0";"2";"0";"0";"0.0"
"IvyAuthenticator.java";"org.apache.ivy.util.url";"NO";"NO";"NO";"NO";"NO";"NO";"NO";"NO";"NO";"NO";"NO";"NO";"NO";"NO";"YES";"1";"0";"3";"1";"0";"0.25"
"Require.java";"org.apache.ivy.osgi.updatesite.xml";"NO";"NO";"NO";"NO";"NO";"NO";"NO";"NO";"NO";"NO";"NO";"NO";"NO";"NO";"NO";"0";"0";"0";"0";"0";"0.0"
"EditableRepoDescriptor.java";"org.apache.ivy.osgi.repo";"NO";"NO";"NO";"NO";"NO";"NO";"NO";"NO";"NO";"NO";"NO";"NO";"NO";"NO";"NO";"0";"0";"0";"0";"0";"0.0"
"CopyProgressEvent.java";"org.apache.ivy.util";"NO";"NO";"NO";"NO";"NO";"NO";"NO";"NO";"NO";"NO";"NO";"NO";"NO";"NO";"YES";"0";"0";"2";"0";"0";"0.0"
"IvyPublish.java";"org.apache.ivy.ant";"NO";"NO";"NO";"NO";"NO";"NO";"NO";"NO";"NO";"NO";"NO";"YES";"NO";"YES";"YES";"4";"0";"4";"4";"0";"0.5"
"DependencyResolver.java";"org.apache.ivy.plugins.resolver";"NO";"NO";"NO";"NO";"NO";"NO";"NO";"NO";"NO";"NO";"NO";"NO";"NO";"NO";"YES";"1";"0";"2";"1";"0";"0.33333334"
"MultiOperatorFilter.java";"org.apache.ivy.osgi.filter";"NO";"NO";"NO";"NO";"NO";"NO";"NO";"NO";"NO";"NO";"NO";"NO";"NO";"NO";"NO";"0";"0";"0";"0";"0";"0.0"
"FSManifestIterable.java";"org.apache.ivy.osgi.repo";"NO";"NO";"NO";"NO";"NO";"NO";"NO";"NO";"NO";"NO";"NO";"NO";"NO";"NO";"NO";"0";"0";"0";"0";"0";"0.0"
"CacheDownloadOptions.java";"org.apache.ivy.core.cache";"NO";"NO";"NO";"NO";"NO";"NO";"NO";"NO";"NO";"NO";"NO";"NO";"NO";"NO";"NO";"0";"0";"0";"0";"0";"0.0"
"OsgiBundlePacking.java";"org.apache.ivy.core.pack";"NO";"NO";"NO";"NO";"NO";"NO";"NO";"NO";"NO";"NO";"NO";"NO";"NO";"NO";"NO";"0";"0";"0";"0";"0";"0.0"
"PluginAdapter.java";"org.apache.ivy.osgi.updatesite";"NO";"NO";"NO";"NO";"NO";"NO";"NO";"NO";"NO";"NO";"NO";"NO";"NO";"NO";"NO";"0";"0";"0";"0";"0";"0.0"
"HasLatestStrategy.java";"org.apache.ivy.plugins.resolver.util";"NO";"NO";"NO";"NO";"NO";"NO";"NO";"NO";"NO";"NO";"NO";"NO";"NO";"NO";"YES";"0";"0";"2";"0";"0";"0.0"
"AbstractIncludeExcludeRule.java";"org.apache.ivy.core.module.descriptor";"NO";"NO";"NO";"NO";"NO";"NO";"NO";"NO";"NO";"NO";"NO";"NO";"NO";"NO";"YES";"2";"0";"2";"2";"0";"0.5"
"XmlModuleDescriptorUpdater.java";"org.apache.ivy.plugins.parser.xml";"NO";"NO";"NO";"NO";"NO";"NO";"NO";"YES";"NO";"NO";"NO";"NO";"NO";"YES";"YES";"2";"0";"6";"2";"0";"0.25"
"SilentNonMatchingVersionReporter.java";"org.apache.ivy.core.sort";"NO";"NO";"NO";"NO";"NO";"NO";"NO";"NO";"NO";"NO";"NO";"NO";"NO";"NO";"YES";"2";"0";"2";"2";"0";"0.5"
"RepoDescriptor.java";"org.apache.ivy.osgi.repo";"NO";"NO";"NO";"NO";"NO";"NO";"NO";"NO";"NO";"NO";"NO";"NO";"NO";"NO";"NO";"0";"0";"0";"0";"0";"0.0"
"SimpleSortEngineSettings.java";"org.apache.ivy.core.sort";"NO";"NO";"NO";"NO";"NO";"NO";"NO";"NO";"NO";"NO";"NO";"NO";"NO";"NO";"YES";"0";"0";"3";"0";"0";"0.0"
"XmlReportOutputter.java";"org.apache.ivy.plugins.report";"NO";"NO";"NO";"NO";"NO";"NO";"YES";"NO";"NO";"NO";"NO";"NO";"NO";"YES";"YES";"1";"0";"2";"1";"0";"0.33333334"
"Ivy.java";"org.apache.ivy";"NO";"NO";"NO";"NO";"NO";"NO";"NO";"YES";"NO";"NO";"NO";"NO";"NO";"YES";"YES";"2";"0";"8";"2";"0";"0.2"
"AbstractCircularDependencyStrategy.java";"org.apache.ivy.plugins.circular";"NO";"NO";"NO";"NO";"NO";"NO";"NO";"NO";"NO";"NO";"NO";"NO";"NO";"NO";"YES";"0";"0";"3";"0";"0";"0.0"
"PublishOptions.java";"org.apache.ivy.core.publish";"NO";"NO";"NO";"NO";"NO";"NO";"NO";"NO";"NO";"NO";"NO";"NO";"NO";"NO";"YES";"1";"0";"2";"1";"0";"0.33333334"
"IvyVariableContainer.java";"org.apache.ivy.core.settings";"NO";"NO";"NO";"NO";"NO";"NO";"NO";"NO";"NO";"NO";"NO";"NO";"NO";"NO";"YES";"2";"0";"1";"2";"0";"0.6666667"
"ResolvedModuleRevision.java";"org.apache.ivy.core.resolve";"NO";"NO";"NO";"NO";"NO";"NO";"NO";"NO";"NO";"NO";"NO";"NO";"NO";"NO";"YES";"1";"0";"2";"1";"0";"0.33333334"
"CacheResourceOptions.java";"org.apache.ivy.core.cache";"NO";"NO";"NO";"NO";"NO";"NO";"NO";"NO";"NO";"NO";"NO";"NO";"NO";"NO";"NO";"0";"0";"0";"0";"0";"0.0"
"NIOFileLockStrategy.java";"org.apache.ivy.plugins.lock";"NO";"NO";"NO";"NO";"NO";"NO";"NO";"NO";"NO";"NO";"NO";"NO";"NO";"NO";"NO";"0";"0";"0";"0";"0";"0.0"
"SFTPRepository.java";"org.apache.ivy.plugins.repository.sftp";"NO";"NO";"NO";"NO";"NO";"NO";"NO";"NO";"NO";"NO";"NO";"NO";"NO";"NO";"YES";"1";"0";"2";"1";"0";"0.33333334"
"RegexpPatternMatcher.java";"org.apache.ivy.plugins.matcher";"NO";"NO";"NO";"NO";"NO";"NO";"NO";"NO";"NO";"NO";"NO";"NO";"NO";"NO";"YES";"0";"0";"2";"0";"0";"0.0"
"ExtendableItemHelper.java";"org.apache.ivy.util.extendable";"NO";"NO";"NO";"NO";"NO";"NO";"NO";"NO";"NO";"NO";"NO";"NO";"NO";"NO";"YES";"0";"0";"3";"0";"0";"0.0"
"IvyCacheTask.java";"org.apache.ivy.ant";"NO";"NO";"NO";"NO";"NO";"NO";"NO";"NO";"NO";"NO";"NO";"NO";"NO";"NO";"YES";"1";"0";"2";"1";"0";"0.33333334"
"DualResolver.java";"org.apache.ivy.plugins.resolver";"NO";"NO";"NO";"NO";"NO";"NO";"NO";"NO";"NO";"NO";"NO";"NO";"NO";"NO";"YES";"0";"0";"2";"0";"0";"0.0"
"CheckEngineSettings.java";"org.apache.ivy.core.check";"NO";"NO";"NO";"NO";"NO";"NO";"NO";"NO";"NO";"NO";"NO";"NO";"NO";"NO";"NO";"0";"0";"0";"0";"0";"0.0"
"IvyAntVariableContainer.java";"org.apache.ivy.ant";"NO";"NO";"NO";"NO";"NO";"NO";"NO";"NO";"NO";"NO";"NO";"NO";"NO";"NO";"YES";"1";"0";"3";"1";"0";"0.25"
"DownloadEvent.java";"org.apache.ivy.core.event.download";"NO";"NO";"NO";"NO";"NO";"NO";"NO";"NO";"NO";"NO";"NO";"NO";"NO";"NO";"YES";"1";"0";"2";"1";"0";"0.33333334"
"FileBasedLockStrategy.java";"org.apache.ivy.plugins.lock";"NO";"NO";"NO";"NO";"NO";"NO";"NO";"NO";"NO";"NO";"NO";"NO";"NO";"NO";"NO";"0";"0";"0";"0";"0";"0.0"
"IvyRepResolver.java";"org.apache.ivy.plugins.resolver";"NO";"NO";"NO";"NO";"NO";"NO";"NO";"NO";"NO";"NO";"NO";"NO";"NO";"NO";"YES";"0";"0";"2";"0";"0";"0.0"
"URLHandlerRegistry.java";"org.apache.ivy.util.url";"NO";"NO";"NO";"NO";"NO";"NO";"NO";"NO";"NO";"NO";"NO";"NO";"NO";"NO";"YES";"1";"1";"5";"2";"0";"0.2857143"
"Matcher.java";"org.apache.ivy.plugins.matcher";"NO";"NO";"NO";"NO";"NO";"NO";"NO";"NO";"NO";"NO";"NO";"NO";"NO";"NO";"YES";"0";"0";"2";"0";"0";"0.0"
"RetrieveEngineSettings.java";"org.apache.ivy.core.retrieve";"NO";"NO";"NO";"NO";"NO";"NO";"NO";"NO";"NO";"NO";"NO";"NO";"NO";"NO";"NO";"0";"0";"0";"0";"0";"0.0"
"IvyConfigure.java";"org.apache.ivy.ant";"NO";"NO";"NO";"NO";"NO";"NO";"NO";"NO";"NO";"NO";"NO";"NO";"NO";"NO";"YES";"3";"0";"2";"3";"0";"0.6"
"Requirement.java";"org.apache.ivy.osgi.obr.xml";"NO";"NO";"NO";"NO";"NO";"NO";"NO";"NO";"NO";"NO";"NO";"NO";"NO";"NO";"NO";"0";"0";"0";"0";"0";"0.0"
"ParserSettings.java";"org.apache.ivy.plugins.parser";"NO";"NO";"NO";"NO";"NO";"NO";"NO";"NO";"NO";"NO";"NO";"NO";"NO";"NO";"NO";"0";"0";"0";"0";"0";"0.0"
"SearchEngine.java";"org.apache.ivy.core.search";"NO";"NO";"NO";"NO";"NO";"NO";"NO";"NO";"NO";"NO";"NO";"NO";"NO";"NO";"YES";"1";"0";"3";"1";"0";"0.25"
"SortOptions.java";"org.apache.ivy.core.sort";"NO";"NO";"NO";"NO";"NO";"NO";"NO";"NO";"NO";"NO";"NO";"NO";"NO";"NO";"NO";"0";"0";"0";"0";"0";"0.0"
"IvyBuildList.java";"org.apache.ivy.ant";"NO";"NO";"NO";"NO";"NO";"NO";"NO";"NO";"NO";"NO";"NO";"YES";"NO";"YES";"YES";"2";"0";"6";"2";"0";"0.25"
"MemoryUtil.java";"org.apache.ivy.util";"NO";"NO";"NO";"NO";"NO";"NO";"NO";"NO";"NO";"NO";"NO";"NO";"NO";"NO";"NO";"0";"0";"0";"0";"0";"0.0"
"ResourceHelper.java";"org.apache.ivy.plugins.repository";"NO";"NO";"NO";"NO";"NO";"NO";"NO";"NO";"NO";"NO";"NO";"NO";"NO";"NO";"YES";"0";"0";"2";"0";"0";"0.0"
"RepositoryResolver.java";"org.apache.ivy.plugins.resolver";"NO";"NO";"NO";"NO";"NO";"NO";"NO";"YES";"NO";"NO";"NO";"NO";"NO";"YES";"YES";"1";"0";"2";"1";"0";"0.33333334"
"DefaultResolutionCacheManager.java";"org.apache.ivy.core.cache";"NO";"NO";"NO";"NO";"NO";"NO";"NO";"NO";"NO";"NO";"NO";"NO";"NO";"NO";"NO";"0";"0";"0";"0";"0";"0.0"
"Match.java";"org.apache.ivy.plugins.version";"NO";"NO";"NO";"NO";"NO";"NO";"NO";"NO";"NO";"NO";"NO";"NO";"NO";"NO";"YES";"1";"0";"3";"1";"0";"0.25"
"PomModuleDescriptorParser.java";"org.apache.ivy.plugins.parser.m2";"NO";"NO";"NO";"NO";"NO";"NO";"NO";"NO";"NO";"NO";"NO";"NO";"NO";"NO";"YES";"1";"0";"7";"1";"0";"0.125"
"VsftpRepository.java";"org.apache.ivy.plugins.repository.vsftp";"NO";"NO";"NO";"NO";"NO";"NO";"NO";"NO";"NO";"NO";"NO";"NO";"NO";"NO";"YES";"1";"0";"2";"1";"0";"0.33333334"
"ResolvedModuleRevisionProxy.java";"fr.jayasoft.ivy.resolver";"NO";"NO";"NO";"NO";"NO";"NO";"NO";"NO";"NO";"YES";"NO";"NO";"NO";"YES";"NO";"0";"0";"0";"0";"0";"0.0"
"BundleCapabilityAndLocation.java";"org.apache.ivy.osgi.repo";"NO";"NO";"NO";"NO";"NO";"NO";"NO";"NO";"NO";"NO";"NO";"NO";"NO";"NO";"NO";"0";"0";"0";"0";"0";"0.0"
"OBRXMLParser.java";"org.apache.ivy.osgi.obr.xml";"NO";"NO";"NO";"NO";"NO";"NO";"NO";"NO";"NO";"NO";"NO";"NO";"NO";"NO";"NO";"0";"0";"0";"0";"0";"0.0"
"PublishingDependencyRevisionResolver.java";"org.apache.ivy.core.deliver";"NO";"NO";"NO";"NO";"NO";"NO";"NO";"NO";"NO";"NO";"NO";"NO";"NO";"NO";"YES";"2";"0";"2";"2";"0";"0.5"
"StartResolveDependencyEvent.java";"org.apache.ivy.core.event.resolve";"NO";"NO";"NO";"NO";"NO";"NO";"NO";"NO";"NO";"NO";"NO";"NO";"NO";"NO";"YES";"0";"0";"2";"0";"0";"0.0"
"MavenVersionRangeParser.java";"org.apache.ivy.plugins.parser.m2";"NO";"NO";"NO";"NO";"NO";"NO";"NO";"NO";"NO";"NO";"NO";"NO";"NO";"NO";"NO";"0";"0";"0";"0";"0";"0.0"
"RepositoryCopyProgressListener.java";"org.apache.ivy.plugins.repository";"NO";"NO";"NO";"NO";"NO";"NO";"NO";"NO";"NO";"NO";"NO";"NO";"NO";"NO";"YES";"0";"0";"2";"0";"0";"0.0"
"ExecutionEnvironmentProfileProvider.java";"org.apache.ivy.osgi.core";"NO";"NO";"NO";"NO";"NO";"NO";"NO";"NO";"NO";"NO";"NO";"NO";"NO";"NO";"NO";"0";"0";"0";"0";"0";"0.0"
"AbstractArtifact.java";"org.apache.ivy.core.module.descriptor";"NO";"NO";"NO";"NO";"NO";"NO";"NO";"NO";"NO";"NO";"NO";"NO";"NO";"NO";"YES";"1";"0";"2";"1";"0";"0.33333334"
"ManifestHeaderElement.java";"org.apache.ivy.osgi.core";"NO";"NO";"NO";"NO";"NO";"NO";"NO";"NO";"NO";"NO";"NO";"NO";"NO";"NO";"NO";"0";"0";"0";"0";"0";"0.0"
"FileResolver.java";"org.apache.ivy.util";"NO";"NO";"NO";"NO";"NO";"NO";"NO";"NO";"NO";"NO";"NO";"NO";"NO";"NO";"NO";"0";"0";"0";"0";"0";"0.0"
"OBRResolver.java";"org.apache.ivy.osgi.obr";"NO";"NO";"NO";"NO";"NO";"NO";"NO";"NO";"NO";"NO";"NO";"NO";"NO";"NO";"NO";"0";"0";"0";"0";"0";"0.0"
"BintrayResolver.java";"org.apache.ivy.plugins.resolver";"NO";"NO";"NO";"NO";"NO";"NO";"NO";"NO";"NO";"NO";"NO";"NO";"NO";"NO";"NO";"0";"0";"0";"0";"0";"0.0"
"NoMatcher.java";"org.apache.ivy.plugins.matcher";"NO";"NO";"NO";"NO";"NO";"NO";"NO";"NO";"NO";"NO";"NO";"NO";"NO";"NO";"YES";"0";"0";"2";"0";"0";"0.0"
"SshResolver.java";"org.apache.ivy.plugins.resolver";"NO";"NO";"NO";"NO";"NO";"NO";"NO";"NO";"NO";"NO";"NO";"NO";"NO";"NO";"YES";"0";"0";"1";"0";"0";"0.0"
"MDResolvedResource.java";"org.apache.ivy.plugins.resolver.util";"NO";"NO";"NO";"NO";"NO";"NO";"NO";"NO";"NO";"NO";"NO";"NO";"NO";"NO";"YES";"0";"0";"2";"0";"0";"0.0"
"IvyCheck.java";"org.apache.ivy.ant";"NO";"NO";"NO";"NO";"NO";"NO";"NO";"NO";"NO";"NO";"NO";"NO";"NO";"NO";"YES";"2";"0";"3";"2";"0";"0.4"
"RelativeUrlResolver.java";"org.apache.ivy.core";"NO";"NO";"NO";"NO";"NO";"NO";"NO";"NO";"NO";"NO";"NO";"NO";"NO";"NO";"YES";"0";"0";"5";"0";"0";"0.0"
"JarJarDependencyAnalyser.java";"org.apache.ivy.tools.analyser";"NO";"NO";"NO";"NO";"NO";"NO";"NO";"NO";"NO";"NO";"NO";"NO";"NO";"NO";"YES";"0";"0";"3";"0";"0";"0.0"
"ExactVersionMatcher.java";"org.apache.ivy.plugins.version";"NO";"NO";"NO";"NO";"NO";"NO";"NO";"NO";"NO";"NO";"NO";"NO";"NO";"NO";"YES";"0";"0";"2";"0";"0";"0.0"
"IvyPattern.java";"org.apache.ivy.core.settings";"NO";"NO";"NO";"NO";"NO";"NO";"NO";"NO";"NO";"NO";"NO";"NO";"NO";"NO";"YES";"2";"0";"1";"2";"0";"0.6666667"
"Artifact.java";"org.apache.ivy.core.module.descriptor";"NO";"NO";"NO";"NO";"NO";"NO";"NO";"NO";"NO";"NO";"NO";"NO";"NO";"NO";"YES";"2";"0";"2";"2";"0";"0.5"
"IvyOverride.java";"org.apache.ivy.ant";"NO";"NO";"NO";"NO";"NO";"NO";"NO";"NO";"NO";"NO";"NO";"NO";"NO";"NO";"NO";"0";"0";"0";"0";"0";"0.0"
"ArtifactLockStrategy.java";"org.apache.ivy.plugins.lock";"NO";"NO";"NO";"NO";"NO";"NO";"NO";"NO";"NO";"NO";"NO";"NO";"NO";"NO";"NO";"0";"0";"0";"0";"0";"0.0"
"AndFilter.java";"org.apache.ivy.util.filter";"NO";"NO";"NO";"NO";"NO";"NO";"NO";"NO";"NO";"NO";"NO";"NO";"NO";"NO";"YES";"0";"0";"3";"0";"0";"0.0"
"PatternMatcher.java";"org.apache.ivy.plugins.matcher";"YES";"NO";"NO";"NO";"NO";"NO";"NO";"NO";"NO";"NO";"NO";"NO";"NO";"YES";"YES";"0";"0";"2";"0";"0";"0.0"
"FileURLLister.java";"org.apache.ivy.plugins.resolver.util";"NO";"NO";"NO";"NO";"NO";"NO";"NO";"NO";"NO";"NO";"NO";"NO";"NO";"NO";"YES";"0";"0";"2";"0";"0";"0.0"
"AddPathTask.java";"org.apache.ivy.ant";"NO";"NO";"NO";"NO";"NO";"NO";"NO";"NO";"NO";"NO";"NO";"NO";"NO";"NO";"YES";"1";"0";"3";"1";"0";"0.25"
"ArtifactOrigin.java";"org.apache.ivy.core.cache";"NO";"NO";"NO";"NO";"NO";"NO";"NO";"NO";"NO";"NO";"NO";"NO";"NO";"NO";"YES";"2";"0";"3";"2";"0";"0.4"
"StartRetrieveEvent.java";"org.apache.ivy.core.event.retrieve";"NO";"NO";"NO";"NO";"NO";"NO";"NO";"NO";"NO";"NO";"NO";"NO";"NO";"NO";"NO";"0";"0";"0";"0";"0";"0.0"
"IvyCacheFileset.java";"org.apache.ivy.ant";"NO";"NO";"NO";"NO";"NO";"NO";"NO";"NO";"NO";"NO";"NO";"NO";"NO";"NO";"YES";"2";"0";"3";"2";"0";"0.4"
"DependencyDescriptorMediator.java";"org.apache.ivy.core.module.descriptor";"NO";"NO";"NO";"NO";"NO";"NO";"NO";"NO";"NO";"NO";"NO";"NO";"NO";"NO";"NO";"0";"0";"0";"0";"0";"0.0"
"ComparatorLatestStrategy.java";"org.apache.ivy.plugins.latest";"NO";"NO";"NO";"NO";"NO";"NO";"NO";"NO";"NO";"NO";"NO";"NO";"NO";"NO";"YES";"0";"0";"3";"0";"0";"0.0"
"StartRetrieveArtifactEvent.java";"org.apache.ivy.core.event.retrieve";"NO";"NO";"NO";"NO";"NO";"NO";"NO";"NO";"NO";"NO";"NO";"NO";"NO";"NO";"NO";"0";"0";"0";"0";"0";"0.0"
"PropertiesParser.java";"org.apache.ivy.osgi.p2";"NO";"NO";"NO";"NO";"NO";"NO";"NO";"NO";"NO";"NO";"NO";"NO";"NO";"NO";"NO";"0";"0";"0";"0";"0";"0.0"
"IvyPostResolveTask.java";"org.apache.ivy.ant";"NO";"NO";"NO";"NO";"NO";"NO";"NO";"NO";"NO";"NO";"NO";"NO";"NO";"NO";"YES";"3";"0";"5";"3";"0";"0.375"
"DependencyDescriptor.java";"org.apache.ivy.core.module.descriptor";"NO";"NO";"NO";"NO";"NO";"NO";"NO";"NO";"NO";"NO";"NO";"NO";"NO";"NO";"YES";"1";"0";"2";"1";"0";"0.33333334"
"RepositoryCacheManager.java";"org.apache.ivy.core.cache";"NO";"NO";"NO";"NO";"NO";"NO";"NO";"NO";"NO";"NO";"NO";"NO";"NO";"NO";"NO";"0";"0";"0";"0";"0";"0.0"
"ModuleInSort.java";"org.apache.ivy.core.sort";"NO";"NO";"NO";"NO";"NO";"NO";"NO";"NO";"NO";"NO";"NO";"NO";"NO";"NO";"YES";"0";"0";"3";"0";"0";"0.0"
"FileUtil.java";"org.apache.ivy.util";"NO";"NO";"NO";"NO";"NO";"NO";"NO";"NO";"NO";"NO";"NO";"NO";"NO";"NO";"YES";"1";"0";"5";"1";"0";"0.16666667"
"WarnCircularDependencyStrategy.java";"org.apache.ivy.plugins.circular";"NO";"NO";"NO";"NO";"NO";"NO";"NO";"NO";"NO";"NO";"NO";"NO";"NO";"NO";"YES";"0";"0";"3";"0";"0";"0.0"
"MessageLogger.java";"org.apache.ivy.util";"NO";"NO";"NO";"NO";"NO";"NO";"NO";"NO";"NO";"NO";"NO";"NO";"NO";"NO";"NO";"0";"0";"0";"0";"0";"0.0"
"MatcherLookup.java";"org.apache.ivy.core.module.id";"NO";"NO";"NO";"NO";"NO";"NO";"NO";"NO";"NO";"NO";"NO";"NO";"NO";"NO";"NO";"0";"0";"0";"0";"0";"0.0"
"Checks.java";"org.apache.ivy.util";"NO";"NO";"NO";"NO";"NO";"NO";"NO";"NO";"NO";"NO";"NO";"NO";"NO";"NO";"YES";"0";"0";"3";"0";"0";"0.0"
"ResolveReport.java";"org.apache.ivy.core.report";"NO";"NO";"NO";"NO";"NO";"NO";"NO";"NO";"NO";"NO";"NO";"NO";"NO";"NO";"YES";"3";"0";"2";"3";"0";"0.6"
"AbstractConflictManager.java";"org.apache.ivy.plugins.conflict";"NO";"NO";"NO";"NO";"NO";"NO";"NO";"NO";"NO";"NO";"NO";"NO";"NO";"NO";"YES";"0";"0";"3";"0";"0";"0.0"
"PrepareDownloadEvent.java";"org.apache.ivy.core.event.download";"NO";"NO";"NO";"NO";"NO";"NO";"NO";"NO";"NO";"NO";"NO";"NO";"NO";"NO";"YES";"1";"0";"2";"1";"0";"0.33333334"
"ChainVersionMatcher.java";"org.apache.ivy.plugins.version";"NO";"NO";"NO";"NO";"NO";"NO";"NO";"NO";"NO";"NO";"NO";"NO";"NO";"NO";"YES";"0";"0";"3";"0";"0";"0.0"
"URLRepository.java";"org.apache.ivy.plugins.repository.url";"NO";"NO";"NO";"NO";"NO";"NO";"NO";"NO";"NO";"NO";"NO";"NO";"NO";"NO";"YES";"0";"0";"2";"0";"0";"0.0"
"WarningNonMatchingVersionReporter.java";"org.apache.ivy.core.sort";"NO";"NO";"NO";"NO";"NO";"NO";"NO";"NO";"NO";"NO";"NO";"NO";"NO";"NO";"YES";"2";"0";"2";"2";"0";"0.5"
"ResourceMDParser.java";"org.apache.ivy.plugins.resolver.util";"NO";"NO";"NO";"NO";"NO";"NO";"NO";"NO";"NO";"NO";"NO";"NO";"NO";"NO";"YES";"0";"0";"2";"0";"0";"0.0"
"URLLister.java";"org.apache.ivy.plugins.resolver.util";"NO";"NO";"NO";"NO";"NO";"NO";"NO";"NO";"NO";"NO";"NO";"NO";"NO";"NO";"YES";"0";"0";"2";"0";"0";"0.0"
"BuildOBRTask.java";"org.apache.ivy.ant";"NO";"NO";"NO";"NO";"NO";"NO";"NO";"NO";"NO";"NO";"NO";"NO";"NO";"NO";"NO";"0";"0";"0";"0";"0";"0.0"
"IvyDependencyArtifact.java";"org.apache.ivy.ant";"NO";"NO";"NO";"NO";"NO";"NO";"NO";"NO";"NO";"NO";"NO";"NO";"NO";"NO";"NO";"0";"0";"0";"0";"0";"0.0"
"Option.java";"org.apache.ivy.util.cli";"NO";"NO";"NO";"NO";"NO";"NO";"NO";"NO";"NO";"NO";"NO";"NO";"NO";"NO";"NO";"0";"0";"0";"0";"0";"0.0"
"PublishEvent.java";"org.apache.ivy.core.event.publish";"NO";"NO";"NO";"NO";"NO";"NO";"NO";"NO";"NO";"NO";"NO";"NO";"NO";"NO";"NO";"0";"0";"0";"0";"0";"0.0"
"LogTrigger.java";"org.apache.ivy.plugins.trigger";"NO";"NO";"NO";"NO";"NO";"NO";"NO";"NO";"NO";"NO";"NO";"NO";"NO";"NO";"NO";"0";"0";"0";"0";"0";"0.0"
"IvyEvent.java";"org.apache.ivy.core.event";"NO";"NO";"NO";"NO";"NO";"NO";"NO";"NO";"NO";"NO";"NO";"NO";"NO";"NO";"YES";"2";"0";"3";"2";"0";"0.4"
"PomWriterOptions.java";"org.apache.ivy.plugins.parser.m2";"NO";"NO";"NO";"NO";"NO";"NO";"NO";"NO";"NO";"NO";"NO";"NO";"NO";"NO";"NO";"0";"0";"0";"0";"0";"0.0"
"BundleArtifact.java";"org.apache.ivy.osgi.core";"NO";"NO";"NO";"NO";"NO";"NO";"NO";"NO";"NO";"NO";"NO";"NO";"NO";"NO";"NO";"0";"0";"0";"0";"0";"0.0"
"RetrieveEngine.java";"org.apache.ivy.core.retrieve";"NO";"NO";"NO";"NO";"NO";"NO";"NO";"NO";"NO";"NO";"NO";"NO";"NO";"NO";"YES";"1";"0";"2";"1";"0";"0.33333334"
"P2Artifact.java";"org.apache.ivy.osgi.p2";"NO";"NO";"NO";"NO";"NO";"NO";"NO";"NO";"NO";"NO";"NO";"NO";"NO";"NO";"NO";"0";"0";"0";"0";"0";"0.0"
"IvyContext.java";"org.apache.ivy.core";"NO";"NO";"NO";"NO";"NO";"NO";"NO";"NO";"NO";"NO";"NO";"NO";"NO";"NO";"YES";"4";"0";"3";"4";"0";"0.5714286"
"VfsResource.java";"org.apache.ivy.plugins.repository.vfs";"NO";"NO";"NO";"NO";"NO";"NO";"NO";"NO";"NO";"NO";"NO";"NO";"NO";"NO";"YES";"1";"0";"2";"1";"0";"0.33333334"
"UpdateSiteDescriptor.java";"org.apache.ivy.osgi.updatesite";"NO";"NO";"NO";"NO";"NO";"NO";"NO";"NO";"NO";"NO";"NO";"NO";"NO";"NO";"NO";"0";"0";"0";"0";"0";"0.0"
"DownloadReport.java";"org.apache.ivy.core.report";"NO";"NO";"NO";"NO";"NO";"NO";"NO";"NO";"NO";"NO";"NO";"NO";"NO";"NO";"YES";"2";"0";"2";"2";"0";"0.5"
"AbstractResolver.java";"org.apache.ivy.plugins.resolver";"NO";"NO";"NO";"NO";"NO";"NO";"NO";"NO";"NO";"NO";"NO";"NO";"NO";"NO";"YES";"0";"0";"3";"0";"0";"0.0"
"ArtifactDownloadReport.java";"org.apache.ivy.core.report";"NO";"NO";"NO";"NO";"NO";"NO";"NO";"NO";"NO";"NO";"NO";"NO";"NO";"NO";"YES";"2";"0";"2";"2";"0";"0.5"
"SFTPResolver.java";"org.apache.ivy.plugins.resolver";"NO";"NO";"NO";"NO";"NO";"NO";"NO";"NO";"NO";"NO";"NO";"NO";"NO";"NO";"YES";"0";"0";"2";"0";"0";"0.0"
"IvyNodeUsage.java";"org.apache.ivy.core.resolve";"NO";"NO";"NO";"NO";"NO";"NO";"NO";"NO";"NO";"NO";"NO";"NO";"NO";"NO";"NO";"0";"0";"0";"0";"0";"0.0"
"NoConflictManager.java";"org.apache.ivy.plugins.conflict";"NO";"NO";"NO";"NO";"NO";"NO";"NO";"NO";"NO";"NO";"NO";"NO";"NO";"NO";"YES";"0";"0";"2";"0";"0";"0.0"
"JarResolver.java";"org.apache.ivy.plugins.resolver";"NO";"NO";"NO";"NO";"NO";"NO";"NO";"NO";"NO";"NO";"NO";"NO";"NO";"NO";"NO";"0";"0";"0";"0";"0";"0.0"
"ResolveEvent.java";"org.apache.ivy.core.event.resolve";"NO";"NO";"NO";"NO";"NO";"NO";"NO";"NO";"NO";"NO";"NO";"NO";"NO";"NO";"YES";"1";"0";"2";"1";"0";"0.33333334"
"CircularDependencyException.java";"org.apache.ivy.plugins.circular";"NO";"NO";"NO";"NO";"NO";"NO";"NO";"NO";"NO";"NO";"NO";"NO";"NO";"NO";"YES";"1";"0";"3";"1";"0";"0.25"
"UpdateSiteResolver.java";"org.apache.ivy.osgi.updatesite";"NO";"NO";"NO";"NO";"NO";"NO";"NO";"NO";"NO";"NO";"NO";"NO";"NO";"NO";"NO";"0";"0";"0";"0";"0";"0.0"
"Archive.java";"org.apache.ivy.osgi.updatesite.xml";"NO";"NO";"NO";"NO";"NO";"NO";"NO";"NO";"NO";"NO";"NO";"NO";"NO";"NO";"NO";"0";"0";"0";"0";"0";"0.0"
"ArtifactId.java";"org.apache.ivy.core.module.id";"NO";"NO";"NO";"NO";"NO";"NO";"NO";"NO";"NO";"NO";"NO";"NO";"NO";"NO";"YES";"2";"0";"3";"2";"0";"0.4"
"BuiltFileResource.java";"org.apache.ivy.plugins.resolver.packager";"NO";"NO";"NO";"NO";"NO";"NO";"NO";"NO";"NO";"NO";"NO";"NO";"NO";"NO";"NO";"0";"0";"0";"0";"0";"0.0"
"DeleteOnExitHook.java";"org.apache.ivy.plugins.lock";"NO";"NO";"NO";"NO";"NO";"NO";"NO";"NO";"NO";"NO";"NO";"NO";"NO";"NO";"NO";"0";"0";"0";"0";"0";"0.0"
"EncrytedProperties.java";"org.apache.ivy.util";"NO";"NO";"NO";"NO";"NO";"NO";"NO";"NO";"NO";"NO";"NO";"NO";"NO";"NO";"YES";"1";"0";"2";"1";"0";"0.33333334"
"XmlReportParser.java";"org.apache.ivy.plugins.report";"NO";"NO";"NO";"NO";"NO";"NO";"NO";"NO";"NO";"NO";"NO";"NO";"NO";"NO";"YES";"0";"0";"2";"0";"0";"0.0"
"AbstractOSGiResolver.java";"org.apache.ivy.osgi.repo";"NO";"NO";"NO";"NO";"NO";"NO";"NO";"NO";"NO";"NO";"NO";"NO";"NO";"NO";"NO";"0";"0";"0";"0";"0";"0.0"
"ResolveOptions.java";"org.apache.ivy.core.resolve";"NO";"NO";"NO";"NO";"NO";"NO";"NO";"NO";"NO";"NO";"NO";"NO";"NO";"NO";"YES";"1";"0";"2";"1";"0";"0.33333334"
"DelegatingHandler.java";"org.apache.ivy.osgi.util";"NO";"NO";"NO";"NO";"NO";"NO";"NO";"NO";"NO";"NO";"NO";"NO";"NO";"NO";"NO";"0";"0";"0";"0";"0";"0.0"
"IvyNodeBlacklist.java";"org.apache.ivy.core.resolve";"NO";"NO";"NO";"NO";"NO";"NO";"NO";"NO";"NO";"NO";"NO";"NO";"NO";"NO";"NO";"0";"0";"0";"0";"0";"0.0"
"ContextualSAXHandler.java";"org.apache.ivy.util";"NO";"NO";"NO";"NO";"NO";"NO";"NO";"NO";"NO";"NO";"NO";"NO";"NO";"NO";"NO";"0";"0";"0";"0";"0";"0.0"
"HttpClientHandler.java";"org.apache.ivy.util.url";"NO";"NO";"NO";"NO";"NO";"NO";"NO";"NO";"NO";"NO";"NO";"NO";"NO";"NO";"YES";"1";"0";"3";"1";"0";"0.25"
"EndArtifactDownloadEvent.java";"org.apache.ivy.core.event.download";"NO";"NO";"NO";"NO";"NO";"NO";"NO";"NO";"NO";"NO";"NO";"NO";"NO";"NO";"YES";"1";"0";"2";"1";"0";"0.33333334"
"DefaultPomDependencyMgt.java";"org.apache.ivy.plugins.parser.m2";"NO";"NO";"NO";"NO";"NO";"NO";"NO";"NO";"NO";"NO";"NO";"NO";"NO";"NO";"NO";"0";"0";"0";"0";"0";"0.0"
"LatestTimeStrategy.java";"org.apache.ivy.plugins.latest";"NO";"NO";"NO";"NO";"NO";"NO";"NO";"NO";"NO";"NO";"NO";"NO";"NO";"NO";"YES";"0";"0";"2";"0";"0";"0.0"
"TransferListener.java";"org.apache.ivy.plugins.repository";"NO";"NO";"NO";"NO";"NO";"NO";"NO";"NO";"NO";"NO";"NO";"NO";"NO";"NO";"YES";"0";"0";"2";"0";"0";"0.0"
"PackagerResolver.java";"org.apache.ivy.plugins.resolver.packager";"NO";"NO";"NO";"NO";"NO";"NO";"NO";"NO";"NO";"NO";"NO";"NO";"NO";"NO";"NO";"0";"0";"0";"0";"0";"0.0"
"IvyListModules.java";"org.apache.ivy.ant";"NO";"NO";"NO";"NO";"NO";"NO";"NO";"NO";"NO";"NO";"NO";"NO";"NO";"NO";"YES";"2";"0";"3";"2";"0";"0.4"
"P2ArtifactParser.java";"org.apache.ivy.osgi.p2";"NO";"NO";"NO";"NO";"NO";"NO";"NO";"NO";"NO";"NO";"NO";"NO";"NO";"NO";"NO";"0";"0";"0";"0";"0";"0.0"
"XMLHelper.java";"org.apache.ivy.util";"NO";"NO";"NO";"NO";"NO";"NO";"NO";"NO";"NO";"NO";"NO";"NO";"YES";"YES";"YES";"0";"0";"2";"0";"0";"0.0"
"IvyEventFilter.java";"org.apache.ivy.core.event";"NO";"NO";"NO";"NO";"NO";"NO";"NO";"NO";"NO";"NO";"NO";"NO";"NO";"NO";"YES";"2";"0";"3";"2";"0";"0.4"
"AbstractSshBasedResolver.java";"org.apache.ivy.plugins.resolver";"NO";"NO";"NO";"NO";"NO";"NO";"NO";"NO";"NO";"NO";"NO";"NO";"NO";"NO";"YES";"0";"0";"2";"0";"0";"0.0"
"InstallEngineSettings.java";"org.apache.ivy.core.install";"NO";"NO";"NO";"NO";"NO";"NO";"NO";"NO";"NO";"NO";"NO";"NO";"NO";"NO";"NO";"0";"0";"0";"0";"0";"0.0"
"MirroredURLResolver.java";"org.apache.ivy.plugins.resolver";"NO";"NO";"NO";"NO";"NO";"NO";"NO";"NO";"NO";"NO";"NO";"NO";"NO";"NO";"NO";"0";"0";"0";"0";"0";"0.0"
"LatestConflictManager.java";"org.apache.ivy.plugins.conflict";"NO";"NO";"NO";"NO";"NO";"NO";"NO";"NO";"NO";"NO";"NO";"NO";"NO";"NO";"YES";"0";"0";"3";"0";"0";"0.0"
"AntWorkspaceResolver.java";"org.apache.ivy.ant";"NO";"NO";"NO";"NO";"NO";"NO";"NO";"NO";"NO";"NO";"NO";"NO";"NO";"NO";"NO";"0";"0";"0";"0";"0";"0.0"
"WorkspaceLatestStrategy.java";"org.apache.ivy.plugins.latest";"NO";"NO";"NO";"NO";"NO";"NO";"NO";"NO";"NO";"NO";"NO";"NO";"NO";"NO";"NO";"0";"0";"0";"0";"0";"0.0"
"IvyDependencyConf.java";"org.apache.ivy.ant";"NO";"NO";"NO";"NO";"NO";"NO";"NO";"NO";"NO";"NO";"NO";"NO";"NO";"NO";"NO";"0";"0";"0";"0";"0";"0.0"
"CheckEngine.java";"org.apache.ivy.core.check";"NO";"NO";"NO";"NO";"NO";"NO";"NO";"NO";"NO";"NO";"NO";"NO";"NO";"NO";"YES";"1";"0";"2";"1";"0";"0.33333334"
"ExtraInfoHolder.java";"org.apache.ivy.core.module.descriptor";"NO";"NO";"NO";"NO";"NO";"NO";"NO";"NO";"NO";"NO";"NO";"NO";"NO";"NO";"NO";"0";"0";"0";"0";"0";"0.0"
"JarModule.java";"org.apache.ivy.tools.analyser";"NO";"NO";"NO";"NO";"NO";"NO";"NO";"NO";"NO";"NO";"NO";"NO";"NO";"NO";"YES";"0";"0";"2";"0";"0";"0.0"
"MRIDTransformationRule.java";"org.apache.ivy.plugins.namespace";"NO";"NO";"NO";"NO";"NO";"NO";"NO";"NO";"NO";"NO";"NO";"NO";"NO";"NO";"YES";"0";"0";"2";"0";"0";"0.0"
"IvyBuildNumber.java";"org.apache.ivy.ant";"NO";"NO";"NO";"NO";"NO";"NO";"NO";"NO";"NO";"NO";"NO";"NO";"NO";"NO";"YES";"2";"0";"4";"2";"0";"0.33333334"
"JarModuleFinder.java";"org.apache.ivy.tools.analyser";"NO";"NO";"NO";"NO";"NO";"NO";"NO";"NO";"NO";"NO";"NO";"NO";"NO";"NO";"YES";"0";"0";"2";"0";"0";"0.0"
"XmlModuleDescriptorWriter.java";"org.apache.ivy.plugins.parser.xml";"NO";"NO";"NO";"NO";"NO";"NO";"YES";"NO";"NO";"NO";"NO";"NO";"NO";"YES";"YES";"1";"0";"3";"1";"0";"0.25"
"DefaultExcludeRule.java";"org.apache.ivy.core.module.descriptor";"NO";"NO";"NO";"NO";"NO";"NO";"NO";"NO";"NO";"NO";"NO";"NO";"NO";"NO";"YES";"0";"0";"2";"0";"0";"0.0"
"IvyDependency.java";"org.apache.ivy.ant";"NO";"NO";"NO";"NO";"NO";"NO";"NO";"NO";"NO";"NO";"NO";"NO";"NO";"NO";"NO";"0";"0";"0";"0";"0";"0.0"
"ArtifactRevisionId.java";"org.apache.ivy.core.module.id";"NO";"NO";"NO";"NO";"NO";"NO";"NO";"NO";"NO";"NO";"NO";"NO";"NO";"NO";"YES";"1";"0";"3";"1";"0";"0.25"
"PropertiesFile.java";"org.apache.ivy.util";"NO";"NO";"NO";"NO";"NO";"NO";"NO";"NO";"NO";"NO";"NO";"NO";"NO";"NO";"YES";"0";"0";"2";"0";"0";"0.0"
"ConfigurationUtils.java";"org.apache.ivy.util";"NO";"NO";"NO";"NO";"NO";"NO";"NO";"NO";"NO";"NO";"NO";"NO";"NO";"NO";"YES";"1";"0";"5";"1";"0";"0.16666667"
"ExactPatternMatcher.java";"org.apache.ivy.plugins.matcher";"NO";"NO";"NO";"NO";"NO";"NO";"NO";"NO";"NO";"NO";"NO";"NO";"NO";"NO";"YES";"0";"0";"2";"0";"0";"0.0"
"DeliverOptions.java";"org.apache.ivy.core.deliver";"NO";"NO";"NO";"NO";"NO";"NO";"NO";"NO";"NO";"NO";"NO";"NO";"NO";"NO";"YES";"1";"0";"3";"1";"0";"0.25"
"StringUtils.java";"org.apache.ivy.util";"NO";"NO";"NO";"NO";"NO";"NO";"NO";"NO";"NO";"NO";"NO";"NO";"NO";"NO";"YES";"1";"0";"4";"1";"0";"0.2"
"StreamPacking.java";"org.apache.ivy.core.pack";"NO";"NO";"NO";"NO";"NO";"NO";"NO";"NO";"NO";"NO";"NO";"NO";"NO";"NO";"NO";"0";"0";"0";"0";"0";"0.0"
"VsftpResource.java";"org.apache.ivy.plugins.repository.vsftp";"NO";"NO";"NO";"NO";"NO";"NO";"NO";"NO";"NO";"NO";"NO";"NO";"NO";"NO";"YES";"0";"0";"2";"0";"0";"0.0"
"RetrieveReport.java";"org.apache.ivy.core.retrieve";"NO";"NO";"NO";"NO";"NO";"NO";"NO";"NO";"NO";"NO";"NO";"NO";"NO";"NO";"NO";"0";"0";"0";"0";"0";"0.0"
"ModuleDescriptorWriter.java";"org.apache.ivy.core.cache";"NO";"NO";"NO";"NO";"NO";"NO";"NO";"NO";"NO";"NO";"NO";"NO";"NO";"NO";"NO";"0";"0";"0";"0";"0";"0.0"
"ModuleDescriptorSorter.java";"org.apache.ivy.core.sort";"NO";"NO";"NO";"NO";"NO";"NO";"NO";"NO";"NO";"NO";"NO";"NO";"NO";"NO";"YES";"1";"0";"4";"1";"0";"0.2"
"ArtifactReportManifestIterable.java";"org.apache.ivy.osgi.repo";"NO";"NO";"NO";"NO";"NO";"NO";"NO";"NO";"NO";"NO";"NO";"NO";"NO";"NO";"NO";"0";"0";"0";"0";"0";"0.0"
"AntMessageLogger.java";"org.apache.ivy.ant";"NO";"NO";"NO";"NO";"NO";"NO";"NO";"NO";"NO";"NO";"NO";"NO";"NO";"NO";"NO";"0";"0";"0";"0";"0";"0.0"
"DefaultDependencyArtifactDescriptor.java";"org.apache.ivy.core.module.descriptor";"NO";"NO";"NO";"NO";"NO";"NO";"NO";"NO";"NO";"NO";"NO";"NO";"NO";"NO";"YES";"1";"0";"2";"1";"0";"0.33333334"
"ResolverManifestIterable.java";"org.apache.ivy.osgi.repo";"NO";"NO";"NO";"NO";"NO";"NO";"NO";"NO";"NO";"NO";"NO";"NO";"NO";"NO";"NO";"0";"0";"0";"0";"0";"0.0"
"ParseUtil.java";"org.apache.ivy.osgi.util";"NO";"NO";"NO";"NO";"NO";"NO";"NO";"NO";"NO";"NO";"NO";"NO";"NO";"NO";"NO";"0";"0";"0";"0";"0";"0.0"
"ReportOutputter.java";"org.apache.ivy.plugins.report";"NO";"NO";"NO";"NO";"NO";"NO";"NO";"NO";"NO";"NO";"NO";"NO";"NO";"NO";"YES";"1";"0";"2";"1";"0";"0.33333334"
"NamedTimeoutConstraint.java";"org.apache.ivy.core.settings";"NO";"NO";"NO";"NO";"NO";"NO";"NO";"NO";"NO";"NO";"NO";"NO";"NO";"NO";"NO";"0";"0";"0";"0";"0";"0.0"
"IvyRetrieve.java";"org.apache.ivy.ant";"NO";"NO";"NO";"NO";"NO";"NO";"NO";"NO";"NO";"NO";"NO";"NO";"NO";"NO";"YES";"3";"0";"4";"3";"0";"0.42857143"
"OSGiFilter.java";"org.apache.ivy.osgi.filter";"NO";"NO";"NO";"NO";"NO";"NO";"NO";"NO";"NO";"NO";"NO";"NO";"NO";"NO";"NO";"0";"0";"0";"0";"0";"0.0"
"P2Descriptor.java";"org.apache.ivy.osgi.p2";"NO";"NO";"NO";"NO";"NO";"NO";"NO";"NO";"NO";"NO";"NO";"NO";"NO";"NO";"NO";"0";"0";"0";"0";"0";"0.0"
"OsgiLatestStrategy.java";"org.apache.ivy.osgi.core";"NO";"NO";"NO";"NO";"NO";"NO";"NO";"NO";"NO";"NO";"NO";"NO";"NO";"NO";"NO";"0";"0";"0";"0";"0";"0.0"
"LatestCompatibleConflictManager.java";"org.apache.ivy.plugins.conflict";"NO";"NO";"NO";"NO";"NO";"NO";"NO";"NO";"NO";"NO";"NO";"NO";"NO";"NO";"NO";"0";"0";"0";"0";"0";"0.0"
"NormalRelativeUrlResolver.java";"org.apache.ivy.core";"NO";"NO";"NO";"NO";"NO";"NO";"NO";"NO";"NO";"NO";"NO";"NO";"NO";"NO";"YES";"2";"0";"3";"2";"0";"0.4"
"IvyFindRevision.java";"org.apache.ivy.ant";"NO";"NO";"NO";"NO";"NO";"NO";"NO";"NO";"NO";"NO";"NO";"NO";"NO";"NO";"YES";"2";"0";"3";"2";"0";"0.4"
"BundleInfo.java";"org.apache.ivy.osgi.core";"NO";"NO";"NO";"NO";"NO";"NO";"NO";"NO";"NO";"NO";"NO";"NO";"NO";"NO";"NO";"0";"0";"0";"0";"0";"0.0"
"BundleRepoDescriptor.java";"org.apache.ivy.osgi.repo";"NO";"NO";"NO";"NO";"NO";"NO";"NO";"NO";"NO";"NO";"NO";"NO";"NO";"NO";"NO";"0";"0";"0";"0";"0";"0.0"
"ModuleEntry.java";"org.apache.ivy.core.search";"NO";"NO";"NO";"NO";"NO";"NO";"NO";"NO";"NO";"NO";"NO";"NO";"NO";"NO";"YES";"1";"0";"2";"1";"0";"0.33333334"
"VsftpResolver.java";"org.apache.ivy.plugins.resolver";"NO";"NO";"NO";"NO";"NO";"NO";"NO";"NO";"NO";"NO";"NO";"NO";"NO";"NO";"YES";"0";"0";"2";"0";"0";"0.0"
"OverrideDependencyDescriptorMediator.java";"org.apache.ivy.core.module.descriptor";"NO";"NO";"NO";"NO";"NO";"NO";"NO";"NO";"NO";"NO";"NO";"NO";"NO";"NO";"NO";"0";"0";"0";"0";"0";"0.0"
"VisitNode.java";"org.apache.ivy.core.resolve";"NO";"NO";"NO";"NO";"NO";"NO";"NO";"NO";"NO";"NO";"NO";"NO";"NO";"NO";"YES";"2";"0";"4";"2";"0";"0.33333334"
"IvyConvertPom.java";"org.apache.ivy.ant";"NO";"NO";"NO";"NO";"NO";"NO";"NO";"NO";"NO";"NO";"NO";"NO";"NO";"NO";"YES";"2";"0";"3";"2";"0";"0.4"
"AbstractWorkspaceResolver.java";"org.apache.ivy.plugins.resolver";"NO";"NO";"NO";"NO";"NO";"NO";"NO";"NO";"NO";"NO";"NO";"NO";"NO";"NO";"NO";"0";"0";"0";"0";"0";"0.0"
"FilterHelper.java";"org.apache.ivy.util.filter";"NO";"NO";"NO";"NO";"NO";"NO";"NO";"NO";"NO";"NO";"NO";"NO";"NO";"NO";"YES";"0";"0";"4";"0";"0";"0.0"
"AbstractMessageLogger.java";"org.apache.ivy.util";"NO";"NO";"NO";"NO";"NO";"NO";"NO";"NO";"NO";"NO";"NO";"NO";"NO";"NO";"NO";"0";"0";"0";"0";"0";"0.0"
"XmlReportWriter.java";"org.apache.ivy.plugins.report";"NO";"NO";"NO";"NO";"NO";"NO";"NO";"NO";"NO";"NO";"NO";"NO";"NO";"NO";"NO";"0";"0";"0";"0";"0";"0.0"
"RepositoryAnalyser.java";"org.apache.ivy.tools.analyser";"NO";"NO";"NO";"NO";"NO";"NO";"NO";"NO";"NO";"NO";"NO";"NO";"NO";"NO";"YES";"0";"0";"2";"0";"0";"0.0"
"ExcludeRule.java";"org.apache.ivy.core.module.descriptor";"NO";"NO";"NO";"NO";"NO";"NO";"NO";"NO";"NO";"NO";"NO";"NO";"NO";"NO";"YES";"0";"0";"2";"0";"0";"0.0"
"VersionRangeMatcher.java";"org.apache.ivy.plugins.version";"NO";"NO";"NO";"NO";"NO";"NO";"NO";"NO";"NO";"NO";"NO";"NO";"NO";"NO";"YES";"1";"0";"4";"1";"0";"0.2"
"CopyProgressListener.java";"org.apache.ivy.util";"NO";"NO";"NO";"NO";"NO";"NO";"NO";"NO";"NO";"NO";"NO";"NO";"NO";"NO";"YES";"0";"0";"2";"0";"0";"0.0"
"RelativeURLRepository.java";"org.apache.ivy.osgi.repo";"NO";"NO";"NO";"NO";"NO";"NO";"NO";"NO";"NO";"NO";"NO";"NO";"NO";"NO";"NO";"0";"0";"0";"0";"0";"0.0"
"DeliverEngine.java";"org.apache.ivy.core.deliver";"NO";"NO";"NO";"NO";"NO";"NO";"NO";"NO";"NO";"NO";"NO";"NO";"NO";"NO";"YES";"1";"1";"4";"2";"0";"0.33333334"
"FixedConflictManager.java";"org.apache.ivy.plugins.conflict";"NO";"NO";"NO";"NO";"NO";"NO";"NO";"NO";"NO";"NO";"NO";"NO";"NO";"NO";"YES";"0";"0";"3";"0";"0";"0.0"
"IvyVariableContainerImpl.java";"org.apache.ivy.core.settings";"NO";"NO";"NO";"NO";"NO";"NO";"NO";"NO";"NO";"NO";"NO";"NO";"NO";"NO";"YES";"2";"0";"1";"2";"0";"0.6666667"
"FeatureParser.java";"org.apache.ivy.osgi.updatesite.xml";"NO";"NO";"NO";"NO";"NO";"NO";"NO";"NO";"NO";"NO";"NO";"NO";"NO";"NO";"NO";"0";"0";"0";"0";"0";"0.0"
"VisitData.java";"org.apache.ivy.core.resolve";"NO";"NO";"NO";"NO";"NO";"NO";"NO";"NO";"NO";"NO";"NO";"NO";"NO";"NO";"YES";"2";"0";"2";"2";"0";"0.5"
"ResolveDependencyEvent.java";"org.apache.ivy.core.event.resolve";"NO";"NO";"NO";"NO";"NO";"NO";"NO";"NO";"NO";"NO";"NO";"NO";"NO";"NO";"YES";"1";"0";"2";"1";"0";"0.33333334"
"RetrieveArtifactEvent.java";"org.apache.ivy.core.event.retrieve";"NO";"NO";"NO";"NO";"NO";"NO";"NO";"NO";"NO";"NO";"NO";"NO";"NO";"NO";"NO";"0";"0";"0";"0";"0";"0.0"
"ResolveEngineSettings.java";"org.apache.ivy.core.resolve";"NO";"NO";"NO";"NO";"NO";"NO";"NO";"NO";"NO";"NO";"NO";"NO";"NO";"NO";"NO";"0";"0";"0";"0";"0";"0.0"
"XmlModuleDescriptorParserTest.java";"org.apache.ivy.plugins.parser.xml";"NO";"NO";"NO";"NO";"NO";"NO";"YES";"NO";"NO";"NO";"NO";"NO";"NO";"YES";"NO";"0";"0";"0";"0";"0";"0.0"
"P2MetadataParser.java";"org.apache.ivy.osgi.p2";"NO";"NO";"NO";"NO";"NO";"NO";"NO";"NO";"NO";"NO";"NO";"NO";"NO";"NO";"NO";"0";"0";"0";"0";"0";"0.0"
"LazyResource.java";"org.apache.ivy.plugins.repository";"NO";"NO";"NO";"NO";"NO";"NO";"NO";"NO";"NO";"NO";"NO";"NO";"YES";"YES";"YES";"0";"0";"2";"0";"0";"0.0"
"CircularDependencyStrategy.java";"org.apache.ivy.plugins.circular";"NO";"NO";"NO";"NO";"NO";"NO";"NO";"NO";"NO";"NO";"NO";"NO";"NO";"NO";"YES";"0";"0";"4";"0";"0";"0.0"
"AntCallTrigger.java";"org.apache.ivy.ant";"NO";"NO";"NO";"NO";"NO";"NO";"NO";"NO";"NO";"NO";"NO";"NO";"NO";"NO";"YES";"2";"0";"4";"2";"0";"0.33333334"
"IvyDependencyUpdateChecker.java";"org.apache.ivy.ant";"NO";"NO";"NO";"NO";"NO";"NO";"NO";"NO";"NO";"NO";"NO";"NO";"NO";"NO";"NO";"0";"0";"0";"0";"0";"0.0"
"IvySettingsAware.java";"org.apache.ivy.plugins";"NO";"NO";"NO";"NO";"NO";"NO";"NO";"NO";"NO";"NO";"NO";"NO";"NO";"NO";"YES";"0";"0";"1";"0";"0";"0.0"
"ExactOrRegexpPatternMatcher.java";"org.apache.ivy.plugins.matcher";"NO";"NO";"NO";"NO";"NO";"NO";"NO";"NO";"NO";"NO";"NO";"NO";"NO";"NO";"YES";"0";"0";"2";"0";"0";"0.0"
"SubVersionMatcher.java";"org.apache.ivy.plugins.version";"NO";"NO";"NO";"NO";"NO";"NO";"NO";"NO";"NO";"NO";"NO";"NO";"NO";"NO";"YES";"0";"0";"2";"0";"0";"0.0"
"OrFilter.java";"org.apache.ivy.util.filter";"NO";"NO";"NO";"NO";"NO";"NO";"NO";"NO";"NO";"NO";"NO";"NO";"NO";"NO";"YES";"0";"0";"3";"0";"0";"0.0"
"DefaultExtendableItem.java";"org.apache.ivy.util.extendable";"NO";"NO";"NO";"NO";"NO";"NO";"NO";"NO";"NO";"NO";"NO";"NO";"NO";"NO";"YES";"0";"0";"2";"0";"0";"0.0"
"EndRetrieveEvent.java";"org.apache.ivy.core.event.retrieve";"NO";"NO";"NO";"NO";"NO";"NO";"NO";"NO";"NO";"NO";"NO";"NO";"NO";"NO";"NO";"0";"0";"0";"0";"0";"0.0"
"CacheResolver.java";"org.apache.ivy.plugins.resolver";"NO";"NO";"NO";"NO";"NO";"NO";"NO";"NO";"NO";"NO";"NO";"NO";"NO";"NO";"YES";"0";"0";"2";"0";"0";"0.0"
"ParseException.java";"org.apache.ivy.util.cli";"NO";"NO";"NO";"NO";"NO";"NO";"NO";"NO";"NO";"NO";"NO";"NO";"NO";"NO";"NO";"0";"0";"0";"0";"0";"0.0"
"RetrieveOptions.java";"org.apache.ivy.core.retrieve";"NO";"NO";"NO";"NO";"NO";"NO";"NO";"NO";"NO";"NO";"NO";"NO";"NO";"NO";"YES";"1";"0";"2";"1";"0";"0.33333334"
"FileResource.java";"org.apache.ivy.plugins.repository.file";"NO";"NO";"NO";"NO";"NO";"NO";"NO";"NO";"NO";"NO";"NO";"NO";"NO";"NO";"YES";"0";"0";"2";"0";"0";"0.0"
"OrFilter.java";"org.apache.ivy.osgi.filter";"NO";"NO";"NO";"NO";"NO";"NO";"NO";"NO";"NO";"NO";"NO";"NO";"NO";"NO";"NO";"0";"0";"0";"0";"0";"0.0"
"ArtifactInfo.java";"org.apache.ivy.plugins.latest";"NO";"NO";"NO";"NO";"NO";"NO";"NO";"NO";"NO";"NO";"NO";"NO";"NO";"NO";"YES";"0";"0";"2";"0";"0";"0.0"
"DefaultModuleDescriptor.java";"org.apache.ivy.core.module.descriptor";"NO";"NO";"NO";"NO";"NO";"NO";"NO";"NO";"NO";"NO";"NO";"NO";"NO";"NO";"YES";"1";"0";"3";"1";"0";"0.25"
"P2CompositeParser.java";"org.apache.ivy.osgi.p2";"NO";"NO";"NO";"NO";"NO";"NO";"NO";"NO";"NO";"NO";"NO";"NO";"NO";"NO";"NO";"0";"0";"0";"0";"0";"0.0"
"HostUtil.java";"org.apache.ivy.util";"NO";"NO";"NO";"NO";"NO";"NO";"NO";"NO";"NO";"NO";"NO";"NO";"NO";"NO";"YES";"0";"0";"1";"0";"0";"0.0"
"URLHandlerDispatcher.java";"org.apache.ivy.util.url";"NO";"NO";"NO";"NO";"NO";"NO";"NO";"NO";"NO";"NO";"NO";"NO";"NO";"NO";"YES";"1";"0";"3";"1";"0";"0.25"
"PomDependencyMgt.java";"org.apache.ivy.plugins.parser.m2";"NO";"NO";"NO";"NO";"NO";"NO";"NO";"NO";"NO";"NO";"NO";"NO";"NO";"NO";"NO";"0";"0";"0";"0";"0";"0.0"
"XmlSettingsParser.java";"org.apache.ivy.core.settings";"NO";"NO";"NO";"NO";"NO";"NO";"NO";"NO";"NO";"NO";"NO";"NO";"NO";"NO";"YES";"2";"0";"3";"2";"0";"0.4"
"ModuleRevisionId.java";"org.apache.ivy.core.module.id";"NO";"NO";"NO";"NO";"NO";"NO";"NO";"NO";"NO";"NO";"NO";"NO";"NO";"NO";"YES";"2";"0";"3";"2";"0";"0.4"
"Version.java";"org.apache.ivy.osgi.util";"NO";"NO";"NO";"NO";"NO";"NO";"NO";"NO";"NO";"NO";"NO";"NO";"NO";"NO";"NO";"0";"0";"0";"0";"0";"0.0"
"IvyResources.java";"org.apache.ivy.ant";"NO";"NO";"NO";"NO";"NO";"NO";"NO";"NO";"NO";"NO";"NO";"NO";"NO";"NO";"NO";"0";"0";"0";"0";"0";"0.0"
"AbstractPatternsBasedResolver.java";"org.apache.ivy.plugins.resolver";"NO";"NO";"NO";"NO";"NO";"NO";"NO";"NO";"NO";"NO";"NO";"NO";"NO";"NO";"NO";"0";"0";"0";"0";"0";"0.0"
"ExportPackage.java";"org.apache.ivy.osgi.core";"NO";"NO";"NO";"NO";"NO";"NO";"NO";"NO";"NO";"NO";"NO";"NO";"NO";"NO";"NO";"0";"0";"0";"0";"0";"0.0"
"Resource.java";"org.apache.ivy.plugins.repository";"NO";"NO";"NO";"NO";"NO";"NO";"NO";"NO";"NO";"NO";"NO";"NO";"NO";"NO";"YES";"0";"0";"2";"0";"0";"0.0"
"VersionRange.java";"org.apache.ivy.osgi.util";"NO";"NO";"NO";"NO";"NO";"NO";"NO";"NO";"NO";"NO";"NO";"NO";"NO";"NO";"NO";"0";"0";"0";"0";"0";"0.0"
"PomReader.java";"org.apache.ivy.plugins.parser.m2";"NO";"NO";"NO";"NO";"NO";"NO";"NO";"NO";"NO";"NO";"NO";"NO";"NO";"NO";"NO";"0";"0";"0";"0";"0";"0.0"
"DependencyAnalyser.java";"org.apache.ivy.tools.analyser";"NO";"NO";"NO";"NO";"NO";"NO";"NO";"NO";"NO";"NO";"NO";"NO";"NO";"NO";"YES";"0";"0";"2";"0";"0";"0.0"
"XmlModuleDescriptorParser.java";"org.apache.ivy.plugins.parser.xml";"NO";"NO";"NO";"NO";"NO";"NO";"NO";"NO";"NO";"NO";"NO";"NO";"NO";"NO";"YES";"1";"0";"8";"1";"0";"0.11111111"
"MapMatcher.java";"org.apache.ivy.plugins.matcher";"NO";"NO";"NO";"NO";"NO";"NO";"NO";"NO";"NO";"NO";"NO";"NO";"NO";"NO";"NO";"0";"0";"0";"0";"0";"0.0"
"ChainResolver.java";"org.apache.ivy.plugins.resolver";"NO";"NO";"NO";"NO";"NO";"NO";"NO";"NO";"NO";"NO";"NO";"NO";"NO";"NO";"YES";"1";"0";"2";"1";"0";"0.33333334"
"IvyExtractFromSources.java";"org.apache.ivy.ant";"NO";"NO";"NO";"NO";"NO";"NO";"NO";"NO";"NO";"NO";"NO";"NO";"NO";"NO";"YES";"2";"0";"3";"2";"0";"0.4"
"ParserSettingsMonitor.java";"org.apache.ivy.core.cache";"NO";"NO";"NO";"NO";"NO";"NO";"NO";"NO";"NO";"NO";"NO";"NO";"NO";"NO";"NO";"0";"0";"0";"0";"0";"0.0"
"IvyListener.java";"org.apache.ivy.core.event";"NO";"NO";"NO";"NO";"NO";"NO";"NO";"NO";"NO";"NO";"NO";"NO";"NO";"NO";"YES";"0";"0";"1";"0";"0";"0.0"
"UpdateSite.java";"org.apache.ivy.osgi.updatesite.xml";"NO";"NO";"NO";"NO";"NO";"NO";"NO";"NO";"NO";"NO";"NO";"NO";"NO";"NO";"NO";"0";"0";"0";"0";"0";"0.0"
"SshRepository.java";"org.apache.ivy.plugins.repository.ssh";"NO";"NO";"NO";"YES";"NO";"NO";"NO";"NO";"NO";"NO";"NO";"NO";"NO";"YES";"YES";"0";"0";"3";"0";"0";"0.0"
"AbstractLogCircularDependencyStrategy.java";"org.apache.ivy.plugins.circular";"NO";"NO";"NO";"NO";"NO";"NO";"NO";"NO";"NO";"NO";"NO";"NO";"NO";"NO";"NO";"0";"0";"0";"0";"0";"0.0"
"AggregatedOSGiResolver.java";"org.apache.ivy.osgi.repo";"NO";"NO";"NO";"NO";"NO";"NO";"NO";"NO";"NO";"NO";"NO";"NO";"NO";"NO";"NO";"0";"0";"0";"0";"0";"0.0"
"ModuleId.java";"org.apache.ivy.core.module.id";"NO";"NO";"NO";"NO";"NO";"NO";"NO";"NO";"NO";"NO";"NO";"NO";"NO";"NO";"YES";"3";"0";"5";"3";"0";"0.375"
"ResolverSettings.java";"org.apache.ivy.plugins.resolver";"NO";"NO";"NO";"NO";"NO";"NO";"NO";"NO";"NO";"NO";"NO";"NO";"NO";"NO";"NO";"0";"0";"0";"0";"0";"0.0"
"UpdateSiteLoader.java";"org.apache.ivy.osgi.updatesite";"NO";"NO";"NO";"NO";"NO";"NO";"NO";"NO";"NO";"NO";"NO";"NO";"NO";"NO";"NO";"0";"0";"0";"0";"0";"0.0"
"PatternVersionMatcher.java";"org.apache.ivy.plugins.version";"NO";"NO";"NO";"NO";"NO";"NO";"NO";"NO";"NO";"NO";"NO";"NO";"NO";"NO";"YES";"1";"0";"3";"1";"0";"0.25"
"ManifestParser.java";"org.apache.ivy.osgi.core";"NO";"NO";"NO";"NO";"NO";"NO";"NO";"NO";"NO";"NO";"NO";"NO";"NO";"NO";"NO";"0";"0";"0";"0";"0";"0.0"
"IBiblioResolver.java";"org.apache.ivy.plugins.resolver";"NO";"NO";"NO";"NO";"NO";"NO";"NO";"NO";"NO";"NO";"NO";"NO";"NO";"NO";"YES";"0";"0";"3";"0";"0";"0.0"
"CacheUtil.java";"org.apache.ivy.core.cache";"NO";"NO";"NO";"NO";"NO";"NO";"NO";"NO";"NO";"NO";"NO";"NO";"NO";"NO";"NO";"0";"0";"0";"0";"0";"0.0"
"DefaultWorkspaceModuleDescriptor.java";"org.apache.ivy.core.module.descriptor";"NO";"NO";"NO";"NO";"NO";"NO";"NO";"NO";"NO";"NO";"NO";"NO";"NO";"NO";"NO";"0";"0";"0";"0";"0";"0.0"
"UpdateOptions.java";"org.apache.ivy.plugins.parser.xml";"NO";"NO";"NO";"NO";"NO";"NO";"NO";"NO";"NO";"NO";"NO";"NO";"NO";"NO";"NO";"0";"0";"0";"0";"0";"0.0"
"FilteredIvyListener.java";"org.apache.ivy.core.event";"NO";"NO";"NO";"NO";"NO";"NO";"NO";"NO";"NO";"NO";"NO";"NO";"NO";"NO";"YES";"1";"0";"2";"1";"0";"0.33333334"
"IgnoreCircularDependencyStrategy.java";"org.apache.ivy.plugins.circular";"NO";"NO";"NO";"NO";"NO";"NO";"NO";"NO";"NO";"NO";"NO";"NO";"NO";"NO";"YES";"0";"0";"3";"0";"0";"0.0"
"StrictConflictException.java";"org.apache.ivy.plugins.conflict";"NO";"NO";"NO";"NO";"NO";"NO";"NO";"NO";"NO";"NO";"NO";"NO";"NO";"NO";"YES";"0";"0";"1";"0";"0";"0.0"
"ArtifactTypeFilter.java";"org.apache.ivy.util.filter";"NO";"NO";"NO";"NO";"NO";"NO";"NO";"NO";"NO";"NO";"NO";"NO";"NO";"NO";"YES";"0";"0";"3";"0";"0";"0.0"
"MavenTimedSnapshotVersionMatcher.java";"org.apache.ivy.plugins.version";"NO";"NO";"NO";"NO";"NO";"NO";"NO";"NO";"NO";"NO";"NO";"NO";"NO";"NO";"NO";"0";"0";"0";"0";"0";"0.0"
"BundleRequirement.java";"org.apache.ivy.osgi.core";"NO";"NO";"NO";"NO";"NO";"NO";"NO";"NO";"NO";"NO";"NO";"NO";"NO";"NO";"NO";"0";"0";"0";"0";"0";"0.0"
"LatestRevisionStrategy.java";"org.apache.ivy.plugins.latest";"NO";"NO";"NO";"NO";"NO";"NO";"NO";"NO";"NO";"NO";"NO";"NO";"NO";"NO";"YES";"0";"0";"3";"0";"0";"0.0"
"TransferEvent.java";"org.apache.ivy.plugins.repository";"NO";"NO";"NO";"NO";"NO";"NO";"NO";"NO";"NO";"NO";"NO";"NO";"NO";"NO";"YES";"0";"0";"2";"0";"0";"0.0"
"CacheMetadataOptions.java";"org.apache.ivy.core.cache";"NO";"NO";"NO";"NO";"NO";"NO";"NO";"NO";"NO";"NO";"NO";"NO";"NO";"NO";"NO";"0";"0";"0";"0";"0";"0.0"
"DefaultRepositoryCacheManager.java";"org.apache.ivy.core.cache";"NO";"NO";"NO";"NO";"NO";"NO";"NO";"NO";"NO";"NO";"NO";"NO";"NO";"NO";"NO";"0";"0";"0";"0";"0";"0.0"
"IvyDependencyTree.java";"org.apache.ivy.ant";"NO";"NO";"NO";"NO";"NO";"NO";"NO";"NO";"NO";"NO";"NO";"NO";"NO";"NO";"NO";"0";"0";"0";"0";"0";"0.0"
"IvySettings.java";"org.apache.ivy.core.settings";"NO";"NO";"NO";"NO";"YES";"NO";"NO";"NO";"NO";"NO";"NO";"NO";"NO";"YES";"YES";"3";"1";"9";"3";"1";"0.25"
"IncludeRule.java";"org.apache.ivy.core.module.descriptor";"NO";"NO";"NO";"NO";"NO";"NO";"NO";"NO";"NO";"NO";"NO";"NO";"NO";"NO";"YES";"0";"0";"2";"0";"0";"0.0"
"MatcherHelper.java";"org.apache.ivy.plugins.matcher";"NO";"NO";"NO";"NO";"NO";"NO";"NO";"NO";"NO";"NO";"NO";"NO";"NO";"NO";"YES";"0";"0";"2";"0";"0";"0.0"
"StrictConflictManager.java";"org.apache.ivy.plugins.conflict";"NO";"NO";"NO";"NO";"NO";"NO";"NO";"NO";"NO";"NO";"NO";"NO";"NO";"NO";"YES";"0";"0";"2";"0";"0";"0.0"
"ResolveProcessException.java";"org.apache.ivy.core.resolve";"NO";"NO";"NO";"NO";"NO";"NO";"NO";"NO";"NO";"NO";"NO";"NO";"NO";"NO";"NO";"0";"0";"0";"0";"0";"0.0"
"ConvertManifestTask.java";"org.apache.ivy.ant";"NO";"NO";"NO";"NO";"NO";"NO";"NO";"NO";"NO";"NO";"NO";"NO";"NO";"NO";"NO";"0";"0";"0";"0";"0";"0.0"
"ArchivePacking.java";"org.apache.ivy.core.pack";"NO";"NO";"NO";"NO";"NO";"NO";"NO";"NO";"NO";"NO";"NO";"NO";"NO";"NO";"NO";"0";"0";"0";"0";"0";"0.0"
"DownloadListener.java";"org.apache.ivy.core.cache";"NO";"NO";"NO";"NO";"NO";"NO";"NO";"NO";"NO";"NO";"NO";"NO";"NO";"NO";"NO";"0";"0";"0";"0";"0";"0.0"
"CreateFileLockStrategy.java";"org.apache.ivy.plugins.lock";"NO";"NO";"NO";"NO";"NO";"NO";"NO";"NO";"NO";"NO";"NO";"NO";"NO";"NO";"NO";"0";"0";"0";"0";"0";"0.0"
"CompareFilter.java";"org.apache.ivy.osgi.filter";"NO";"NO";"NO";"NO";"NO";"NO";"NO";"NO";"NO";"NO";"NO";"NO";"NO";"NO";"NO";"0";"0";"0";"0";"0";"0.0"
"NoFilter.java";"org.apache.ivy.util.filter";"NO";"NO";"NO";"NO";"NO";"NO";"NO";"NO";"NO";"NO";"NO";"NO";"NO";"NO";"YES";"0";"0";"3";"0";"0";"0.0"
"WorkspaceChainResolver.java";"org.apache.ivy.plugins.resolver";"NO";"NO";"NO";"NO";"NO";"NO";"NO";"NO";"NO";"NO";"NO";"NO";"NO";"NO";"NO";"0";"0";"0";"0";"0";"0.0"
"CircularDependencyHelper.java";"org.apache.ivy.plugins.circular";"NO";"NO";"NO";"NO";"NO";"NO";"NO";"NO";"NO";"NO";"NO";"NO";"NO";"NO";"YES";"0";"0";"4";"0";"0";"0.0"
"Pack200Packing.java";"org.apache.ivy.core.pack";"NO";"NO";"NO";"NO";"NO";"NO";"NO";"NO";"NO";"NO";"NO";"NO";"NO";"NO";"NO";"0";"0";"0";"0";"0";"0.0"
"OBRXMLWriter.java";"org.apache.ivy.osgi.obr.xml";"NO";"NO";"NO";"NO";"NO";"NO";"NO";"NO";"NO";"NO";"NO";"NO";"NO";"NO";"NO";"0";"0";"0";"0";"0";"0.0"
"VersionComparator.java";"org.apache.ivy.osgi.util";"NO";"NO";"NO";"NO";"NO";"NO";"NO";"NO";"NO";"NO";"NO";"NO";"NO";"NO";"NO";"0";"0";"0";"0";"0";"0.0"
"EventManager.java";"org.apache.ivy.core.event";"NO";"NO";"NO";"NO";"NO";"NO";"NO";"NO";"NO";"NO";"NO";"NO";"NO";"NO";"YES";"1";"0";"2";"1";"0";"0.33333334"
"AbstractLockStrategy.java";"org.apache.ivy.plugins.lock";"NO";"NO";"NO";"NO";"NO";"NO";"NO";"NO";"NO";"NO";"NO";"NO";"NO";"NO";"NO";"0";"0";"0";"0";"0";"0.0"
"PackagingManager.java";"org.apache.ivy.core.pack";"NO";"NO";"NO";"NO";"NO";"NO";"NO";"NO";"NO";"NO";"NO";"NO";"NO";"NO";"NO";"0";"0";"0";"0";"0";"0.0"
"PomModuleDescriptorWriter.java";"org.apache.ivy.plugins.parser.m2";"NO";"NO";"NO";"NO";"NO";"NO";"NO";"NO";"NO";"NO";"NO";"NO";"NO";"NO";"NO";"0";"0";"0";"0";"0";"0.0"
"IvyTask.java";"org.apache.ivy.ant";"NO";"NO";"NO";"NO";"NO";"NO";"NO";"NO";"NO";"NO";"NO";"NO";"NO";"NO";"YES";"3";"0";"5";"3";"0";"0.375"
"EclipsePlugin.java";"org.apache.ivy.osgi.updatesite.xml";"NO";"NO";"NO";"NO";"NO";"NO";"NO";"NO";"NO";"NO";"NO";"NO";"NO";"NO";"NO";"0";"0";"0";"0";"0";"0.0"
"VfsRepository.java";"org.apache.ivy.plugins.repository.vfs";"NO";"NO";"NO";"NO";"NO";"NO";"NO";"NO";"NO";"NO";"NO";"NO";"NO";"NO";"YES";"1";"0";"2";"1";"0";"0.33333334"
"AbstractRepository.java";"org.apache.ivy.plugins.repository";"NO";"NO";"NO";"NO";"NO";"NO";"NO";"NO";"NO";"NO";"NO";"NO";"NO";"NO";"YES";"0";"0";"2";"0";"0";"0.0"
"DefaultDependencyDescriptor.java";"org.apache.ivy.core.module.descriptor";"NO";"NO";"NO";"NO";"NO";"NO";"NO";"NO";"NO";"NO";"NO";"NO";"NO";"NO";"YES";"1";"0";"4";"1";"0";"0.2"
"LatestVersionMatcher.java";"org.apache.ivy.plugins.version";"NO";"NO";"NO";"NO";"NO";"NO";"NO";"NO";"NO";"NO";"NO";"NO";"NO";"NO";"YES";"0";"0";"2";"0";"0";"0.0"
"Message.java";"org.apache.ivy.util";"NO";"NO";"NO";"NO";"NO";"NO";"NO";"NO";"NO";"NO";"NO";"NO";"NO";"NO";"YES";"1";"0";"2";"1";"0";"0.33333334"
"DownloadOptions.java";"org.apache.ivy.core.resolve";"NO";"NO";"NO";"NO";"NO";"NO";"NO";"NO";"NO";"NO";"NO";"NO";"NO";"NO";"YES";"1";"0";"2";"1";"0";"0.33333334"
"IvyDeliver.java";"org.apache.ivy.ant";"NO";"NO";"NO";"NO";"NO";"NO";"NO";"NO";"NO";"NO";"NO";"NO";"NO";"NO";"YES";"2";"0";"4";"2";"0";"0.33333334"
"AbstractResourceResolver.java";"org.apache.ivy.plugins.resolver";"NO";"NO";"NO";"NO";"NO";"NO";"NO";"NO";"NO";"NO";"NO";"NO";"YES";"YES";"YES";"1";"0";"3";"1";"0";"0.25"
"DefaultPublishingDRResolver.java";"org.apache.ivy.core.deliver";"NO";"NO";"NO";"NO";"NO";"NO";"NO";"NO";"NO";"NO";"NO";"NO";"NO";"NO";"YES";"0";"0";"2";"0";"0";"0.0"
"DefaultIncludeRule.java";"org.apache.ivy.core.module.descriptor";"NO";"NO";"NO";"NO";"NO";"NO";"NO";"NO";"NO";"NO";"NO";"NO";"NO";"NO";"YES";"0";"0";"2";"0";"0";"0.0"
"FileRepository.java";"org.apache.ivy.plugins.repository.file";"NO";"NO";"NO";"NO";"NO";"NO";"NO";"NO";"NO";"NO";"NO";"NO";"NO";"NO";"YES";"0";"0";"2";"0";"0";"0.0"
"MetadataArtifactDownloadReport.java";"org.apache.ivy.core.report";"NO";"NO";"NO";"NO";"NO";"NO";"NO";"NO";"NO";"NO";"NO";"NO";"NO";"NO";"NO";"0";"0";"0";"0";"0";"0.0"
"License.java";"org.apache.ivy.core.module.descriptor";"NO";"NO";"NO";"NO";"NO";"NO";"NO";"NO";"NO";"NO";"NO";"NO";"NO";"NO";"YES";"1";"0";"2";"1";"0";"0.33333334"
"IvyConflict.java";"org.apache.ivy.ant";"NO";"NO";"NO";"NO";"NO";"NO";"NO";"NO";"NO";"NO";"NO";"NO";"NO";"NO";"NO";"0";"0";"0";"0";"0";"0.0"
"IvyAntSettings.java";"org.apache.ivy.ant";"NO";"NO";"NO";"NO";"NO";"NO";"NO";"NO";"NO";"NO";"NO";"NO";"NO";"NO";"YES";"2";"1";"3";"3";"0";"0.5"
"CategoryDef.java";"org.apache.ivy.osgi.updatesite.xml";"NO";"NO";"NO";"NO";"NO";"NO";"NO";"NO";"NO";"NO";"NO";"NO";"NO";"NO";"NO";"0";"0";"0";"0";"0";"0.0"
"ConflictManager.java";"org.apache.ivy.plugins.conflict";"NO";"NO";"NO";"NO";"NO";"NO";"NO";"NO";"NO";"NO";"NO";"NO";"NO";"NO";"YES";"0";"0";"2";"0";"0";"0.0"
"DefaultMessageLogger.java";"org.apache.ivy.util";"NO";"NO";"NO";"NO";"NO";"NO";"NO";"NO";"NO";"NO";"NO";"NO";"NO";"NO";"NO";"0";"0";"0";"0";"0";"0.0"
"AnyMatcher.java";"org.apache.ivy.plugins.matcher";"NO";"NO";"NO";"NO";"NO";"NO";"NO";"NO";"NO";"NO";"NO";"NO";"NO";"NO";"YES";"0";"0";"2";"0";"0";"0.0"
"MessageLoggerHelper.java";"org.apache.ivy.util";"NO";"NO";"NO";"NO";"NO";"NO";"NO";"NO";"NO";"NO";"NO";"NO";"NO";"NO";"NO";"0";"0";"0";"0";"0";"0.0"
"ConfigurationResolveReport.java";"org.apache.ivy.core.report";"NO";"NO";"NO";"NO";"NO";"NO";"NO";"NO";"NO";"NO";"NO";"NO";"NO";"NO";"YES";"2";"0";"2";"2";"0";"0.5"
"Ivy14.java";"org.apache.ivy";"NO";"NO";"NO";"NO";"NO";"NO";"NO";"YES";"NO";"NO";"NO";"NO";"NO";"YES";"YES";"1";"0";"5";"1";"0";"0.16666667"
"IvyInfo.java";"org.apache.ivy.ant";"NO";"NO";"NO";"NO";"NO";"NO";"NO";"NO";"NO";"NO";"NO";"NO";"NO";"NO";"YES";"2";"0";"3";"2";"0";"0.4"
"NoLockStrategy.java";"org.apache.ivy.plugins.lock";"NO";"NO";"NO";"NO";"NO";"NO";"NO";"NO";"NO";"NO";"NO";"NO";"NO";"NO";"NO";"0";"0";"0";"0";"0";"0.0"
"IvyDependencyExclude.java";"org.apache.ivy.ant";"NO";"NO";"NO";"NO";"NO";"NO";"NO";"NO";"NO";"NO";"NO";"NO";"NO";"NO";"NO";"0";"0";"0";"0";"0";"0.0"
"RevisionEntry.java";"org.apache.ivy.core.search";"NO";"NO";"NO";"NO";"NO";"NO";"NO";"NO";"NO";"NO";"NO";"NO";"NO";"NO";"YES";"1";"0";"2";"1";"0";"0.33333334"
"SFTPResource.java";"org.apache.ivy.plugins.repository.sftp";"NO";"NO";"NO";"NO";"NO";"NO";"NO";"NO";"NO";"NO";"NO";"NO";"NO";"NO";"YES";"0";"0";"2";"0";"0";"0.0"
"EndRetrieveArtifactEvent.java";"org.apache.ivy.core.event.retrieve";"NO";"NO";"NO";"NO";"NO";"NO";"NO";"NO";"NO";"NO";"NO";"NO";"NO";"NO";"NO";"0";"0";"0";"0";"0";"0.0"
"DefaultArtifact.java";"org.apache.ivy.core.module.descriptor";"NO";"NO";"NO";"NO";"NO";"NO";"NO";"NO";"NO";"NO";"NO";"NO";"NO";"NO";"YES";"2";"0";"3";"2";"0";"0.4"
"ApacheURLLister.java";"org.apache.ivy.util.url";"NO";"NO";"NO";"NO";"NO";"NO";"NO";"NO";"NO";"NO";"NO";"NO";"NO";"NO";"YES";"1";"0";"4";"1";"0";"0.2"
"AbstractURLHandler.java";"org.apache.ivy.util.url";"NO";"NO";"NO";"NO";"NO";"NO";"NO";"NO";"NO";"NO";"NO";"NO";"NO";"NO";"YES";"0";"0";"2";"0";"0";"0.0"
"Filter.java";"org.apache.ivy.util.filter";"NO";"NO";"NO";"NO";"NO";"NO";"NO";"NO";"NO";"NO";"NO";"NO";"NO";"NO";"YES";"0";"0";"1";"0";"0";"0.0"
"Configuration.java";"org.apache.ivy.core.module.descriptor";"NO";"NO";"NO";"NO";"NO";"NO";"NO";"NO";"NO";"NO";"NO";"NO";"NO";"NO";"YES";"1";"0";"3";"1";"0";"0.25"
"XMLInputParser.java";"org.apache.ivy.osgi.p2";"NO";"NO";"NO";"NO";"NO";"NO";"NO";"NO";"NO";"NO";"NO";"NO";"NO";"NO";"NO";"0";"0";"0";"0";"0";"0.0"
"CollectionOfModulesToSort.java";"org.apache.ivy.core.sort";"NO";"NO";"NO";"NO";"NO";"NO";"NO";"NO";"NO";"NO";"NO";"NO";"NO";"NO";"YES";"1";"0";"3";"1";"0";"0.25"
"EncryptedProperties.java";"org.apache.ivy.util";"NO";"NO";"NO";"NO";"NO";"NO";"NO";"NO";"NO";"NO";"NO";"NO";"NO";"NO";"NO";"0";"0";"0";"0";"0";"0.0"
"CapabilityProperty.java";"org.apache.ivy.osgi.obr.xml";"NO";"NO";"NO";"NO";"NO";"NO";"NO";"NO";"NO";"NO";"NO";"NO";"NO";"NO";"NO";"0";"0";"0";"0";"0";"0.0"
"AbstractPatternMatcher.java";"org.apache.ivy.plugins.matcher";"NO";"NO";"NO";"NO";"NO";"NO";"NO";"NO";"NO";"NO";"NO";"NO";"NO";"NO";"YES";"0";"0";"2";"0";"0";"0.0"
"ArtifactResourceResolver.java";"org.apache.ivy.plugins.repository";"NO";"NO";"NO";"NO";"NO";"NO";"NO";"NO";"NO";"NO";"NO";"NO";"NO";"NO";"NO";"0";"0";"0";"0";"0";"0.0"
"PackagerCacheEntry.java";"org.apache.ivy.plugins.resolver.packager";"NO";"NO";"NO";"NO";"NO";"NO";"NO";"NO";"NO";"NO";"NO";"NO";"NO";"NO";"NO";"0";"0";"0";"0";"0";"0.0"
"Namespace.java";"org.apache.ivy.plugins.namespace";"NO";"NO";"NO";"NO";"NO";"NO";"NO";"NO";"NO";"NO";"NO";"NO";"NO";"NO";"YES";"0";"0";"2";"0";"0";"0.0"
"IvyNodeCallers.java";"org.apache.ivy.core.resolve";"NO";"NO";"NO";"NO";"NO";"NO";"NO";"NO";"NO";"NO";"NO";"NO";"NO";"NO";"YES";"1";"0";"3";"1";"0";"0.25"
"ResolvedResource.java";"org.apache.ivy.plugins.resolver.util";"NO";"NO";"NO";"NO";"NO";"NO";"NO";"NO";"NO";"NO";"NO";"NO";"NO";"NO";"YES";"0";"0";"2";"0";"0";"0.0"
"ResolutionCacheManager.java";"org.apache.ivy.core.cache";"NO";"NO";"NO";"NO";"NO";"NO";"NO";"NO";"NO";"NO";"NO";"NO";"NO";"NO";"NO";"0";"0";"0";"0";"0";"0.0"
"ResourceDownloader.java";"org.apache.ivy.plugins.repository";"NO";"NO";"NO";"NO";"NO";"NO";"NO";"NO";"NO";"NO";"NO";"NO";"NO";"NO";"NO";"0";"0";"0";"0";"0";"0.0"
"URLResource.java";"org.apache.ivy.plugins.repository.url";"NO";"NO";"NO";"NO";"NO";"NO";"NO";"NO";"NO";"NO";"NO";"NO";"NO";"NO";"YES";"0";"0";"2";"0";"0";"0.0"
"LockStrategy.java";"org.apache.ivy.plugins.lock";"NO";"NO";"NO";"NO";"NO";"NO";"NO";"NO";"NO";"NO";"NO";"NO";"NO";"NO";"NO";"0";"0";"0";"0";"0";"0.0"
"DefaultExtendsDescriptor.java";"org.apache.ivy.core.module.descriptor";"NO";"NO";"NO";"NO";"NO";"NO";"NO";"NO";"NO";"NO";"NO";"NO";"NO";"NO";"NO";"0";"0";"0";"0";"0";"0.0"
"ExecutionRelativeUrlResolver.java";"org.apache.ivy.core";"NO";"NO";"NO";"NO";"NO";"NO";"NO";"NO";"NO";"NO";"NO";"NO";"NO";"NO";"YES";"0";"0";"4";"0";"0";"0.0"
"CommandLine.java";"org.apache.ivy.util.cli";"NO";"NO";"NO";"NO";"NO";"NO";"NO";"NO";"NO";"NO";"NO";"NO";"NO";"NO";"NO";"0";"0";"0";"0";"0";"0.0"
"TimeoutConstraint.java";"org.apache.ivy.core.settings";"NO";"NO";"NO";"NO";"NO";"NO";"NO";"NO";"NO";"NO";"NO";"NO";"NO";"NO";"NO";"0";"0";"0";"0";"0";"0.0"
"AbstractFSManifestIterable.java";"org.apache.ivy.osgi.repo";"NO";"NO";"NO";"NO";"NO";"NO";"NO";"NO";"NO";"NO";"NO";"NO";"NO";"NO";"NO";"0";"0";"0";"0";"0";"0.0"
"Repository.java";"org.apache.ivy.plugins.repository";"NO";"NO";"NO";"NO";"NO";"NO";"NO";"NO";"NO";"NO";"NO";"NO";"NO";"NO";"YES";"0";"0";"2";"0";"0";"0.0"
"UpdateSiteDigestParser.java";"org.apache.ivy.osgi.updatesite.xml";"NO";"NO";"NO";"NO";"NO";"NO";"NO";"NO";"NO";"NO";"NO";"NO";"NO";"NO";"NO";"0";"0";"0";"0";"0";"0.0"
"StartArtifactPublishEvent.java";"org.apache.ivy.core.event.publish";"NO";"NO";"NO";"NO";"NO";"NO";"NO";"NO";"NO";"NO";"NO";"NO";"NO";"NO";"NO";"0";"0";"0";"0";"0";"0.0"
"UniOperatorFilter.java";"org.apache.ivy.osgi.filter";"NO";"NO";"NO";"NO";"NO";"NO";"NO";"NO";"NO";"NO";"NO";"NO";"NO";"NO";"NO";"0";"0";"0";"0";"0";"0.0"
"VfsResolver.java";"org.apache.ivy.plugins.resolver";"NO";"NO";"NO";"NO";"NO";"NO";"NO";"NO";"NO";"NO";"NO";"NO";"NO";"NO";"YES";"1";"0";"2";"1";"0";"0.33333334"
"Main.java";"org.apache.ivy";"NO";"NO";"NO";"NO";"NO";"NO";"YES";"NO";"NO";"NO";"NO";"NO";"NO";"YES";"YES";"1";"0";"4";"1";"0";"0.2"
"LatestLexicographicStrategy.java";"org.apache.ivy.plugins.latest";"NO";"NO";"NO";"NO";"NO";"NO";"NO";"NO";"NO";"NO";"NO";"NO";"NO";"NO";"YES";"0";"0";"3";"0";"0";"0.0"
"SortEngineSettings.java";"org.apache.ivy.core.sort";"NO";"NO";"NO";"NO";"NO";"NO";"NO";"NO";"NO";"NO";"NO";"NO";"NO";"NO";"YES";"2";"0";"3";"2";"0";"0.4"
"IvyNodeEviction.java";"org.apache.ivy.core.resolve";"NO";"NO";"NO";"NO";"NO";"NO";"NO";"NO";"NO";"NO";"NO";"NO";"NO";"NO";"YES";"1";"0";"3";"1";"0";"0.25"
"EclipseFeature.java";"org.apache.ivy.osgi.updatesite.xml";"NO";"NO";"NO";"NO";"NO";"NO";"NO";"NO";"NO";"NO";"NO";"NO";"NO";"NO";"NO";"0";"0";"0";"0";"0";"0.0"
"EndArtifactPublishEvent.java";"org.apache.ivy.core.event.publish";"NO";"NO";"NO";"NO";"NO";"NO";"NO";"NO";"NO";"NO";"NO";"NO";"NO";"NO";"NO";"0";"0";"0";"0";"0";"0.0"
"FileSystemResolver.java";"org.apache.ivy.plugins.resolver";"NO";"NO";"NO";"NO";"NO";"NO";"NO";"NO";"NO";"NO";"NO";"NO";"NO";"NO";"YES";"1";"0";"2";"1";"0";"0.33333334"
"RemoteScpException.java";"org.apache.ivy.plugins.repository.ssh";"NO";"NO";"NO";"NO";"NO";"NO";"NO";"NO";"NO";"NO";"NO";"NO";"NO";"NO";"YES";"0";"0";"1";"0";"0";"0.0"
"ManifestHeaderValue.java";"org.apache.ivy.osgi.core";"NO";"NO";"NO";"NO";"NO";"NO";"NO";"NO";"NO";"NO";"NO";"NO";"NO";"NO";"NO";"0";"0";"0";"0";"0";"0.0"
"InheritableItem.java";"org.apache.ivy.core.module.descriptor";"NO";"NO";"NO";"NO";"NO";"NO";"NO";"NO";"NO";"NO";"NO";"NO";"NO";"NO";"NO";"0";"0";"0";"0";"0";"0.0"
"StartArtifactDownloadEvent.java";"org.apache.ivy.core.event.download";"NO";"NO";"NO";"NO";"NO";"NO";"NO";"NO";"NO";"NO";"NO";"NO";"NO";"NO";"YES";"1";"0";"2";"1";"0";"0.33333334"
"Capability.java";"org.apache.ivy.osgi.obr.xml";"NO";"NO";"NO";"NO";"NO";"NO";"NO";"NO";"NO";"NO";"NO";"NO";"NO";"NO";"NO";"0";"0";"0";"0";"0";"0.0"
"CommandLineParser.java";"org.apache.ivy.util.cli";"NO";"NO";"NO";"NO";"NO";"NO";"NO";"NO";"NO";"NO";"NO";"NO";"NO";"NO";"NO";"0";"0";"0";"0";"0";"0.0"
"RepositoryManifestIterable.java";"org.apache.ivy.osgi.repo";"NO";"NO";"NO";"NO";"NO";"NO";"NO";"NO";"NO";"NO";"NO";"NO";"NO";"NO";"NO";"0";"0";"0";"0";"0";"0.0"
"AggregatedRepoDescriptor.java";"org.apache.ivy.osgi.repo";"NO";"NO";"NO";"NO";"NO";"NO";"NO";"NO";"NO";"NO";"NO";"NO";"NO";"NO";"NO";"0";"0";"0";"0";"0";"0.0"
"OSGiFilterParser.java";"org.apache.ivy.osgi.filter";"NO";"NO";"NO";"NO";"NO";"NO";"NO";"NO";"NO";"NO";"NO";"NO";"NO";"NO";"NO";"0";"0";"0";"0";"0";"0.0"
"InstallOptions.java";"org.apache.ivy.core.install";"NO";"NO";"NO";"NO";"NO";"NO";"NO";"NO";"NO";"NO";"NO";"NO";"NO";"NO";"NO";"0";"0";"0";"0";"0";"0.0"
"IvyInstall.java";"org.apache.ivy.ant";"NO";"NO";"NO";"NO";"NO";"NO";"NO";"NO";"NO";"NO";"NO";"NO";"NO";"NO";"YES";"3";"0";"4";"3";"0";"0.42857143"
"LogReportOutputter.java";"org.apache.ivy.plugins.report";"NO";"NO";"NO";"NO";"NO";"NO";"NO";"NO";"NO";"NO";"NO";"NO";"NO";"NO";"YES";"1";"0";"2";"1";"0";"0.33333334"
"IvyArtifactReport.java";"org.apache.ivy.ant";"NO";"NO";"NO";"NO";"NO";"NO";"NO";"NO";"NO";"NO";"NO";"NO";"NO";"NO";"YES";"1";"0";"5";"1";"0";"0.16666667"
"NeedArtifactEvent.java";"org.apache.ivy.core.event.download";"NO";"NO";"NO";"NO";"NO";"NO";"NO";"NO";"NO";"NO";"NO";"NO";"NO";"NO";"YES";"1";"0";"2";"1";"0";"0.33333334"
"SshResource.java";"org.apache.ivy.plugins.repository.ssh";"NO";"NO";"NO";"NO";"NO";"NO";"NO";"NO";"NO";"NO";"NO";"NO";"NO";"NO";"YES";"0";"0";"2";"0";"0";"0.0"
"URLHandler.java";"org.apache.ivy.util.url";"NO";"NO";"NO";"NO";"NO";"NO";"NO";"NO";"NO";"NO";"NO";"NO";"NO";"NO";"YES";"1";"0";"4";"1";"0";"0.2"
"StartResolveEvent.java";"org.apache.ivy.core.event.resolve";"NO";"NO";"NO";"NO";"NO";"NO";"NO";"NO";"NO";"NO";"NO";"NO";"NO";"NO";"YES";"0";"0";"2";"0";"0";"0.0"
"AbstractLatestStrategy.java";"org.apache.ivy.plugins.latest";"NO";"NO";"NO";"NO";"NO";"NO";"NO";"NO";"NO";"NO";"NO";"NO";"NO";"NO";"YES";"0";"0";"3";"0";"0";"0.0"
"PomModuleDescriptorBuilder.java";"org.apache.ivy.plugins.parser.m2";"NO";"NO";"NO";"NO";"NO";"NO";"NO";"NO";"NO";"NO";"NO";"NO";"NO";"NO";"NO";"0";"0";"0";"0";"0";"0.0"
"RepositoryManagementEngine.java";"org.apache.ivy.core.repository";"NO";"NO";"NO";"NO";"NO";"NO";"NO";"NO";"NO";"NO";"NO";"NO";"NO";"NO";"NO";"0";"0";"0";"0";"0";"0.0"
"NotFilter.java";"org.apache.ivy.osgi.filter";"NO";"NO";"NO";"NO";"NO";"NO";"NO";"NO";"NO";"NO";"NO";"NO";"NO";"NO";"NO";"0";"0";"0";"0";"0";"0.0"
"MDArtifact.java";"org.apache.ivy.core.module.descriptor";"NO";"NO";"NO";"NO";"NO";"NO";"NO";"NO";"NO";"NO";"NO";"NO";"NO";"NO";"YES";"2";"0";"2";"2";"0";"0.5"
"SignatureGenerator.java";"org.apache.ivy.plugins.signer";"NO";"NO";"NO";"NO";"NO";"NO";"NO";"NO";"NO";"NO";"NO";"NO";"NO";"NO";"NO";"0";"0";"0";"0";"0";"0.0"
"NotFilter.java";"org.apache.ivy.util.filter";"NO";"NO";"NO";"NO";"NO";"NO";"NO";"NO";"NO";"NO";"NO";"NO";"NO";"NO";"YES";"0";"0";"3";"0";"0";"0.0"
"BasicResolver.java";"org.apache.ivy.plugins.resolver";"NO";"NO";"NO";"NO";"NO";"NO";"YES";"NO";"NO";"NO";"NO";"NO";"YES";"YES";"YES";"1";"0";"3";"1";"0";"0.25"
"IvyMakePom.java";"org.apache.ivy.ant";"NO";"NO";"NO";"NO";"NO";"NO";"NO";"NO";"NO";"NO";"NO";"NO";"NO";"NO";"NO";"0";"0";"0";"0";"0";"0.0"
"LatestStrategy.java";"org.apache.ivy.plugins.latest";"NO";"NO";"NO";"NO";"NO";"NO";"NO";"NO";"NO";"NO";"NO";"NO";"NO";"NO";"YES";"0";"0";"2";"0";"0";"0.0"
"RetrieveEvent.java";"org.apache.ivy.core.event.retrieve";"NO";"NO";"NO";"NO";"NO";"NO";"NO";"NO";"NO";"NO";"NO";"NO";"NO";"NO";"NO";"0";"0";"0";"0";"0";"0.0"
"FileNameMapper.java";"org.apache.ivy.core.retrieve";"NO";"NO";"NO";"NO";"NO";"NO";"NO";"NO";"NO";"NO";"NO";"NO";"NO";"NO";"NO";"0";"0";"0";"0";"0";"0.0"
"CredentialsStore.java";"org.apache.ivy.util.url";"NO";"NO";"NO";"NO";"NO";"NO";"NO";"NO";"NO";"NO";"NO";"NO";"NO";"NO";"YES";"1";"0";"3";"1";"0";"0.25"
"HexEncoder.java";"org.apache.ivy.util";"NO";"NO";"NO";"NO";"NO";"NO";"NO";"NO";"NO";"NO";"NO";"NO";"NO";"NO";"NO";"0";"0";"0";"0";"0";"0.0"
"IvyCachePath.java";"org.apache.ivy.ant";"NO";"NO";"NO";"NO";"NO";"NO";"NO";"NO";"NO";"NO";"NO";"NO";"NO";"NO";"YES";"2";"0";"3";"2";"0";"0.4"
"WorkspaceModuleDescriptor.java";"org.apache.ivy.core.module.descriptor";"NO";"NO";"NO";"NO";"NO";"NO";"NO";"NO";"NO";"NO";"NO";"NO";"NO";"NO";"NO";"0";"0";"0";"0";"0";"0.0"
"ManifestAndLocation.java";"org.apache.ivy.osgi.repo";"NO";"NO";"NO";"NO";"NO";"NO";"NO";"NO";"NO";"NO";"NO";"NO";"NO";"NO";"NO";"0";"0";"0";"0";"0";"0.0"
"ModuleDescriptorParser.java";"org.apache.ivy.plugins.parser";"NO";"NO";"NO";"NO";"NO";"NO";"NO";"NO";"NO";"NO";"NO";"NO";"NO";"NO";"YES";"0";"0";"2";"0";"0";"0.0"
"ModuleDescriptorWrapper.java";"org.apache.ivy.osgi.repo";"NO";"NO";"NO";"NO";"NO";"NO";"NO";"NO";"NO";"NO";"NO";"NO";"NO";"NO";"NO";"0";"0";"0";"0";"0";"0.0"
"UnmodifiableExtendableItem.java";"org.apache.ivy.util.extendable";"NO";"NO";"NO";"NO";"NO";"NO";"NO";"NO";"NO";"NO";"NO";"NO";"NO";"NO";"YES";"0";"0";"4";"0";"0";"0.0"
"IvyDependencyInclude.java";"org.apache.ivy.ant";"NO";"NO";"NO";"NO";"NO";"NO";"NO";"NO";"NO";"NO";"NO";"NO";"NO";"NO";"NO";"0";"0";"0";"0";"0";"0.0"
"BasicResource.java";"org.apache.ivy.plugins.repository";"NO";"NO";"NO";"NO";"NO";"NO";"NO";"NO";"NO";"NO";"NO";"NO";"NO";"NO";"YES";"0";"0";"2";"0";"0";"0.0"
"ResolverHelper.java";"org.apache.ivy.plugins.resolver.util";"NO";"NO";"NO";"NO";"NO";"NO";"NO";"NO";"NO";"NO";"NO";"NO";"NO";"NO";"YES";"0";"0";"2";"0";"0";"0.0"
"LocalizableResource.java";"org.apache.ivy.plugins.repository";"NO";"NO";"NO";"NO";"NO";"NO";"NO";"NO";"NO";"NO";"NO";"NO";"NO";"NO";"NO";"0";"0";"0";"0";"0";"0.0"
"NameSpaceHelper.java";"org.apache.ivy.plugins.namespace";"NO";"NO";"NO";"NO";"NO";"NO";"NO";"NO";"NO";"NO";"NO";"NO";"NO";"NO";"YES";"0";"0";"2";"0";"0";"0.0"
"AbstractVersionMatcher.java";"org.apache.ivy.plugins.version";"NO";"NO";"NO";"NO";"NO";"NO";"NO";"NO";"NO";"NO";"NO";"NO";"NO";"NO";"YES";"0";"0";"4";"0";"0";"0.0"
"IvyRepositoryReport.java";"org.apache.ivy.ant";"NO";"NO";"NO";"NO";"NO";"NO";"NO";"NO";"NO";"NO";"NO";"NO";"NO";"NO";"YES";"2";"0";"3";"2";"0";"0.4"
"ConfigurationGroup.java";"org.apache.ivy.core.module.descriptor";"NO";"NO";"NO";"NO";"NO";"NO";"NO";"NO";"NO";"NO";"NO";"NO";"NO";"NO";"NO";"0";"0";"0";"0";"0";"0.0"
"LazyTimeoutConstraint.java";"org.apache.ivy.plugins.resolver";"NO";"NO";"NO";"NO";"NO";"NO";"NO";"NO";"NO";"NO";"NO";"NO";"NO";"NO";"NO";"0";"0";"0";"0";"0";"0.0"
"NonMatchingVersionReporter.java";"org.apache.ivy.core.sort";"NO";"NO";"NO";"NO";"NO";"NO";"NO";"NO";"NO";"NO";"NO";"NO";"NO";"NO";"YES";"0";"0";"2";"0";"0";"0.0"
"CapabilityAdapter.java";"org.apache.ivy.osgi.obr.xml";"NO";"NO";"NO";"NO";"NO";"NO";"NO";"NO";"NO";"NO";"NO";"NO";"NO";"NO";"NO";"0";"0";"0";"0";"0";"0.0"
"MapperAdapter.java";"org.apache.ivy.ant";"NO";"NO";"NO";"NO";"NO";"NO";"NO";"NO";"NO";"NO";"NO";"NO";"NO";"NO";"NO";"0";"0";"0";"0";"0";"0.0"
"IvyVar.java";"org.apache.ivy.ant";"NO";"NO";"NO";"NO";"NO";"NO";"NO";"NO";"NO";"NO";"NO";"NO";"NO";"NO";"YES";"2";"0";"3";"2";"0";"0.4"
"PackingRegistry.java";"org.apache.ivy.core.pack";"NO";"NO";"NO";"NO";"NO";"NO";"NO";"NO";"NO";"NO";"NO";"NO";"NO";"NO";"NO";"0";"0";"0";"0";"0";"0.0"
"RepositoryManagementEngineSettings.java";"org.apache.ivy.core.repository";"NO";"NO";"NO";"NO";"NO";"NO";"NO";"NO";"NO";"NO";"NO";"NO";"NO";"NO";"NO";"0";"0";"0";"0";"0";"0.0"
"PublishEngineSettings.java";"org.apache.ivy.core.publish";"NO";"NO";"NO";"NO";"NO";"NO";"NO";"NO";"NO";"NO";"NO";"NO";"NO";"NO";"NO";"0";"0";"0";"0";"0";"0.0"
"OSGiManifestParser.java";"org.apache.ivy.osgi.core";"NO";"NO";"NO";"NO";"NO";"NO";"NO";"NO";"NO";"NO";"NO";"NO";"NO";"NO";"NO";"0";"0";"0";"0";"0";"0.0"
"FixDepsTask.java";"org.apache.ivy.ant";"NO";"NO";"NO";"NO";"NO";"NO";"NO";"NO";"NO";"NO";"NO";"NO";"NO";"NO";"NO";"0";"0";"0";"0";"0";"0.0"
"LogOptions.java";"org.apache.ivy.core";"NO";"NO";"NO";"NO";"NO";"NO";"NO";"NO";"NO";"NO";"NO";"NO";"NO";"NO";"NO";"0";"0";"0";"0";"0";"0.0"
"ModuleRules.java";"org.apache.ivy.core.module.id";"NO";"NO";"NO";"NO";"NO";"NO";"NO";"NO";"NO";"NO";"NO";"NO";"NO";"NO";"NO";"0";"0";"0";"0";"0";"0.0"
"ExtendsDescriptor.java";"org.apache.ivy.core.module.descriptor";"NO";"NO";"NO";"NO";"NO";"NO";"NO";"NO";"NO";"NO";"NO";"NO";"NO";"NO";"NO";"0";"0";"0";"0";"0";"0.0"
"BundleInfoAdapter.java";"org.apache.ivy.osgi.core";"NO";"NO";"NO";"NO";"NO";"NO";"NO";"NO";"NO";"NO";"NO";"NO";"NO";"NO";"NO";"0";"0";"0";"0";"0";"0.0"
"EndResolveDependencyEvent.java";"org.apache.ivy.core.event.resolve";"NO";"NO";"NO";"NO";"NO";"NO";"NO";"NO";"NO";"NO";"NO";"NO";"NO";"NO";"YES";"1";"0";"2";"1";"0";"0.33333334"
"OptionBuilder.java";"org.apache.ivy.util.cli";"NO";"NO";"NO";"NO";"NO";"NO";"NO";"NO";"NO";"NO";"NO";"NO";"NO";"NO";"NO";"0";"0";"0";"0";"0";"0.0"
"ApacheHttpURLLister.java";"org.apache.ivy.plugins.resolver.util";"NO";"NO";"NO";"NO";"NO";"NO";"NO";"NO";"NO";"NO";"NO";"NO";"NO";"NO";"YES";"0";"0";"2";"0";"0";"0.0"
"IvyArtifactProperty.java";"org.apache.ivy.ant";"NO";"NO";"NO";"NO";"NO";"NO";"NO";"NO";"NO";"NO";"NO";"NO";"NO";"NO";"YES";"2";"0";"3";"2";"0";"0.4"
"ExecutionEnvironmentProfile.java";"org.apache.ivy.osgi.core";"NO";"NO";"NO";"NO";"NO";"NO";"NO";"NO";"NO";"NO";"NO";"NO";"NO";"NO";"NO";"0";"0";"0";"0";"0";"0.0"
"UnsupportedFilterException.java";"org.apache.ivy.osgi.obr.xml";"NO";"NO";"NO";"NO";"NO";"NO";"NO";"NO";"NO";"NO";"NO";"NO";"NO";"NO";"NO";"0";"0";"0";"0";"0";"0.0"
"ResolveEngine.java";"org.apache.ivy.core.resolve";"NO";"NO";"NO";"NO";"NO";"NO";"YES";"NO";"NO";"NO";"NO";"NO";"NO";"YES";"YES";"1";"0";"6";"1";"0";"0.14285715"
"ModuleDescriptor.java";"org.apache.ivy.core.module.descriptor";"NO";"NO";"NO";"NO";"NO";"NO";"NO";"NO";"NO";"NO";"NO";"NO";"NO";"NO";"YES";"2";"0";"3";"2";"0";"0.4"
"AbstractTrigger.java";"org.apache.ivy.plugins.trigger";"NO";"NO";"NO";"NO";"NO";"NO";"NO";"NO";"NO";"NO";"NO";"NO";"NO";"NO";"YES";"1";"0";"2";"1";"0";"0.33333334"
"CollectionUtils.java";"org.apache.ivy.util";"NO";"NO";"NO";"NO";"NO";"NO";"NO";"NO";"NO";"NO";"NO";"NO";"NO";"NO";"NO";"0";"0";"0";"0";"0";"0.0"
"PublishEngine.java";"org.apache.ivy.core.publish";"NO";"NO";"NO";"NO";"NO";"NO";"NO";"NO";"NO";"NO";"NO";"NO";"NO";"NO";"YES";"1";"0";"4";"1";"0";"0.2"
"OpenPGPSignatureGenerator.java";"org.apache.ivy.plugins.signer.bouncycastle";"NO";"NO";"NO";"NO";"NO";"NO";"NO";"NO";"NO";"NO";"NO";"NO";"NO";"NO";"NO";"0";"0";"0";"0";"0";"0.0"
"NamespaceTransformer.java";"org.apache.ivy.plugins.namespace";"NO";"NO";"NO";"NO";"NO";"NO";"NO";"NO";"NO";"NO";"NO";"NO";"NO";"NO";"YES";"0";"0";"1";"0";"0";"0.0"
"Configurator.java";"org.apache.ivy.util";"NO";"NO";"NO";"NO";"NO";"NO";"NO";"NO";"NO";"NO";"NO";"NO";"NO";"NO";"YES";"1";"0";"3";"1";"0";"0.25"
"IvyReport.java";"org.apache.ivy.ant";"NO";"NO";"NO";"NO";"NO";"NO";"NO";"NO";"NO";"NO";"NO";"NO";"NO";"NO";"YES";"2";"0";"3";"2";"0";"0.4"
"ZipUtil.java";"org.apache.ivy.osgi.util";"NO";"NO";"NO";"NO";"NO";"NO";"NO";"NO";"NO";"NO";"NO";"NO";"NO";"NO";"NO";"0";"0";"0";"0";"0";"0.0"
"Validatable.java";"org.apache.ivy.core.settings";"NO";"NO";"NO";"NO";"NO";"NO";"NO";"NO";"NO";"NO";"NO";"NO";"NO";"NO";"NO";"0";"0";"0";"0";"0";"0.0"
"AbstractSshBasedRepository.java";"org.apache.ivy.plugins.repository.ssh";"NO";"NO";"NO";"NO";"NO";"NO";"NO";"NO";"NO";"NO";"NO";"NO";"NO";"NO";"YES";"0";"0";"5";"0";"0";"0.0"
"ModuleDescriptorMemoryCache.java";"org.apache.ivy.core.cache";"NO";"NO";"NO";"NO";"NO";"NO";"NO";"NO";"NO";"NO";"NO";"NO";"NO";"NO";"NO";"0";"0";"0";"0";"0";"0.0"
"StatusManager.java";"org.apache.ivy.core.module.status";"NO";"NO";"NO";"NO";"NO";"NO";"NO";"NO";"NO";"NO";"NO";"NO";"NO";"NO";"YES";"2";"0";"2";"2";"0";"0.5"
"IvyCleanCache.java";"org.apache.ivy.ant";"NO";"NO";"NO";"NO";"NO";"NO";"NO";"NO";"NO";"NO";"NO";"NO";"NO";"NO";"YES";"2";"0";"4";"2";"0";"0.33333334"
"EndResolveEvent.java";"org.apache.ivy.core.event.resolve";"NO";"NO";"NO";"NO";"NO";"NO";"NO";"NO";"NO";"NO";"NO";"NO";"NO";"NO";"YES";"1";"0";"2";"1";"0";"0.33333334"
"MessageBasedNonMatchingVersionReporter.java";"org.apache.ivy.core.sort";"NO";"NO";"NO";"NO";"NO";"NO";"NO";"NO";"NO";"NO";"NO";"NO";"NO";"NO";"YES";"0";"0";"4";"0";"0";"0.0"
"ResolveData.java";"org.apache.ivy.core.resolve";"NO";"NO";"NO";"NO";"NO";"NO";"NO";"NO";"NO";"NO";"NO";"NO";"NO";"NO";"YES";"1";"0";"2";"1";"0";"0.33333334"
"InstallEngine.java";"org.apache.ivy.core.install";"NO";"NO";"NO";"NO";"NO";"NO";"NO";"YES";"NO";"NO";"NO";"NO";"NO";"YES";"YES";"1";"0";"2";"1";"0";"0.33333334"
"PackageMapping.java";"org.apache.ivy.ant";"NO";"NO";"NO";"NO";"NO";"NO";"NO";"NO";"NO";"NO";"NO";"NO";"NO";"NO";"YES";"1";"0";"3";"1";"0";"0.25"
"IvyResolve.java";"org.apache.ivy.ant";"NO";"NO";"NO";"NO";"NO";"NO";"NO";"NO";"NO";"NO";"NO";"YES";"NO";"YES";"YES";"2";"0";"4";"2";"0";"0.33333334"
"Credentials.java";"org.apache.ivy.util";"NO";"NO";"NO";"NO";"NO";"NO";"NO";"NO";"NO";"NO";"NO";"NO";"NO";"NO";"YES";"2";"0";"2";"2";"0";"0.5"
"TimeoutConstrainedURLHandler.java";"org.apache.ivy.util.url";"NO";"NO";"NO";"NO";"NO";"NO";"NO";"NO";"NO";"NO";"NO";"NO";"NO";"NO";"NO";"0";"0";"0";"0";"0";"0.0"
"Scp.java";"org.apache.ivy.plugins.repository.ssh";"NO";"NO";"NO";"YES";"NO";"NO";"NO";"NO";"NO";"NO";"NO";"NO";"NO";"YES";"YES";"1";"0";"5";"1";"0";"0.16666667"
"BundleCapability.java";"org.apache.ivy.osgi.core";"NO";"NO";"NO";"NO";"NO";"NO";"NO";"NO";"NO";"NO";"NO";"NO";"NO";"NO";"NO";"0";"0";"0";"0";"0";"0.0"
"ChainedRepository.java";"org.apache.ivy.plugins.repository.url";"NO";"NO";"NO";"NO";"NO";"NO";"NO";"NO";"NO";"NO";"NO";"NO";"NO";"NO";"NO";"0";"0";"0";"0";"0";"0.0"
"CredentialsUtil.java";"org.apache.ivy.util";"NO";"NO";"NO";"NO";"NO";"NO";"NO";"NO";"NO";"NO";"NO";"NO";"NO";"NO";"YES";"0";"0";"2";"0";"0";"0.0"
"AbstractModuleDescriptorParser.java";"org.apache.ivy.plugins.parser";"NO";"NO";"NO";"NO";"NO";"NO";"NO";"NO";"NO";"NO";"NO";"NO";"NO";"NO";"YES";"0";"0";"4";"0";"0";"0.0"
"ChecksumHelper.java";"org.apache.ivy.util";"NO";"NO";"NO";"NO";"NO";"NO";"NO";"NO";"NO";"NO";"NO";"NO";"NO";"NO";"YES";"0";"0";"4";"0";"0";"0.0"
"ErrorCircularDependencyStrategy.java";"org.apache.ivy.plugins.circular";"NO";"NO";"NO";"NO";"NO";"NO";"NO";"NO";"NO";"NO";"NO";"NO";"NO";"NO";"YES";"0";"0";"3";"0";"0";"0.0"
"ModuleDescriptorProvider.java";"org.apache.ivy.core.cache";"NO";"NO";"NO";"NO";"NO";"NO";"NO";"NO";"NO";"NO";"NO";"NO";"NO";"NO";"NO";"0";"0";"0";"0";"0";"0.0"
"JarRepository.java";"org.apache.ivy.plugins.repository.jar";"NO";"NO";"NO";"NO";"NO";"NO";"NO";"NO";"NO";"NO";"NO";"NO";"NO";"NO";"NO";"0";"0";"0";"0";"0";"0.0"
"AntBuildTrigger.java";"org.apache.ivy.ant";"NO";"NO";"NO";"NO";"NO";"NO";"NO";"NO";"NO";"NO";"NO";"NO";"NO";"NO";"YES";"2";"0";"4";"2";"0";"0.33333334"
"MessageLoggerEngine.java";"org.apache.ivy.util";"NO";"NO";"NO";"NO";"NO";"NO";"NO";"NO";"NO";"NO";"NO";"NO";"NO";"NO";"NO";"0";"0";"0";"0";"0";"0.0"
"OrganisationEntry.java";"org.apache.ivy.core.search";"NO";"NO";"NO";"NO";"NO";"NO";"NO";"NO";"NO";"NO";"NO";"NO";"NO";"NO";"YES";"1";"0";"2";"1";"0";"0.33333334"
"Status.java";"org.apache.ivy.core.module.status";"NO";"NO";"NO";"NO";"NO";"NO";"NO";"NO";"NO";"NO";"NO";"NO";"NO";"NO";"YES";"1";"0";"2";"1";"0";"0.33333334"
"IvyPatternHelper.java";"org.apache.ivy.core";"NO";"NO";"NO";"NO";"NO";"NO";"NO";"YES";"NO";"NO";"NO";"NO";"NO";"YES";"YES";"1";"0";"3";"1";"0";"0.25"
"VersionMatcher.java";"org.apache.ivy.plugins.version";"NO";"NO";"NO";"NO";"NO";"NO";"NO";"NO";"NO";"NO";"NO";"NO";"NO";"NO";"YES";"1";"0";"2";"1";"0";"0.33333334"
"RegexpConflictManager.java";"org.apache.ivy.plugins.conflict";"NO";"NO";"NO";"NO";"NO";"NO";"NO";"NO";"NO";"NO";"NO";"NO";"NO";"NO";"YES";"1";"0";"2";"1";"0";"0.33333334"
"DateUtil.java";"org.apache.ivy.util";"NO";"NO";"NO";"NO";"NO";"NO";"NO";"NO";"NO";"NO";"NO";"NO";"NO";"NO";"NO";"0";"0";"0";"0";"0";"0.0"
"ExtendableItem.java";"org.apache.ivy.util.extendable";"NO";"NO";"NO";"NO";"NO";"NO";"NO";"NO";"NO";"NO";"NO";"NO";"NO";"NO";"YES";"0";"0";"3";"0";"0";"0.0"
"ConfigurationAware.java";"org.apache.ivy.core.module.descriptor";"NO";"NO";"NO";"NO";"NO";"NO";"NO";"NO";"NO";"NO";"NO";"NO";"NO";"NO";"YES";"1";"0";"2";"1";"0";"0.33333334"
"EclipseUpdateSiteParser.java";"org.apache.ivy.osgi.updatesite.xml";"NO";"NO";"NO";"NO";"NO";"NO";"NO";"NO";"NO";"NO";"NO";"NO";"NO";"NO";"NO";"0";"0";"0";"0";"0";"0.0"
"SshCache.java";"org.apache.ivy.plugins.repository.ssh";"NO";"NO";"NO";"NO";"NO";"NO";"NO";"NO";"NO";"NO";"NO";"NO";"NO";"NO";"YES";"0";"0";"4";"0";"0";"0.0"
"ZipPacking.java";"org.apache.ivy.core.pack";"NO";"NO";"NO";"NO";"NO";"NO";"NO";"NO";"NO";"NO";"NO";"NO";"NO";"NO";"NO";"0";"0";"0";"0";"0";"0.0"
"DownloadStatus.java";"org.apache.ivy.core.report";"NO";"NO";"NO";"NO";"NO";"NO";"NO";"NO";"NO";"NO";"NO";"NO";"NO";"NO";"YES";"2";"0";"3";"2";"0";"0.4"
"DeliverEngineSettings.java";"org.apache.ivy.core.deliver";"NO";"NO";"NO";"NO";"NO";"NO";"NO";"NO";"NO";"NO";"NO";"NO";"NO";"NO";"NO";"0";"0";"0";"0";"0";"0.0"
"SortEngine.java";"org.apache.ivy.core.sort";"NO";"NO";"NO";"NO";"NO";"NO";"NO";"NO";"NO";"NO";"NO";"NO";"NO";"NO";"YES";"1";"0";"7";"1";"0";"0.125"
"ConfigurationIntersection.java";"org.apache.ivy.core.module.descriptor";"NO";"NO";"NO";"NO";"NO";"NO";"NO";"NO";"NO";"NO";"NO";"NO";"NO";"NO";"NO";"0";"0";"0";"0";"0";"0.0"
"GlobPatternMatcher.java";"org.apache.ivy.plugins.matcher";"NO";"NO";"NO";"NO";"NO";"NO";"NO";"NO";"NO";"NO";"NO";"NO";"NO";"NO";"YES";"0";"0";"2";"0";"0";"0.0"
"RequirementAdapter.java";"org.apache.ivy.osgi.obr.xml";"NO";"NO";"NO";"NO";"NO";"NO";"NO";"NO";"NO";"NO";"NO";"NO";"NO";"NO";"NO";"0";"0";"0";"0";"0";"0.0"
"MRIDRule.java";"org.apache.ivy.plugins.namespace";"NO";"NO";"NO";"NO";"NO";"NO";"NO";"NO";"NO";"NO";"NO";"NO";"NO";"NO";"YES";"0";"0";"2";"0";"0";"0.0"
"JarResource.java";"org.apache.ivy.plugins.repository.jar";"NO";"NO";"NO";"NO";"NO";"NO";"NO";"NO";"NO";"NO";"NO";"NO";"NO";"NO";"NO";"0";"0";"0";"0";"0";"0.0"
"BasicURLHandler.java";"org.apache.ivy.util.url";"NO";"NO";"NO";"NO";"NO";"NO";"NO";"NO";"NO";"NO";"NO";"NO";"NO";"NO";"YES";"1";"0";"4";"1";"0";"0.2"
"RestartResolveProcess.java";"org.apache.ivy.core.resolve";"NO";"NO";"NO";"NO";"NO";"NO";"NO";"NO";"NO";"NO";"NO";"NO";"NO";"NO";"NO";"0";"0";"0";"0";"0";"0.0"
"IvyNode.java";"org.apache.ivy.core.resolve";"NO";"NO";"NO";"NO";"NO";"NO";"NO";"NO";"NO";"NO";"NO";"NO";"NO";"NO";"YES";"1";"0";"5";"1";"0";"0.16666667"
"NamespaceRule.java";"org.apache.ivy.plugins.namespace";"NO";"NO";"NO";"NO";"NO";"NO";"NO";"NO";"NO";"NO";"NO";"NO";"NO";"NO";"YES";"0";"0";"2";"0";"0";"0.0"
"IvyExclude.java";"org.apache.ivy.ant";"NO";"NO";"NO";"NO";"NO";"NO";"NO";"NO";"NO";"NO";"NO";"NO";"NO";"NO";"NO";"0";"0";"0";"0";"0";"0.0"
"DependencyArtifactDescriptor.java";"org.apache.ivy.core.module.descriptor";"NO";"NO";"NO";"NO";"NO";"NO";"NO";"NO";"NO";"NO";"NO";"NO";"NO";"NO";"YES";"0";"0";"2";"0";"0";"0.0"
"Trigger.java";"org.apache.ivy.plugins.trigger";"NO";"NO";"NO";"NO";"NO";"NO";"NO";"NO";"NO";"NO";"NO";"NO";"NO";"NO";"YES";"0";"0";"2";"0";"0";"0.0"
"IvyThread.java";"org.apache.ivy.core";"NO";"NO";"NO";"NO";"NO";"NO";"NO";"NO";"NO";"NO";"NO";"NO";"NO";"NO";"YES";"2";"0";"2";"2";"0";"0.5"
"URLResolver.java";"org.apache.ivy.plugins.resolver";"NO";"NO";"NO";"NO";"NO";"NO";"NO";"NO";"NO";"NO";"NO";"NO";"NO";"NO";"YES";"0";"0";"2";"0";"0";"0.0"
