"CLASS NAME";"PACKAGE";"CLASS DATA SHOULD BE PRIVATE";"COMPLEX CLASS";"FEATURE ENVY";"INAPPROPRIATE INTIMACY";"LARGE CLASS";"LAZY CLASS";"LONG METHODS";"LONG PARAMETER LIST";"MESSAGE CHAIN";"MIDDLE MAN";"REFUSED BEQUEST";"SPAGHETTI CODE";"SPECULATIVE GENERALITY";"SHA-1";"COMMIT MESSAGE";"POSITIVITY";"NEGATIVITY"
"Token.java";"org.apache.nutch.analysis";"YES";"NO";"NO";"NO";"NO";"NO";"NO";"NO";"NO";"NO";"NO";"NO";"NO";"1b4ed9dc73b97ebc4d28395c53834fed8bbf33f4";"NUTCH-837 Remove search servers and Lucene dependencies.   git-svn-id: https://svn.apache.org/repos/asf/nutch/trunk@960064 13f79535-47bb-0310-9956-ffa450edef68 ";"1";"-1"
"CrawlDb.java";"org.apache.nutch.crawl";"YES";"NO";"NO";"NO";"NO";"NO";"NO";"NO";"NO";"NO";"NO";"NO";"NO";"fd7758bdb963f08a7f184bb2981e5a02e1c91ef6";"fix for NUTCH-838 Add timing information to all Tool classes backported to 1.2-branch  git-svn-id: https://svn.apache.org/repos/asf/nutch/branches/branch-1.2@960248 13f79535-47bb-0310-9956-ffa450edef68 ";"1";"-1"
"CrawlDb.java";"org.apache.nutch.crawl";"YES";"NO";"NO";"NO";"NO";"NO";"NO";"NO";"NO";"NO";"NO";"NO";"NO";"3bf7de69a6abfb5e7c8e25b2aaa13414d68257a1";"- fix for NUTCH-838 Add timing information to all Tool classes  git-svn-id: https://svn.apache.org/repos/asf/nutch/trunk@960246 13f79535-47bb-0310-9956-ffa450edef68 ";"1";"-1"
"FetchSchedule.java";"org.apache.nutch.crawl";"YES";"NO";"NO";"NO";"NO";"NO";"NO";"YES";"NO";"NO";"NO";"NO";"NO";"";"";"0";"0"
"Fields.java";"org.apache.nutch.indexer.field";"YES";"NO";"NO";"NO";"NO";"NO";"NO";"NO";"NO";"NO";"NO";"NO";"NO";"1b4ed9dc73b97ebc4d28395c53834fed8bbf33f4";"NUTCH-837 Remove search servers and Lucene dependencies.   git-svn-id: https://svn.apache.org/repos/asf/nutch/trunk@960064 13f79535-47bb-0310-9956-ffa450edef68 ";"1";"-1"
"LuceneConstants.java";"org.apache.nutch.indexer.lucene";"YES";"NO";"NO";"NO";"NO";"NO";"NO";"NO";"NO";"NO";"NO";"NO";"NO";"1b4ed9dc73b97ebc4d28395c53834fed8bbf33f4";"NUTCH-837 Remove search servers and Lucene dependencies.   git-svn-id: https://svn.apache.org/repos/asf/nutch/trunk@960064 13f79535-47bb-0310-9956-ffa450edef68 ";"1";"-1"
"SolrConstants.java";"org.apache.nutch.indexer.solr";"YES";"NO";"NO";"NO";"NO";"NO";"NO";"NO";"NO";"NO";"NO";"NO";"NO";"17315263fb3a38ffcf3f8966dec90a04d23ce9bc";"NUTCH-976 Rename properties solrindex.* to solr.*  git-svn-id: https://svn.apache.org/repos/asf/nutch/branches/branch-1.3@1092084 13f79535-47bb-0310-9956-ffa450edef68 ";"1";"-1"
"HttpHeaders.java";"org.apache.nutch.metadata";"YES";"NO";"NO";"NO";"NO";"NO";"NO";"NO";"NO";"NO";"NO";"NO";"NO";"";"";"0";"0"
"Feed.java";"org.apache.nutch.metadata";"YES";"NO";"NO";"NO";"NO";"NO";"NO";"NO";"NO";"NO";"NO";"NO";"NO";"";"";"0";"0"
"Nutch.java";"org.apache.nutch.metadata";"YES";"NO";"NO";"NO";"NO";"NO";"NO";"NO";"NO";"NO";"NO";"NO";"NO";"";"";"0";"0"
"DublinCore.java";"org.apache.nutch.metadata";"YES";"NO";"NO";"NO";"NO";"NO";"NO";"NO";"NO";"NO";"NO";"NO";"NO";"";"";"0";"0"
"Office.java";"org.apache.nutch.metadata";"YES";"NO";"NO";"NO";"NO";"NO";"NO";"NO";"NO";"NO";"NO";"NO";"NO";"";"";"0";"0"
"WebGraph.java";"org.apache.nutch.scoring.webgraph";"YES";"NO";"NO";"NO";"NO";"NO";"YES";"NO";"NO";"NO";"NO";"NO";"NO";"fd7758bdb963f08a7f184bb2981e5a02e1c91ef6";"fix for NUTCH-838 Add timing information to all Tool classes backported to 1.2-branch  git-svn-id: https://svn.apache.org/repos/asf/nutch/branches/branch-1.2@960248 13f79535-47bb-0310-9956-ffa450edef68 ";"1";"-1"
"WebGraph.java";"org.apache.nutch.scoring.webgraph";"YES";"NO";"NO";"NO";"NO";"NO";"YES";"NO";"NO";"NO";"NO";"NO";"NO";"3bf7de69a6abfb5e7c8e25b2aaa13414d68257a1";"- fix for NUTCH-838 Add timing information to all Tool classes  git-svn-id: https://svn.apache.org/repos/asf/nutch/trunk@960246 13f79535-47bb-0310-9956-ffa450edef68 ";"1";"-1"
"CrawlDbReducer.java";"org.apache.nutch.crawl";"NO";"NO";"YES";"NO";"NO";"NO";"NO";"NO";"NO";"NO";"NO";"NO";"NO";"";"";"0";"0"
"SegmentMerger.java";"org.apache.nutch.segment";"NO";"NO";"YES";"NO";"NO";"NO";"YES";"NO";"NO";"NO";"NO";"NO";"NO";"0777aa58df6b7213e867728caa559851ed66d2d7";"- fix for NUTCH-677 Segment merge filtering based on segment content  git-svn-id: https://svn.apache.org/repos/asf/nutch/branches/branch-1.2@978989 13f79535-47bb-0310-9956-ffa450edef68 ";"1";"-1"
"SegmentMerger.java";"org.apache.nutch.segment";"NO";"NO";"YES";"NO";"NO";"NO";"YES";"NO";"NO";"NO";"NO";"NO";"NO";"cac66cbbded786d4528be9847233ea30a6149540";"- fix for NUTCH-677 Segment merge filtering based on segment content  git-svn-id: https://svn.apache.org/repos/asf/nutch/trunk@978988 13f79535-47bb-0310-9956-ffa450edef68 ";"1";"-1"
"SegmentReader.java";"org.apache.nutch.segment";"NO";"NO";"YES";"NO";"NO";"NO";"NO";"YES";"NO";"NO";"NO";"NO";"NO";"";"";"0";"0"
"SolrSearchBean.java";"org.apache.nutch.searcher";"NO";"NO";"YES";"NO";"NO";"NO";"NO";"NO";"NO";"NO";"NO";"NO";"NO";"1b4ed9dc73b97ebc4d28395c53834fed8bbf33f4";"NUTCH-837 Remove search servers and Lucene dependencies.   git-svn-id: https://svn.apache.org/repos/asf/nutch/trunk@960064 13f79535-47bb-0310-9956-ffa450edef68 ";"1";"-1"
"CrawlDatum.java";"org.apache.nutch.crawl";"NO";"NO";"NO";"YES";"NO";"NO";"NO";"NO";"NO";"NO";"NO";"NO";"NO";"";"";"0";"0"
"Fetcher.java";"org.apache.nutch.fetcher";"NO";"NO";"NO";"YES";"NO";"NO";"NO";"NO";"NO";"NO";"NO";"NO";"NO";"bb8625642df06c239ec853badf3c83929d567eae";"NUTCH-962 max. redirects not handled correctly: fetcher stops at max-1 redirects.   git-svn-id: https://svn.apache.org/repos/asf/nutch/branches/branch-1.3@1079765 13f79535-47bb-0310-9956-ffa450edef68 ";"1";"-1"
"Fetcher.java";"org.apache.nutch.fetcher";"NO";"NO";"NO";"YES";"NO";"NO";"NO";"NO";"NO";"NO";"NO";"NO";"NO";"2ed2d7b81f50ecd718d11d0bebb42a3705f20ca8";"NUTCH-872 Change the default fetcher.parse to FALSE.   git-svn-id: https://svn.apache.org/repos/asf/nutch/branches/branch-1.3@1079746 13f79535-47bb-0310-9956-ffa450edef68 ";"1";"-1"
"Fetcher.java";"org.apache.nutch.fetcher";"NO";"NO";"NO";"YES";"NO";"NO";"NO";"NO";"NO";"NO";"NO";"NO";"NO";"66454e4043713c7dded12530d387b579fc5ea84c";"NUTCH-957 fetcher.timelimit.mins is invalid when depth is greater than 1  git-svn-id: https://svn.apache.org/repos/asf/nutch/branches/branch-1.3@1061815 13f79535-47bb-0310-9956-ffa450edef68 ";"3";"-1"
"Fetcher.java";"org.apache.nutch.fetcher";"NO";"NO";"NO";"YES";"NO";"NO";"NO";"NO";"NO";"NO";"NO";"NO";"NO";"fd7758bdb963f08a7f184bb2981e5a02e1c91ef6";"fix for NUTCH-838 Add timing information to all Tool classes backported to 1.2-branch  git-svn-id: https://svn.apache.org/repos/asf/nutch/branches/branch-1.2@960248 13f79535-47bb-0310-9956-ffa450edef68 ";"1";"-1"
"Fetcher.java";"org.apache.nutch.fetcher";"NO";"NO";"NO";"YES";"NO";"NO";"NO";"NO";"NO";"NO";"NO";"NO";"NO";"3bf7de69a6abfb5e7c8e25b2aaa13414d68257a1";"- fix for NUTCH-838 Add timing information to all Tool classes  git-svn-id: https://svn.apache.org/repos/asf/nutch/trunk@960246 13f79535-47bb-0310-9956-ffa450edef68 ";"1";"-1"
"FetchedSegments.java";"org.apache.nutch.searcher";"NO";"NO";"NO";"YES";"NO";"NO";"NO";"NO";"NO";"NO";"NO";"NO";"NO";"1b4ed9dc73b97ebc4d28395c53834fed8bbf33f4";"NUTCH-837 Remove search servers and Lucene dependencies.   git-svn-id: https://svn.apache.org/repos/asf/nutch/trunk@960064 13f79535-47bb-0310-9956-ffa450edef68 ";"1";"-1"
"Summary.java";"org.apache.nutch.searcher";"NO";"NO";"NO";"YES";"NO";"NO";"NO";"NO";"NO";"NO";"NO";"NO";"NO";"1b4ed9dc73b97ebc4d28395c53834fed8bbf33f4";"NUTCH-837 Remove search servers and Lucene dependencies.   git-svn-id: https://svn.apache.org/repos/asf/nutch/trunk@960064 13f79535-47bb-0310-9956-ffa450edef68 ";"1";"-1"
"Query.java";"org.apache.nutch.searcher";"NO";"NO";"NO";"YES";"NO";"NO";"NO";"NO";"NO";"NO";"NO";"NO";"NO";"1b4ed9dc73b97ebc4d28395c53834fed8bbf33f4";"NUTCH-837 Remove search servers and Lucene dependencies.   git-svn-id: https://svn.apache.org/repos/asf/nutch/trunk@960064 13f79535-47bb-0310-9956-ffa450edef68 ";"1";"-1"
"NutchFileSystem.java";"org.apache.nutch.fs";"NO";"NO";"NO";"YES";"NO";"NO";"NO";"NO";"NO";"NO";"NO";"NO";"NO";"";"";"0";"0"
"JobTracker.java";"org.apache.nutch.mapReduce";"NO";"NO";"NO";"YES";"NO";"NO";"NO";"NO";"NO";"NO";"NO";"NO";"NO";"";"";"0";"0"
"WritableComparator.java";"org.apache.nutch.io";"NO";"NO";"NO";"YES";"NO";"NO";"NO";"NO";"NO";"NO";"NO";"NO";"NO";"";"";"0";"0"
"MapFile.java";"org.apache.nutch.io";"NO";"NO";"NO";"YES";"NO";"NO";"NO";"NO";"NO";"NO";"NO";"NO";"NO";"";"";"0";"0"
"ParseOutputFormat.java";"org.apache.nutch.parse";"NO";"NO";"NO";"NO";"NO";"NO";"YES";"NO";"NO";"NO";"NO";"NO";"NO";"";"";"0";"0"
"OpenSearchServlet.java";"org.apache.nutch.searcher";"NO";"NO";"NO";"NO";"NO";"NO";"YES";"NO";"NO";"NO";"NO";"NO";"NO";"4771aae62075996672f8dc5f19c5d276293689f6";"NUTCH-906 Nutch OpenSearch sometimes raises DOMExceptions.   git-svn-id: https://svn.apache.org/repos/asf/nutch/branches/branch-1.2@998261 13f79535-47bb-0310-9956-ffa450edef68 ";"1";"-1"
"OpenSearchServlet.java";"org.apache.nutch.searcher";"NO";"NO";"NO";"NO";"NO";"NO";"YES";"NO";"NO";"NO";"NO";"NO";"NO";"1b4ed9dc73b97ebc4d28395c53834fed8bbf33f4";"NUTCH-837 Remove search servers and Lucene dependencies.   git-svn-id: https://svn.apache.org/repos/asf/nutch/trunk@960064 13f79535-47bb-0310-9956-ffa450edef68 ";"1";"-1"
"URLUtil.java";"org.apache.nutch.util";"NO";"NO";"NO";"NO";"NO";"NO";"YES";"NO";"NO";"NO";"NO";"NO";"NO";"";"";"0";"0"
"Generator.java";"org.apache.nutch.crawl";"NO";"NO";"NO";"NO";"NO";"NO";"YES";"YES";"NO";"NO";"NO";"NO";"NO";"fd7758bdb963f08a7f184bb2981e5a02e1c91ef6";"fix for NUTCH-838 Add timing information to all Tool classes backported to 1.2-branch  git-svn-id: https://svn.apache.org/repos/asf/nutch/branches/branch-1.2@960248 13f79535-47bb-0310-9956-ffa450edef68 ";"1";"-1"
"Generator.java";"org.apache.nutch.crawl";"NO";"NO";"NO";"NO";"NO";"NO";"YES";"YES";"NO";"NO";"NO";"NO";"NO";"3bf7de69a6abfb5e7c8e25b2aaa13414d68257a1";"- fix for NUTCH-838 Add timing information to all Tool classes  git-svn-id: https://svn.apache.org/repos/asf/nutch/trunk@960246 13f79535-47bb-0310-9956-ffa450edef68 ";"1";"-1"
"LanguageIdentifier.java";"org.apache.nutch.analysis.lang";"NO";"NO";"NO";"NO";"NO";"NO";"YES";"NO";"NO";"NO";"NO";"NO";"NO";"";"";"0";"0"
"NutchAnalysisTokenManager.java";"org.apache.nutch.analysis";"NO";"NO";"NO";"NO";"NO";"NO";"YES";"NO";"NO";"NO";"NO";"NO";"NO";"1b4ed9dc73b97ebc4d28395c53834fed8bbf33f4";"NUTCH-837 Remove search servers and Lucene dependencies.   git-svn-id: https://svn.apache.org/repos/asf/nutch/trunk@960064 13f79535-47bb-0310-9956-ffa450edef68 ";"1";"-1"
"Crawl.java";"org.apache.nutch.crawl";"NO";"NO";"NO";"NO";"NO";"NO";"YES";"NO";"NO";"NO";"NO";"NO";"NO";"e0a017f1d6f78529799142280ef04fc2d6992e5e";"NUTCH-844 Improve NutchConfiguration.   git-svn-id: https://svn.apache.org/repos/asf/nutch/trunk@964063 13f79535-47bb-0310-9956-ffa450edef68 ";"1";"-1"
"Crawl.java";"org.apache.nutch.crawl";"NO";"NO";"NO";"NO";"NO";"NO";"YES";"NO";"NO";"NO";"NO";"NO";"NO";"1b4ed9dc73b97ebc4d28395c53834fed8bbf33f4";"NUTCH-837 Remove search servers and Lucene dependencies.   git-svn-id: https://svn.apache.org/repos/asf/nutch/trunk@960064 13f79535-47bb-0310-9956-ffa450edef68 ";"1";"-1"
"ArcRecordReader.java";"org.apache.nutch.tools.arc";"NO";"NO";"NO";"NO";"NO";"NO";"YES";"NO";"NO";"NO";"NO";"NO";"NO";"";"";"0";"0"
"PruneIndexTool.java";"org.apache.nutch.tools";"NO";"NO";"NO";"NO";"NO";"NO";"YES";"NO";"NO";"NO";"NO";"NO";"NO";"1b4ed9dc73b97ebc4d28395c53834fed8bbf33f4";"NUTCH-837 Remove search servers and Lucene dependencies.   git-svn-id: https://svn.apache.org/repos/asf/nutch/trunk@960064 13f79535-47bb-0310-9956-ffa450edef68 ";"1";"-1"
"ArcSegmentCreator.java";"org.apache.nutch.tools.arc";"NO";"NO";"NO";"NO";"NO";"NO";"YES";"YES";"NO";"NO";"NO";"NO";"NO";"fd7758bdb963f08a7f184bb2981e5a02e1c91ef6";"fix for NUTCH-838 Add timing information to all Tool classes backported to 1.2-branch  git-svn-id: https://svn.apache.org/repos/asf/nutch/branches/branch-1.2@960248 13f79535-47bb-0310-9956-ffa450edef68 ";"1";"-1"
"ArcSegmentCreator.java";"org.apache.nutch.tools.arc";"NO";"NO";"NO";"NO";"NO";"NO";"YES";"YES";"NO";"NO";"NO";"NO";"NO";"3bf7de69a6abfb5e7c8e25b2aaa13414d68257a1";"- fix for NUTCH-838 Add timing information to all Tool classes  git-svn-id: https://svn.apache.org/repos/asf/nutch/trunk@960246 13f79535-47bb-0310-9956-ffa450edef68 ";"1";"-1"
"SegmentMergeFilters.java";"org.apache.nutch.segment";"NO";"NO";"NO";"NO";"NO";"NO";"NO";"YES";"NO";"NO";"NO";"NO";"NO";"0777aa58df6b7213e867728caa559851ed66d2d7";"- fix for NUTCH-677 Segment merge filtering based on segment content  git-svn-id: https://svn.apache.org/repos/asf/nutch/branches/branch-1.2@978989 13f79535-47bb-0310-9956-ffa450edef68 ";"1";"-1"
"SegmentMergeFilters.java";"org.apache.nutch.segment";"NO";"NO";"NO";"NO";"NO";"NO";"NO";"YES";"NO";"NO";"NO";"NO";"NO";"cac66cbbded786d4528be9847233ea30a6149540";"- fix for NUTCH-677 Segment merge filtering based on segment content  git-svn-id: https://svn.apache.org/repos/asf/nutch/trunk@978988 13f79535-47bb-0310-9956-ffa450edef68 ";"1";"-1"
"SegmentMergeFilter.java";"org.apache.nutch.segment";"NO";"NO";"NO";"NO";"NO";"NO";"NO";"YES";"NO";"NO";"NO";"NO";"NO";"0777aa58df6b7213e867728caa559851ed66d2d7";"- fix for NUTCH-677 Segment merge filtering based on segment content  git-svn-id: https://svn.apache.org/repos/asf/nutch/branches/branch-1.2@978989 13f79535-47bb-0310-9956-ffa450edef68 ";"1";"-1"
"SegmentMergeFilter.java";"org.apache.nutch.segment";"NO";"NO";"NO";"NO";"NO";"NO";"NO";"YES";"NO";"NO";"NO";"NO";"NO";"cac66cbbded786d4528be9847233ea30a6149540";"- fix for NUTCH-677 Segment merge filtering based on segment content  git-svn-id: https://svn.apache.org/repos/asf/nutch/trunk@978988 13f79535-47bb-0310-9956-ffa450edef68 ";"1";"-1"
"TLDScoringFilter.java";"org.apache.nutch.scoring.tld";"NO";"NO";"NO";"NO";"NO";"NO";"NO";"YES";"NO";"NO";"NO";"NO";"NO";"";"";"0";"0"
"AdaptiveFetchSchedule.java";"org.apache.nutch.crawl";"NO";"NO";"NO";"NO";"NO";"NO";"NO";"YES";"NO";"NO";"NO";"NO";"NO";"10871906f907bfc84b73079de707efef6949229d";"- fix for NUTCH-774 Retry interval in crawl date is set to 0  git-svn-id: https://svn.apache.org/repos/asf/nutch/branches/branch-1.2@964166 13f79535-47bb-0310-9956-ffa450edef68 ";"1";"-1"
"AdaptiveFetchSchedule.java";"org.apache.nutch.crawl";"NO";"NO";"NO";"NO";"NO";"NO";"NO";"YES";"NO";"NO";"NO";"NO";"NO";"5463a41dc4d3e61841a98b5bc142b7b5d22cd6ee";"- fix for NUTCH-774 Retry interval in crawl date is set to 0  git-svn-id: https://svn.apache.org/repos/asf/nutch/trunk@964165 13f79535-47bb-0310-9956-ffa450edef68 ";"1";"-1"
"TokenMgrError.java";"org.apache.nutch.analysis";"NO";"NO";"NO";"NO";"NO";"NO";"NO";"YES";"NO";"NO";"NO";"NO";"NO";"1b4ed9dc73b97ebc4d28395c53834fed8bbf33f4";"NUTCH-837 Remove search servers and Lucene dependencies.   git-svn-id: https://svn.apache.org/repos/asf/nutch/trunk@960064 13f79535-47bb-0310-9956-ffa450edef68 ";"1";"-1"
"AbstractFetchSchedule.java";"org.apache.nutch.crawl";"NO";"NO";"NO";"NO";"NO";"NO";"NO";"YES";"NO";"NO";"NO";"NO";"NO";"10871906f907bfc84b73079de707efef6949229d";"- fix for NUTCH-774 Retry interval in crawl date is set to 0  git-svn-id: https://svn.apache.org/repos/asf/nutch/branches/branch-1.2@964166 13f79535-47bb-0310-9956-ffa450edef68 ";"1";"-1"
"AbstractFetchSchedule.java";"org.apache.nutch.crawl";"NO";"NO";"NO";"NO";"NO";"NO";"NO";"YES";"NO";"NO";"NO";"NO";"NO";"5463a41dc4d3e61841a98b5bc142b7b5d22cd6ee";"- fix for NUTCH-774 Retry interval in crawl date is set to 0  git-svn-id: https://svn.apache.org/repos/asf/nutch/trunk@964165 13f79535-47bb-0310-9956-ffa450edef68 ";"1";"-1"
"ScoringFilter.java";"org.apache.nutch.scoring";"NO";"NO";"NO";"NO";"NO";"NO";"NO";"YES";"NO";"NO";"NO";"NO";"NO";"";"";"0";"0"
"PluginDescriptor.java";"org.apache.nutch.plugin";"NO";"NO";"NO";"NO";"NO";"NO";"NO";"YES";"NO";"NO";"NO";"NO";"NO";"";"";"0";"0"
"FieldWritable.java";"org.apache.nutch.indexer.field";"NO";"NO";"NO";"NO";"NO";"NO";"NO";"YES";"NO";"NO";"NO";"NO";"NO";"1b4ed9dc73b97ebc4d28395c53834fed8bbf33f4";"NUTCH-837 Remove search servers and Lucene dependencies.   git-svn-id: https://svn.apache.org/repos/asf/nutch/trunk@960064 13f79535-47bb-0310-9956-ffa450edef68 ";"1";"-1"
"URLMetaScoringFilter.java";"org.apache.nutch.scoring.urlmeta";"NO";"NO";"NO";"NO";"NO";"NO";"NO";"YES";"NO";"NO";"NO";"NO";"NO";"";"";"0";"0"
"ScoringFilters.java";"org.apache.nutch.scoring";"NO";"NO";"NO";"NO";"NO";"NO";"NO";"YES";"NO";"NO";"NO";"NO";"NO";"";"";"0";"0"
"DefaultFetchSchedule.java";"org.apache.nutch.crawl";"NO";"NO";"NO";"NO";"NO";"NO";"NO";"YES";"NO";"NO";"NO";"NO";"NO";"10871906f907bfc84b73079de707efef6949229d";"- fix for NUTCH-774 Retry interval in crawl date is set to 0  git-svn-id: https://svn.apache.org/repos/asf/nutch/branches/branch-1.2@964166 13f79535-47bb-0310-9956-ffa450edef68 ";"1";"-1"
"DefaultFetchSchedule.java";"org.apache.nutch.crawl";"NO";"NO";"NO";"NO";"NO";"NO";"NO";"YES";"NO";"NO";"NO";"NO";"NO";"5463a41dc4d3e61841a98b5bc142b7b5d22cd6ee";"- fix for NUTCH-774 Retry interval in crawl date is set to 0  git-svn-id: https://svn.apache.org/repos/asf/nutch/trunk@964165 13f79535-47bb-0310-9956-ffa450edef68 ";"1";"-1"
"MetaWrapper.java";"org.apache.nutch.metadata";"NO";"NO";"NO";"NO";"NO";"NO";"NO";"NO";"NO";"YES";"NO";"NO";"NO";"";"";"0";"0"
"TopLevelDomain.java";"org.apache.nutch.util.domain";"NO";"NO";"NO";"NO";"NO";"NO";"NO";"NO";"NO";"NO";"YES";"NO";"NO";"";"";"0";"0"
"DomainSuffix.java";"org.apache.nutch.util.domain";"NO";"NO";"NO";"NO";"NO";"NO";"NO";"NO";"NO";"NO";"YES";"NO";"NO";"";"";"0";"0"
"NutchAnalyzer.java";"org.apache.nutch.analysis";"NO";"NO";"NO";"NO";"NO";"NO";"NO";"NO";"NO";"NO";"NO";"NO";"YES";"1b4ed9dc73b97ebc4d28395c53834fed8bbf33f4";"NUTCH-837 Remove search servers and Lucene dependencies.   git-svn-id: https://svn.apache.org/repos/asf/nutch/trunk@960064 13f79535-47bb-0310-9956-ffa450edef68 ";"1";"-1"
"FieldQueryFilter.java";"org.apache.nutch.searcher";"NO";"NO";"NO";"NO";"NO";"NO";"NO";"NO";"NO";"NO";"NO";"NO";"YES";"1b4ed9dc73b97ebc4d28395c53834fed8bbf33f4";"NUTCH-837 Remove search servers and Lucene dependencies.   git-svn-id: https://svn.apache.org/repos/asf/nutch/trunk@960064 13f79535-47bb-0310-9956-ffa450edef68 ";"1";"-1"
"CrawlDbFilter.java";"org.apache.nutch.crawl";"NO";"NO";"NO";"NO";"NO";"NO";"NO";"NO";"NO";"NO";"NO";"NO";"NO";"";"";"0";"0"
"CrawlDbMerger.java";"org.apache.nutch.crawl";"NO";"NO";"NO";"NO";"NO";"NO";"NO";"NO";"NO";"NO";"NO";"NO";"NO";"6e81e6f6f4fc78ccb4c91068da42108b2a927e19";"NUTCH-972 : CrawlDbMerger doesn't break on non-existent input (Gabriele Kahlout via jnioche)  git-svn-id: https://svn.apache.org/repos/asf/nutch/branches/branch-1.3@1090199 13f79535-47bb-0310-9956-ffa450edef68 ";"1";"-1"
"CrawlDbMerger.java";"org.apache.nutch.crawl";"NO";"NO";"NO";"NO";"NO";"NO";"NO";"NO";"NO";"NO";"NO";"NO";"NO";"fd7758bdb963f08a7f184bb2981e5a02e1c91ef6";"fix for NUTCH-838 Add timing information to all Tool classes backported to 1.2-branch  git-svn-id: https://svn.apache.org/repos/asf/nutch/branches/branch-1.2@960248 13f79535-47bb-0310-9956-ffa450edef68 ";"1";"-1"
"CrawlDbMerger.java";"org.apache.nutch.crawl";"NO";"NO";"NO";"NO";"NO";"NO";"NO";"NO";"NO";"NO";"NO";"NO";"NO";"3bf7de69a6abfb5e7c8e25b2aaa13414d68257a1";"- fix for NUTCH-838 Add timing information to all Tool classes  git-svn-id: https://svn.apache.org/repos/asf/nutch/trunk@960246 13f79535-47bb-0310-9956-ffa450edef68 ";"1";"-1"
"CrawlDbReader.java";"org.apache.nutch.crawl";"NO";"NO";"NO";"NO";"NO";"NO";"NO";"NO";"NO";"NO";"NO";"NO";"NO";"";"";"0";"0"
"DeduplicationJob.java";"org.apache.nutch.crawl";"NO";"NO";"NO";"NO";"NO";"NO";"NO";"NO";"NO";"NO";"NO";"NO";"NO";"";"";"0";"0"
"FetchScheduleFactory.java";"org.apache.nutch.crawl";"NO";"NO";"NO";"NO";"NO";"NO";"NO";"NO";"NO";"NO";"NO";"NO";"NO";"";"";"0";"0"
"Injector.java";"org.apache.nutch.crawl";"NO";"NO";"NO";"NO";"NO";"NO";"NO";"NO";"NO";"NO";"NO";"NO";"NO";"2a461083d9093f30c5561cfa5664fc98cb89d7a4";"fix for NUTCH-870 Injector should add the metadata before calling injectedScore.  git-svn-id: https://svn.apache.org/repos/asf/nutch/branches/branch-1.2@983311 13f79535-47bb-0310-9956-ffa450edef68 ";"1";"-1"
"Injector.java";"org.apache.nutch.crawl";"NO";"NO";"NO";"NO";"NO";"NO";"NO";"NO";"NO";"NO";"NO";"NO";"NO";"ab915fb2f8944e07a21c8480ed67b0a977ab4be9";"- fix for NUTCH-870 Injector should add the metadata before calling injectedScore  git-svn-id: https://svn.apache.org/repos/asf/nutch/trunk@983278 13f79535-47bb-0310-9956-ffa450edef68 ";"1";"-1"
"Injector.java";"org.apache.nutch.crawl";"NO";"NO";"NO";"NO";"NO";"NO";"NO";"NO";"NO";"NO";"NO";"NO";"NO";"fd7758bdb963f08a7f184bb2981e5a02e1c91ef6";"fix for NUTCH-838 Add timing information to all Tool classes backported to 1.2-branch  git-svn-id: https://svn.apache.org/repos/asf/nutch/branches/branch-1.2@960248 13f79535-47bb-0310-9956-ffa450edef68 ";"1";"-1"
"Injector.java";"org.apache.nutch.crawl";"NO";"NO";"NO";"NO";"NO";"NO";"NO";"NO";"NO";"NO";"NO";"NO";"NO";"3bf7de69a6abfb5e7c8e25b2aaa13414d68257a1";"- fix for NUTCH-838 Add timing information to all Tool classes  git-svn-id: https://svn.apache.org/repos/asf/nutch/trunk@960246 13f79535-47bb-0310-9956-ffa450edef68 ";"1";"-1"
"Inlink.java";"org.apache.nutch.crawl";"NO";"NO";"NO";"NO";"NO";"NO";"NO";"NO";"NO";"NO";"NO";"NO";"NO";"";"";"0";"0"
"Inlinks.java";"org.apache.nutch.crawl";"NO";"NO";"NO";"NO";"NO";"NO";"NO";"NO";"NO";"NO";"NO";"NO";"NO";"";"";"0";"0"
"LinkDb.java";"org.apache.nutch.crawl";"NO";"NO";"NO";"NO";"NO";"NO";"NO";"NO";"NO";"NO";"NO";"NO";"NO";"fd7758bdb963f08a7f184bb2981e5a02e1c91ef6";"fix for NUTCH-838 Add timing information to all Tool classes backported to 1.2-branch  git-svn-id: https://svn.apache.org/repos/asf/nutch/branches/branch-1.2@960248 13f79535-47bb-0310-9956-ffa450edef68 ";"1";"-1"
"LinkDb.java";"org.apache.nutch.crawl";"NO";"NO";"NO";"NO";"NO";"NO";"NO";"NO";"NO";"NO";"NO";"NO";"NO";"3bf7de69a6abfb5e7c8e25b2aaa13414d68257a1";"- fix for NUTCH-838 Add timing information to all Tool classes  git-svn-id: https://svn.apache.org/repos/asf/nutch/trunk@960246 13f79535-47bb-0310-9956-ffa450edef68 ";"1";"-1"
"LinkDbFilter.java";"org.apache.nutch.crawl";"NO";"NO";"NO";"NO";"NO";"NO";"NO";"NO";"NO";"NO";"NO";"NO";"NO";"";"";"0";"0"
"LinkDbMerger.java";"org.apache.nutch.crawl";"NO";"NO";"NO";"NO";"NO";"NO";"NO";"NO";"NO";"NO";"NO";"NO";"NO";"fd7758bdb963f08a7f184bb2981e5a02e1c91ef6";"fix for NUTCH-838 Add timing information to all Tool classes backported to 1.2-branch  git-svn-id: https://svn.apache.org/repos/asf/nutch/branches/branch-1.2@960248 13f79535-47bb-0310-9956-ffa450edef68 ";"1";"-1"
"LinkDbMerger.java";"org.apache.nutch.crawl";"NO";"NO";"NO";"NO";"NO";"NO";"NO";"NO";"NO";"NO";"NO";"NO";"NO";"3bf7de69a6abfb5e7c8e25b2aaa13414d68257a1";"- fix for NUTCH-838 Add timing information to all Tool classes  git-svn-id: https://svn.apache.org/repos/asf/nutch/trunk@960246 13f79535-47bb-0310-9956-ffa450edef68 ";"1";"-1"
"LinkDbReader.java";"org.apache.nutch.crawl";"NO";"NO";"NO";"NO";"NO";"NO";"NO";"NO";"NO";"NO";"NO";"NO";"NO";"fd7758bdb963f08a7f184bb2981e5a02e1c91ef6";"fix for NUTCH-838 Add timing information to all Tool classes backported to 1.2-branch  git-svn-id: https://svn.apache.org/repos/asf/nutch/branches/branch-1.2@960248 13f79535-47bb-0310-9956-ffa450edef68 ";"1";"-1"
"LinkDbReader.java";"org.apache.nutch.crawl";"NO";"NO";"NO";"NO";"NO";"NO";"NO";"NO";"NO";"NO";"NO";"NO";"NO";"3bf7de69a6abfb5e7c8e25b2aaa13414d68257a1";"- fix for NUTCH-838 Add timing information to all Tool classes  git-svn-id: https://svn.apache.org/repos/asf/nutch/trunk@960246 13f79535-47bb-0310-9956-ffa450edef68 ";"1";"-1"
"MD5Signature.java";"org.apache.nutch.crawl";"NO";"NO";"NO";"NO";"NO";"NO";"NO";"NO";"NO";"NO";"NO";"NO";"NO";"920c5506257b4be0f9b8591e55ded5508252a515";"Merge from trunk rev. 959629.   git-svn-id: https://svn.apache.org/repos/asf/nutch/branches/branch-1.2@959631 13f79535-47bb-0310-9956-ffa450edef68 ";"1";"-1"
"MD5Signature.java";"org.apache.nutch.crawl";"NO";"NO";"NO";"NO";"NO";"NO";"NO";"NO";"NO";"NO";"NO";"NO";"NO";"8392ef63df8f2a038169e0f645a3d482294e0202";"NUTCH-835 Document deduplication failed using MD5Signature (Sebastian Nagel via ab)   git-svn-id: https://svn.apache.org/repos/asf/nutch/trunk@959629 13f79535-47bb-0310-9956-ffa450edef68 ";"1";"-1"
"MimeAdaptiveFetchSchedule.java";"org.apache.nutch.crawl";"NO";"NO";"NO";"NO";"NO";"NO";"NO";"NO";"NO";"NO";"NO";"NO";"NO";"";"";"0";"0"
"NutchWritable.java";"org.apache.nutch.crawl";"NO";"NO";"NO";"NO";"NO";"NO";"NO";"NO";"NO";"NO";"NO";"NO";"NO";"1b4ed9dc73b97ebc4d28395c53834fed8bbf33f4";"NUTCH-837 Remove search servers and Lucene dependencies.   git-svn-id: https://svn.apache.org/repos/asf/nutch/trunk@960064 13f79535-47bb-0310-9956-ffa450edef68 ";"1";"-1"
"Signature.java";"org.apache.nutch.crawl";"NO";"NO";"NO";"NO";"NO";"NO";"NO";"NO";"NO";"NO";"NO";"NO";"NO";"";"";"0";"0"
"SignatureComparator.java";"org.apache.nutch.crawl";"NO";"NO";"NO";"NO";"NO";"NO";"NO";"NO";"NO";"NO";"NO";"NO";"NO";"";"";"0";"0"
"SignatureFactory.java";"org.apache.nutch.crawl";"NO";"NO";"NO";"NO";"NO";"NO";"NO";"NO";"NO";"NO";"NO";"NO";"NO";"";"";"0";"0"
"TextMD5Signature.java";"org.apache.nutch.crawl";"NO";"NO";"NO";"NO";"NO";"NO";"NO";"NO";"NO";"NO";"NO";"NO";"NO";"";"";"0";"0"
"TextProfileSignature.java";"org.apache.nutch.crawl";"NO";"NO";"NO";"NO";"NO";"NO";"NO";"NO";"NO";"NO";"NO";"NO";"NO";"";"";"0";"0"
"URLPartitioner.java";"org.apache.nutch.crawl";"NO";"NO";"NO";"NO";"NO";"NO";"NO";"NO";"NO";"NO";"NO";"NO";"NO";"";"";"0";"0"
"Exchange.java";"org.apache.nutch.exchange";"NO";"NO";"NO";"NO";"NO";"NO";"NO";"NO";"NO";"NO";"NO";"NO";"NO";"";"";"0";"0"
"ExchangeConfig.java";"org.apache.nutch.exchange";"NO";"NO";"NO";"NO";"NO";"NO";"NO";"NO";"NO";"NO";"NO";"NO";"NO";"";"";"0";"0"
"Exchanges.java";"org.apache.nutch.exchange";"NO";"NO";"NO";"NO";"NO";"NO";"NO";"NO";"NO";"NO";"NO";"NO";"NO";"";"";"0";"0"
"package-info.java";"org.apache.nutch.exchange";"NO";"NO";"NO";"NO";"NO";"NO";"NO";"NO";"NO";"NO";"NO";"NO";"NO";"";"";"0";"0"
"FetcherOutputFormat.java";"org.apache.nutch.fetcher";"NO";"NO";"NO";"NO";"NO";"NO";"NO";"NO";"NO";"NO";"NO";"NO";"NO";"";"";"0";"0"
"FetcherThread.java";"org.apache.nutch.fetcher";"NO";"NO";"NO";"NO";"NO";"NO";"NO";"NO";"NO";"NO";"NO";"NO";"NO";"";"";"0";"0"
"FetcherThreadEvent.java";"org.apache.nutch.fetcher";"NO";"NO";"NO";"NO";"NO";"NO";"NO";"NO";"NO";"NO";"NO";"NO";"NO";"";"";"0";"0"
"FetcherThreadPublisher.java";"org.apache.nutch.fetcher";"NO";"NO";"NO";"NO";"NO";"NO";"NO";"NO";"NO";"NO";"NO";"NO";"NO";"";"";"0";"0"
"FetchItem.java";"org.apache.nutch.fetcher";"NO";"NO";"NO";"NO";"NO";"NO";"NO";"NO";"NO";"NO";"NO";"NO";"NO";"";"";"0";"0"
"FetchItemQueue.java";"org.apache.nutch.fetcher";"NO";"NO";"NO";"NO";"NO";"NO";"NO";"NO";"NO";"NO";"NO";"NO";"NO";"";"";"0";"0"
"FetchItemQueues.java";"org.apache.nutch.fetcher";"NO";"NO";"NO";"NO";"NO";"NO";"NO";"NO";"NO";"NO";"NO";"NO";"NO";"";"";"0";"0"
"FetchNode.java";"org.apache.nutch.fetcher";"NO";"NO";"NO";"NO";"NO";"NO";"NO";"NO";"NO";"NO";"NO";"NO";"NO";"";"";"0";"0"
"FetchNodeDb.java";"org.apache.nutch.fetcher";"NO";"NO";"NO";"NO";"NO";"NO";"NO";"NO";"NO";"NO";"NO";"NO";"NO";"";"";"0";"0"
"HostDatum.java";"org.apache.nutch.hostdb";"NO";"NO";"NO";"NO";"NO";"NO";"NO";"NO";"NO";"NO";"NO";"NO";"NO";"";"";"0";"0"
"ReadHostDb.java";"org.apache.nutch.hostdb";"NO";"NO";"NO";"NO";"NO";"NO";"NO";"NO";"NO";"NO";"NO";"NO";"NO";"";"";"0";"0"
"ResolverThread.java";"org.apache.nutch.hostdb";"NO";"NO";"NO";"NO";"NO";"NO";"NO";"NO";"NO";"NO";"NO";"NO";"NO";"";"";"0";"0"
"UpdateHostDb.java";"org.apache.nutch.hostdb";"NO";"NO";"NO";"NO";"NO";"NO";"NO";"NO";"NO";"NO";"NO";"NO";"NO";"";"";"0";"0"
"UpdateHostDbMapper.java";"org.apache.nutch.hostdb";"NO";"NO";"NO";"NO";"NO";"NO";"NO";"NO";"NO";"NO";"NO";"NO";"NO";"";"";"0";"0"
"UpdateHostDbReducer.java";"org.apache.nutch.hostdb";"NO";"NO";"NO";"NO";"NO";"NO";"NO";"NO";"NO";"NO";"NO";"NO";"NO";"";"";"0";"0"
"CleaningJob.java";"org.apache.nutch.indexer";"NO";"NO";"NO";"NO";"NO";"NO";"NO";"NO";"NO";"NO";"NO";"NO";"NO";"";"";"0";"0"
"IndexerMapReduce.java";"org.apache.nutch.indexer";"NO";"NO";"NO";"NO";"NO";"NO";"NO";"NO";"NO";"NO";"NO";"NO";"NO";"2ac881265fc1ef5fe702c4ed5d3446a8041b7245";"NUTCH-858 No longer able to set per-field boosts on lucene documents   git-svn-id: https://svn.apache.org/repos/asf/nutch/branches/branch-1.2@982970 13f79535-47bb-0310-9956-ffa450edef68 ";"1";"-1"
"IndexerMapReduce.java";"org.apache.nutch.indexer";"NO";"NO";"NO";"NO";"NO";"NO";"NO";"NO";"NO";"NO";"NO";"NO";"NO";"1b4ed9dc73b97ebc4d28395c53834fed8bbf33f4";"NUTCH-837 Remove search servers and Lucene dependencies.   git-svn-id: https://svn.apache.org/repos/asf/nutch/trunk@960064 13f79535-47bb-0310-9956-ffa450edef68 ";"1";"-1"
"IndexerOutputFormat.java";"org.apache.nutch.indexer";"NO";"NO";"NO";"NO";"NO";"NO";"NO";"NO";"NO";"NO";"NO";"NO";"NO";"";"";"0";"0"
"IndexingException.java";"org.apache.nutch.indexer";"NO";"NO";"NO";"NO";"NO";"NO";"NO";"NO";"NO";"NO";"NO";"NO";"NO";"";"";"0";"0"
"IndexingFilter.java";"org.apache.nutch.indexer";"NO";"NO";"NO";"NO";"NO";"NO";"NO";"NO";"NO";"NO";"NO";"NO";"NO";"1b4ed9dc73b97ebc4d28395c53834fed8bbf33f4";"NUTCH-837 Remove search servers and Lucene dependencies.   git-svn-id: https://svn.apache.org/repos/asf/nutch/trunk@960064 13f79535-47bb-0310-9956-ffa450edef68 ";"1";"-1"
"IndexingFiltersChecker.java";"org.apache.nutch.indexer";"NO";"NO";"NO";"NO";"NO";"NO";"NO";"NO";"NO";"NO";"NO";"NO";"NO";"";"";"0";"0"
"IndexingJob.java";"org.apache.nutch.indexer";"NO";"NO";"NO";"NO";"NO";"NO";"NO";"NO";"NO";"NO";"NO";"NO";"NO";"";"";"0";"0"
"IndexWriter.java";"org.apache.nutch.indexer";"NO";"NO";"NO";"NO";"NO";"NO";"NO";"NO";"NO";"NO";"NO";"NO";"NO";"";"";"0";"0"
"IndexWriterConfig.java";"org.apache.nutch.indexer";"NO";"NO";"NO";"NO";"NO";"NO";"NO";"NO";"NO";"NO";"NO";"NO";"NO";"";"";"0";"0"
"IndexWriterParams.java";"org.apache.nutch.indexer";"NO";"NO";"NO";"NO";"NO";"NO";"NO";"NO";"NO";"NO";"NO";"NO";"NO";"";"";"0";"0"
"IndexWriters.java";"org.apache.nutch.indexer";"NO";"NO";"NO";"NO";"NO";"NO";"NO";"NO";"NO";"NO";"NO";"NO";"NO";"";"";"0";"0"
"MappingReader.java";"org.apache.nutch.indexer";"NO";"NO";"NO";"NO";"NO";"NO";"NO";"NO";"NO";"NO";"NO";"NO";"NO";"";"";"0";"0"
"NutchDocument.java";"org.apache.nutch.indexer";"NO";"NO";"NO";"NO";"NO";"NO";"NO";"NO";"NO";"NO";"NO";"NO";"NO";"2ac881265fc1ef5fe702c4ed5d3446a8041b7245";"NUTCH-858 No longer able to set per-field boosts on lucene documents   git-svn-id: https://svn.apache.org/repos/asf/nutch/branches/branch-1.2@982970 13f79535-47bb-0310-9956-ffa450edef68 ";"1";"-1"
"NutchDocument.java";"org.apache.nutch.indexer";"NO";"NO";"NO";"NO";"NO";"NO";"NO";"NO";"NO";"NO";"NO";"NO";"NO";"1b4ed9dc73b97ebc4d28395c53834fed8bbf33f4";"NUTCH-837 Remove search servers and Lucene dependencies.   git-svn-id: https://svn.apache.org/repos/asf/nutch/trunk@960064 13f79535-47bb-0310-9956-ffa450edef68 ";"1";"-1"
"NutchField.java";"org.apache.nutch.indexer";"NO";"NO";"NO";"NO";"NO";"NO";"NO";"NO";"NO";"NO";"NO";"NO";"NO";"107bf5a2a3f2ab60f38e8d83b678f75c3db8a910";"NUTCH-975 Fix missing and wrong headers in source files  git-svn-id: https://svn.apache.org/repos/asf/nutch/branches/branch-1.3@1089077 13f79535-47bb-0310-9956-ffa450edef68 ";"1";"-1"
"NutchField.java";"org.apache.nutch.indexer";"NO";"NO";"NO";"NO";"NO";"NO";"NO";"NO";"NO";"NO";"NO";"NO";"NO";"2ac881265fc1ef5fe702c4ed5d3446a8041b7245";"NUTCH-858 No longer able to set per-field boosts on lucene documents   git-svn-id: https://svn.apache.org/repos/asf/nutch/branches/branch-1.2@982970 13f79535-47bb-0310-9956-ffa450edef68 ";"1";"-1"
"NutchField.java";"org.apache.nutch.indexer";"NO";"NO";"NO";"NO";"NO";"NO";"NO";"NO";"NO";"NO";"NO";"NO";"NO";"1b4ed9dc73b97ebc4d28395c53834fed8bbf33f4";"NUTCH-837 Remove search servers and Lucene dependencies.   git-svn-id: https://svn.apache.org/repos/asf/nutch/trunk@960064 13f79535-47bb-0310-9956-ffa450edef68 ";"1";"-1"
"NutchIndexAction.java";"org.apache.nutch.indexer";"NO";"NO";"NO";"NO";"NO";"NO";"NO";"NO";"NO";"NO";"NO";"NO";"NO";"";"";"0";"0"
"CreativeCommons.java";"org.apache.nutch.metadata";"NO";"NO";"NO";"NO";"NO";"NO";"NO";"NO";"NO";"NO";"NO";"NO";"NO";"";"";"0";"0"
"Metadata.java";"org.apache.nutch.metadata";"NO";"NO";"NO";"NO";"NO";"NO";"NO";"NO";"NO";"NO";"NO";"NO";"NO";"";"";"0";"0"
"SpellCheckedMetadata.java";"org.apache.nutch.metadata";"NO";"NO";"NO";"NO";"NO";"NO";"NO";"NO";"NO";"NO";"NO";"NO";"NO";"";"";"0";"0"
"package-info.java";"org.apache.nutch.net";"NO";"NO";"NO";"NO";"NO";"NO";"NO";"NO";"NO";"NO";"NO";"NO";"NO";"";"";"0";"0"
"HttpDateFormat.java";"org.apache.nutch.net.protocols";"NO";"NO";"NO";"NO";"NO";"NO";"NO";"NO";"NO";"NO";"NO";"NO";"NO";"";"";"0";"0"
"package-info.java";"org.apache.nutch.net.protocols";"NO";"NO";"NO";"NO";"NO";"NO";"NO";"NO";"NO";"NO";"NO";"NO";"NO";"";"";"0";"0"
"ProtocolException.java";"org.apache.nutch.net.protocols";"NO";"NO";"NO";"NO";"NO";"NO";"NO";"NO";"NO";"NO";"NO";"NO";"NO";"";"";"0";"0"
"ProtocolLogUtil.java";"org.apache.nutch.net.protocols";"NO";"NO";"NO";"NO";"NO";"NO";"NO";"NO";"NO";"NO";"NO";"NO";"NO";"";"";"0";"0"
"Response.java";"org.apache.nutch.net.protocols";"NO";"NO";"NO";"NO";"NO";"NO";"NO";"NO";"NO";"NO";"NO";"NO";"NO";"";"";"0";"0"
"URLExemptionFilter.java";"org.apache.nutch.net";"NO";"NO";"NO";"NO";"NO";"NO";"NO";"NO";"NO";"NO";"NO";"NO";"NO";"";"";"0";"0"
"URLExemptionFilters.java";"org.apache.nutch.net";"NO";"NO";"NO";"NO";"NO";"NO";"NO";"NO";"NO";"NO";"NO";"NO";"NO";"";"";"0";"0"
"URLFilter.java";"org.apache.nutch.net";"NO";"NO";"NO";"NO";"NO";"NO";"NO";"NO";"NO";"NO";"NO";"NO";"NO";"";"";"0";"0"
"URLFilterChecker.java";"org.apache.nutch.net";"NO";"NO";"NO";"NO";"NO";"NO";"NO";"NO";"NO";"NO";"NO";"NO";"NO";"";"";"0";"0"
"URLFilterException.java";"org.apache.nutch.net";"NO";"NO";"NO";"NO";"NO";"NO";"NO";"NO";"NO";"NO";"NO";"NO";"NO";"";"";"0";"0"
"URLFilters.java";"org.apache.nutch.net";"NO";"NO";"NO";"NO";"NO";"NO";"NO";"NO";"NO";"NO";"NO";"NO";"NO";"";"";"0";"0"
"URLNormalizer.java";"org.apache.nutch.net";"NO";"NO";"NO";"NO";"NO";"NO";"NO";"NO";"NO";"NO";"NO";"NO";"NO";"";"";"0";"0"
"URLNormalizerChecker.java";"org.apache.nutch.net";"NO";"NO";"NO";"NO";"NO";"NO";"NO";"NO";"NO";"NO";"NO";"NO";"NO";"";"";"0";"0"
"URLNormalizers.java";"org.apache.nutch.net";"NO";"NO";"NO";"NO";"NO";"NO";"NO";"NO";"NO";"NO";"NO";"NO";"NO";"";"";"0";"0"
"HTMLMetaTags.java";"org.apache.nutch.parse";"NO";"NO";"NO";"NO";"NO";"NO";"NO";"NO";"NO";"NO";"NO";"NO";"NO";"";"";"0";"0"
"HtmlParseFilter.java";"org.apache.nutch.parse";"NO";"NO";"NO";"NO";"NO";"NO";"NO";"NO";"NO";"NO";"NO";"NO";"NO";"";"";"0";"0"
"HtmlParseFilters.java";"org.apache.nutch.parse";"NO";"NO";"NO";"NO";"NO";"NO";"NO";"NO";"NO";"NO";"NO";"NO";"NO";"";"";"0";"0"
"Outlink.java";"org.apache.nutch.parse";"NO";"NO";"NO";"NO";"NO";"NO";"NO";"NO";"NO";"NO";"NO";"NO";"NO";"";"";"0";"0"
"OutlinkExtractor.java";"org.apache.nutch.parse";"NO";"NO";"NO";"NO";"NO";"NO";"NO";"NO";"NO";"NO";"NO";"NO";"NO";"";"";"0";"0"
"package-info.java";"org.apache.nutch.parse";"NO";"NO";"NO";"NO";"NO";"NO";"NO";"NO";"NO";"NO";"NO";"NO";"NO";"";"";"0";"0"
"Parse.java";"org.apache.nutch.parse";"NO";"NO";"NO";"NO";"NO";"NO";"NO";"NO";"NO";"NO";"NO";"NO";"NO";"";"";"0";"0"
"ParseCallable.java";"org.apache.nutch.parse";"NO";"NO";"NO";"NO";"NO";"NO";"NO";"NO";"NO";"NO";"NO";"NO";"NO";"107bf5a2a3f2ab60f38e8d83b678f75c3db8a910";"NUTCH-975 Fix missing and wrong headers in source files  git-svn-id: https://svn.apache.org/repos/asf/nutch/branches/branch-1.3@1089077 13f79535-47bb-0310-9956-ffa450edef68 ";"1";"-1"
"ParseCallable.java";"org.apache.nutch.parse";"NO";"NO";"NO";"NO";"NO";"NO";"NO";"NO";"NO";"NO";"NO";"NO";"NO";"1de50533d5fcef41dde2bc1a8edb2c13874e88dc";"NUTCH-696 Timeout for Parser  git-svn-id: https://svn.apache.org/repos/asf/nutch/branches/branch-1.2@981844 13f79535-47bb-0310-9956-ffa450edef68 ";"1";"-1"
"ParseCallable.java";"org.apache.nutch.parse";"NO";"NO";"NO";"NO";"NO";"NO";"NO";"NO";"NO";"NO";"NO";"NO";"NO";"6a0c40419bc498d47a9b52db6c26533d9c0c1f6b";"NUTCH-696 Timeout for Parser  git-svn-id: https://svn.apache.org/repos/asf/nutch/trunk@981829 13f79535-47bb-0310-9956-ffa450edef68 ";"1";"-1"
"ParseData.java";"org.apache.nutch.parse";"NO";"NO";"NO";"NO";"NO";"NO";"NO";"NO";"NO";"NO";"NO";"NO";"NO";"";"";"0";"0"
"ParseException.java";"org.apache.nutch.parse";"NO";"NO";"NO";"NO";"NO";"NO";"NO";"NO";"NO";"NO";"NO";"NO";"NO";"";"";"0";"0"
"ParseImpl.java";"org.apache.nutch.parse";"NO";"NO";"NO";"NO";"NO";"NO";"NO";"NO";"NO";"NO";"NO";"NO";"NO";"";"";"0";"0"
"ParsePluginList.java";"org.apache.nutch.parse";"NO";"NO";"NO";"NO";"NO";"NO";"NO";"NO";"NO";"NO";"NO";"NO";"NO";"";"";"0";"0"
"ParsePluginsReader.java";"org.apache.nutch.parse";"NO";"NO";"NO";"NO";"NO";"NO";"NO";"NO";"NO";"NO";"NO";"NO";"NO";"";"";"0";"0"
"Parser.java";"org.apache.nutch.parse";"NO";"NO";"NO";"NO";"NO";"NO";"NO";"NO";"NO";"NO";"NO";"NO";"NO";"";"";"0";"0"
"ParserChecker.java";"org.apache.nutch.parse";"NO";"NO";"NO";"NO";"NO";"NO";"NO";"NO";"NO";"NO";"NO";"NO";"NO";"";"";"0";"0"
"ParseResult.java";"org.apache.nutch.parse";"NO";"NO";"NO";"NO";"NO";"NO";"NO";"NO";"NO";"NO";"NO";"NO";"NO";"";"";"0";"0"
"ParserFactory.java";"org.apache.nutch.parse";"NO";"NO";"NO";"NO";"NO";"NO";"NO";"NO";"NO";"NO";"NO";"NO";"NO";"";"";"0";"0"
"ParserNotFound.java";"org.apache.nutch.parse";"NO";"NO";"NO";"NO";"NO";"NO";"NO";"NO";"NO";"NO";"NO";"NO";"NO";"";"";"0";"0"
"ParseSegment.java";"org.apache.nutch.parse";"NO";"NO";"NO";"NO";"NO";"NO";"NO";"NO";"NO";"NO";"NO";"NO";"NO";"fd7758bdb963f08a7f184bb2981e5a02e1c91ef6";"fix for NUTCH-838 Add timing information to all Tool classes backported to 1.2-branch  git-svn-id: https://svn.apache.org/repos/asf/nutch/branches/branch-1.2@960248 13f79535-47bb-0310-9956-ffa450edef68 ";"1";"-1"
"ParseSegment.java";"org.apache.nutch.parse";"NO";"NO";"NO";"NO";"NO";"NO";"NO";"NO";"NO";"NO";"NO";"NO";"NO";"3bf7de69a6abfb5e7c8e25b2aaa13414d68257a1";"- fix for NUTCH-838 Add timing information to all Tool classes  git-svn-id: https://svn.apache.org/repos/asf/nutch/trunk@960246 13f79535-47bb-0310-9956-ffa450edef68 ";"1";"-1"
"ParseStatus.java";"org.apache.nutch.parse";"NO";"NO";"NO";"NO";"NO";"NO";"NO";"NO";"NO";"NO";"NO";"NO";"NO";"";"";"0";"0"
"ParseText.java";"org.apache.nutch.parse";"NO";"NO";"NO";"NO";"NO";"NO";"NO";"NO";"NO";"NO";"NO";"NO";"NO";"";"";"0";"0"
"ParseUtil.java";"org.apache.nutch.parse";"NO";"NO";"NO";"NO";"NO";"NO";"NO";"NO";"NO";"NO";"NO";"NO";"NO";"1de50533d5fcef41dde2bc1a8edb2c13874e88dc";"NUTCH-696 Timeout for Parser  git-svn-id: https://svn.apache.org/repos/asf/nutch/branches/branch-1.2@981844 13f79535-47bb-0310-9956-ffa450edef68 ";"1";"-1"
"ParseUtil.java";"org.apache.nutch.parse";"NO";"NO";"NO";"NO";"NO";"NO";"NO";"NO";"NO";"NO";"NO";"NO";"NO";"6a0c40419bc498d47a9b52db6c26533d9c0c1f6b";"NUTCH-696 Timeout for Parser  git-svn-id: https://svn.apache.org/repos/asf/nutch/trunk@981829 13f79535-47bb-0310-9956-ffa450edef68 ";"1";"-1"
"ParseUtil.java";"org.apache.nutch.parse";"NO";"NO";"NO";"NO";"NO";"NO";"NO";"NO";"NO";"NO";"NO";"NO";"NO";"7d23d361b1e25738f9edd34fc2ed0fc15901f256";"NUTCH-868 : ParseUtil.parse() returns an empty Parse instead of null  git-svn-id: https://svn.apache.org/repos/asf/nutch/branches/branch-1.2@981440 13f79535-47bb-0310-9956-ffa450edef68 ";"1";"-1"
"ParseUtil.java";"org.apache.nutch.parse";"NO";"NO";"NO";"NO";"NO";"NO";"NO";"NO";"NO";"NO";"NO";"NO";"NO";"8c59362a43eb95756c0a97d8bbd57a6348d7457a";"NUTCH-868 : ParseUtil.parse() returns an empty Parse instead of null  git-svn-id: https://svn.apache.org/repos/asf/nutch/trunk@981439 13f79535-47bb-0310-9956-ffa450edef68 ";"1";"-1"
"CircularDependencyException.java";"org.apache.nutch.plugin";"NO";"NO";"NO";"NO";"NO";"NO";"NO";"NO";"NO";"NO";"NO";"NO";"NO";"";"";"0";"0"
"Extension.java";"org.apache.nutch.plugin";"NO";"NO";"NO";"NO";"NO";"NO";"NO";"NO";"NO";"NO";"NO";"NO";"NO";"";"";"0";"0"
"ExtensionPoint.java";"org.apache.nutch.plugin";"NO";"NO";"NO";"NO";"NO";"NO";"NO";"NO";"NO";"NO";"NO";"NO";"NO";"";"";"0";"0"
"MissingDependencyException.java";"org.apache.nutch.plugin";"NO";"NO";"NO";"NO";"NO";"NO";"NO";"NO";"NO";"NO";"NO";"NO";"NO";"";"";"0";"0"
"Pluggable.java";"org.apache.nutch.plugin";"NO";"NO";"NO";"NO";"NO";"NO";"NO";"NO";"NO";"NO";"NO";"NO";"NO";"";"";"0";"0"
"Plugin.java";"org.apache.nutch.plugin";"NO";"NO";"NO";"NO";"NO";"NO";"NO";"NO";"NO";"NO";"NO";"NO";"NO";"";"";"0";"0"
"PluginClassLoader.java";"org.apache.nutch.plugin";"NO";"NO";"NO";"NO";"NO";"NO";"NO";"NO";"NO";"NO";"NO";"NO";"NO";"";"";"0";"0"
"PluginManifestParser.java";"org.apache.nutch.plugin";"NO";"NO";"NO";"NO";"NO";"NO";"NO";"NO";"NO";"NO";"NO";"NO";"NO";"";"";"0";"0"
"PluginRepository.java";"org.apache.nutch.plugin";"NO";"NO";"NO";"NO";"NO";"NO";"NO";"NO";"NO";"NO";"NO";"NO";"NO";"e0a017f1d6f78529799142280ef04fc2d6992e5e";"NUTCH-844 Improve NutchConfiguration.   git-svn-id: https://svn.apache.org/repos/asf/nutch/trunk@964063 13f79535-47bb-0310-9956-ffa450edef68 ";"1";"-1"
"Content.java";"org.apache.nutch.protocol";"NO";"NO";"NO";"NO";"NO";"NO";"NO";"NO";"NO";"NO";"NO";"NO";"NO";"";"";"0";"0"
"package-info.java";"org.apache.nutch.protocol";"NO";"NO";"NO";"NO";"NO";"NO";"NO";"NO";"NO";"NO";"NO";"NO";"NO";"";"";"0";"0"
"Protocol.java";"org.apache.nutch.protocol";"NO";"NO";"NO";"NO";"NO";"NO";"NO";"NO";"NO";"NO";"NO";"NO";"NO";"";"";"0";"0"
"ProtocolFactory.java";"org.apache.nutch.protocol";"NO";"NO";"NO";"NO";"NO";"NO";"NO";"NO";"NO";"NO";"NO";"NO";"NO";"";"";"0";"0"
"ProtocolNotFound.java";"org.apache.nutch.protocol";"NO";"NO";"NO";"NO";"NO";"NO";"NO";"NO";"NO";"NO";"NO";"NO";"NO";"";"";"0";"0"
"ProtocolOutput.java";"org.apache.nutch.protocol";"NO";"NO";"NO";"NO";"NO";"NO";"NO";"NO";"NO";"NO";"NO";"NO";"NO";"";"";"0";"0"
"ProtocolStatus.java";"org.apache.nutch.protocol";"NO";"NO";"NO";"NO";"NO";"NO";"NO";"NO";"NO";"NO";"NO";"NO";"NO";"";"";"0";"0"
"RobotRulesParser.java";"org.apache.nutch.protocol";"NO";"NO";"NO";"NO";"NO";"NO";"NO";"NO";"NO";"NO";"NO";"NO";"NO";"";"";"0";"0"
"NutchPublisher.java";"org.apache.nutch.publisher";"NO";"NO";"NO";"NO";"NO";"NO";"NO";"NO";"NO";"NO";"NO";"NO";"NO";"";"";"0";"0"
"NutchPublishers.java";"org.apache.nutch.publisher";"NO";"NO";"NO";"NO";"NO";"NO";"NO";"NO";"NO";"NO";"NO";"NO";"NO";"";"";"0";"0"
"AbstractScoringFilter.java";"org.apache.nutch.scoring";"NO";"NO";"NO";"NO";"NO";"NO";"NO";"NO";"NO";"NO";"NO";"NO";"NO";"";"";"0";"0"
"package-info.java";"org.apache.nutch.scoring";"NO";"NO";"NO";"NO";"NO";"NO";"NO";"NO";"NO";"NO";"NO";"NO";"NO";"";"";"0";"0"
"ScoringFilterException.java";"org.apache.nutch.scoring";"NO";"NO";"NO";"NO";"NO";"NO";"NO";"NO";"NO";"NO";"NO";"NO";"NO";"";"";"0";"0"
"LinkDumper.java";"org.apache.nutch.scoring.webgraph";"NO";"NO";"NO";"NO";"NO";"NO";"NO";"NO";"NO";"NO";"NO";"NO";"NO";"fd7758bdb963f08a7f184bb2981e5a02e1c91ef6";"fix for NUTCH-838 Add timing information to all Tool classes backported to 1.2-branch  git-svn-id: https://svn.apache.org/repos/asf/nutch/branches/branch-1.2@960248 13f79535-47bb-0310-9956-ffa450edef68 ";"1";"-1"
"LinkDumper.java";"org.apache.nutch.scoring.webgraph";"NO";"NO";"NO";"NO";"NO";"NO";"NO";"NO";"NO";"NO";"NO";"NO";"NO";"3bf7de69a6abfb5e7c8e25b2aaa13414d68257a1";"- fix for NUTCH-838 Add timing information to all Tool classes  git-svn-id: https://svn.apache.org/repos/asf/nutch/trunk@960246 13f79535-47bb-0310-9956-ffa450edef68 ";"1";"-1"
"LinkRank.java";"org.apache.nutch.scoring.webgraph";"NO";"NO";"NO";"NO";"NO";"NO";"NO";"NO";"NO";"NO";"NO";"NO";"NO";"fd7758bdb963f08a7f184bb2981e5a02e1c91ef6";"fix for NUTCH-838 Add timing information to all Tool classes backported to 1.2-branch  git-svn-id: https://svn.apache.org/repos/asf/nutch/branches/branch-1.2@960248 13f79535-47bb-0310-9956-ffa450edef68 ";"1";"-1"
"LinkRank.java";"org.apache.nutch.scoring.webgraph";"NO";"NO";"NO";"NO";"NO";"NO";"NO";"NO";"NO";"NO";"NO";"NO";"NO";"3bf7de69a6abfb5e7c8e25b2aaa13414d68257a1";"- fix for NUTCH-838 Add timing information to all Tool classes  git-svn-id: https://svn.apache.org/repos/asf/nutch/trunk@960246 13f79535-47bb-0310-9956-ffa450edef68 ";"1";"-1"
"Node.java";"org.apache.nutch.scoring.webgraph";"NO";"NO";"NO";"NO";"NO";"NO";"NO";"NO";"NO";"NO";"NO";"NO";"NO";"";"";"0";"0"
"NodeReader.java";"org.apache.nutch.scoring.webgraph";"NO";"NO";"NO";"NO";"NO";"NO";"NO";"NO";"NO";"NO";"NO";"NO";"NO";"e0a017f1d6f78529799142280ef04fc2d6992e5e";"NUTCH-844 Improve NutchConfiguration.   git-svn-id: https://svn.apache.org/repos/asf/nutch/trunk@964063 13f79535-47bb-0310-9956-ffa450edef68 ";"1";"-1"
"package-info.java";"org.apache.nutch.scoring.webgraph";"NO";"NO";"NO";"NO";"NO";"NO";"NO";"NO";"NO";"NO";"NO";"NO";"NO";"";"";"0";"0"
"ScoreUpdater.java";"org.apache.nutch.scoring.webgraph";"NO";"NO";"NO";"NO";"NO";"NO";"NO";"NO";"NO";"NO";"NO";"NO";"NO";"fd7758bdb963f08a7f184bb2981e5a02e1c91ef6";"fix for NUTCH-838 Add timing information to all Tool classes backported to 1.2-branch  git-svn-id: https://svn.apache.org/repos/asf/nutch/branches/branch-1.2@960248 13f79535-47bb-0310-9956-ffa450edef68 ";"1";"-1"
"ScoreUpdater.java";"org.apache.nutch.scoring.webgraph";"NO";"NO";"NO";"NO";"NO";"NO";"NO";"NO";"NO";"NO";"NO";"NO";"NO";"3bf7de69a6abfb5e7c8e25b2aaa13414d68257a1";"- fix for NUTCH-838 Add timing information to all Tool classes  git-svn-id: https://svn.apache.org/repos/asf/nutch/trunk@960246 13f79535-47bb-0310-9956-ffa450edef68 ";"1";"-1"
"ContentAsTextInputFormat.java";"org.apache.nutch.segment";"NO";"NO";"NO";"NO";"NO";"NO";"NO";"NO";"NO";"NO";"NO";"NO";"NO";"";"";"0";"0"
"package-info.java";"org.apache.nutch.segment";"NO";"NO";"NO";"NO";"NO";"NO";"NO";"NO";"NO";"NO";"NO";"NO";"NO";"";"";"0";"0"
"SegmentChecker.java";"org.apache.nutch.segment";"NO";"NO";"NO";"NO";"NO";"NO";"NO";"NO";"NO";"NO";"NO";"NO";"NO";"";"";"0";"0"
"SegmentPart.java";"org.apache.nutch.segment";"NO";"NO";"NO";"NO";"NO";"NO";"NO";"NO";"NO";"NO";"NO";"NO";"NO";"";"";"0";"0"
"ConfManager.java";"org.apache.nutch.service";"NO";"NO";"NO";"NO";"NO";"NO";"NO";"NO";"NO";"NO";"NO";"NO";"NO";"";"";"0";"0"
"ConfManagerImpl.java";"org.apache.nutch.service.impl";"NO";"NO";"NO";"NO";"NO";"NO";"NO";"NO";"NO";"NO";"NO";"NO";"NO";"";"";"0";"0"
"JobFactory.java";"org.apache.nutch.service.impl";"NO";"NO";"NO";"NO";"NO";"NO";"NO";"NO";"NO";"NO";"NO";"NO";"NO";"";"";"0";"0"
"JobManagerImpl.java";"org.apache.nutch.service.impl";"NO";"NO";"NO";"NO";"NO";"NO";"NO";"NO";"NO";"NO";"NO";"NO";"NO";"";"";"0";"0"
"JobWorker.java";"org.apache.nutch.service.impl";"NO";"NO";"NO";"NO";"NO";"NO";"NO";"NO";"NO";"NO";"NO";"NO";"NO";"";"";"0";"0"
"LinkReader.java";"org.apache.nutch.service.impl";"NO";"NO";"NO";"NO";"NO";"NO";"NO";"NO";"NO";"NO";"NO";"NO";"NO";"";"";"0";"0"
"NodeReader.java";"org.apache.nutch.service.impl";"NO";"NO";"NO";"NO";"NO";"NO";"NO";"NO";"NO";"NO";"NO";"NO";"NO";"";"";"0";"0"
"NutchServerPoolExecutor.java";"org.apache.nutch.service.impl";"NO";"NO";"NO";"NO";"NO";"NO";"NO";"NO";"NO";"NO";"NO";"NO";"NO";"";"";"0";"0"
"SeedManagerImpl.java";"org.apache.nutch.service.impl";"NO";"NO";"NO";"NO";"NO";"NO";"NO";"NO";"NO";"NO";"NO";"NO";"NO";"";"";"0";"0"
"SequenceReader.java";"org.apache.nutch.service.impl";"NO";"NO";"NO";"NO";"NO";"NO";"NO";"NO";"NO";"NO";"NO";"NO";"NO";"";"";"0";"0"
"ServiceWorker.java";"org.apache.nutch.service.impl";"NO";"NO";"NO";"NO";"NO";"NO";"NO";"NO";"NO";"NO";"NO";"NO";"NO";"";"";"0";"0"
"JobManager.java";"org.apache.nutch.service";"NO";"NO";"NO";"NO";"NO";"NO";"NO";"NO";"NO";"NO";"NO";"NO";"NO";"";"";"0";"0"
"DbQuery.java";"org.apache.nutch.service.model.request";"NO";"NO";"NO";"NO";"NO";"NO";"NO";"NO";"NO";"NO";"NO";"NO";"NO";"";"";"0";"0"
"JobConfig.java";"org.apache.nutch.service.model.request";"NO";"NO";"NO";"NO";"NO";"NO";"NO";"NO";"NO";"NO";"NO";"NO";"NO";"";"";"0";"0"
"NutchConfig.java";"org.apache.nutch.service.model.request";"NO";"NO";"NO";"NO";"NO";"NO";"NO";"NO";"NO";"NO";"NO";"NO";"NO";"";"";"0";"0"
"ReaderConfig.java";"org.apache.nutch.service.model.request";"NO";"NO";"NO";"NO";"NO";"NO";"NO";"NO";"NO";"NO";"NO";"NO";"NO";"";"";"0";"0"
"SeedList.java";"org.apache.nutch.service.model.request";"NO";"NO";"NO";"NO";"NO";"NO";"NO";"NO";"NO";"NO";"NO";"NO";"NO";"";"";"0";"0"
"SeedUrl.java";"org.apache.nutch.service.model.request";"NO";"NO";"NO";"NO";"NO";"NO";"NO";"NO";"NO";"NO";"NO";"NO";"NO";"";"";"0";"0"
"ServiceConfig.java";"org.apache.nutch.service.model.request";"NO";"NO";"NO";"NO";"NO";"NO";"NO";"NO";"NO";"NO";"NO";"NO";"NO";"";"";"0";"0"
"FetchNodeDbInfo.java";"org.apache.nutch.service.model.response";"NO";"NO";"NO";"NO";"NO";"NO";"NO";"NO";"NO";"NO";"NO";"NO";"NO";"";"";"0";"0"
"JobInfo.java";"org.apache.nutch.service.model.response";"NO";"NO";"NO";"NO";"NO";"NO";"NO";"NO";"NO";"NO";"NO";"NO";"NO";"";"";"0";"0"
"NutchServerInfo.java";"org.apache.nutch.service.model.response";"NO";"NO";"NO";"NO";"NO";"NO";"NO";"NO";"NO";"NO";"NO";"NO";"NO";"";"";"0";"0"
"ServiceInfo.java";"org.apache.nutch.service.model.response";"NO";"NO";"NO";"NO";"NO";"NO";"NO";"NO";"NO";"NO";"NO";"NO";"NO";"";"";"0";"0"
"NutchReader.java";"org.apache.nutch.service";"NO";"NO";"NO";"NO";"NO";"NO";"NO";"NO";"NO";"NO";"NO";"NO";"NO";"";"";"0";"0"
"NutchServer.java";"org.apache.nutch.service";"NO";"NO";"NO";"NO";"NO";"NO";"NO";"NO";"NO";"NO";"NO";"NO";"NO";"";"";"0";"0"
"AbstractResource.java";"org.apache.nutch.service.resources";"NO";"NO";"NO";"NO";"NO";"NO";"NO";"NO";"NO";"NO";"NO";"NO";"NO";"";"";"0";"0"
"AdminResource.java";"org.apache.nutch.service.resources";"NO";"NO";"NO";"NO";"NO";"NO";"NO";"NO";"NO";"NO";"NO";"NO";"NO";"";"";"0";"0"
"ConfigResource.java";"org.apache.nutch.service.resources";"NO";"NO";"NO";"NO";"NO";"NO";"NO";"NO";"NO";"NO";"NO";"NO";"NO";"";"";"0";"0"
"DbResource.java";"org.apache.nutch.service.resources";"NO";"NO";"NO";"NO";"NO";"NO";"NO";"NO";"NO";"NO";"NO";"NO";"NO";"";"";"0";"0"
"JobResource.java";"org.apache.nutch.service.resources";"NO";"NO";"NO";"NO";"NO";"NO";"NO";"NO";"NO";"NO";"NO";"NO";"NO";"";"";"0";"0"
"ReaderResouce.java";"org.apache.nutch.service.resources";"NO";"NO";"NO";"NO";"NO";"NO";"NO";"NO";"NO";"NO";"NO";"NO";"NO";"";"";"0";"0"
"SeedResource.java";"org.apache.nutch.service.resources";"NO";"NO";"NO";"NO";"NO";"NO";"NO";"NO";"NO";"NO";"NO";"NO";"NO";"";"";"0";"0"
"SeedManager.java";"org.apache.nutch.service";"NO";"NO";"NO";"NO";"NO";"NO";"NO";"NO";"NO";"NO";"NO";"NO";"NO";"";"";"0";"0"
"AbstractCommonCrawlFormat.java";"org.apache.nutch.tools";"NO";"NO";"NO";"NO";"NO";"NO";"NO";"NO";"NO";"NO";"NO";"NO";"NO";"";"";"0";"0"
"package-info.java";"org.apache.nutch.tools.arc";"NO";"NO";"NO";"NO";"NO";"NO";"NO";"NO";"NO";"NO";"NO";"NO";"NO";"";"";"0";"0"
"Benchmark.java";"org.apache.nutch.tools";"NO";"NO";"NO";"NO";"NO";"NO";"NO";"NO";"NO";"NO";"NO";"NO";"NO";"107bf5a2a3f2ab60f38e8d83b678f75c3db8a910";"NUTCH-975 Fix missing and wrong headers in source files  git-svn-id: https://svn.apache.org/repos/asf/nutch/branches/branch-1.3@1089077 13f79535-47bb-0310-9956-ffa450edef68 ";"1";"-1"
"Benchmark.java";"org.apache.nutch.tools";"NO";"NO";"NO";"NO";"NO";"NO";"NO";"NO";"NO";"NO";"NO";"NO";"NO";"0edfbc611c7a8e9e3a5ea66b0112c8f6718e399a";"Improvements to Benchmark - produce more detailed stats.   git-svn-id: https://svn.apache.org/repos/asf/nutch/trunk@982625 13f79535-47bb-0310-9956-ffa450edef68 ";"1";"-1"
"Benchmark.java";"org.apache.nutch.tools";"NO";"NO";"NO";"NO";"NO";"NO";"NO";"NO";"NO";"NO";"NO";"NO";"NO";"576c15961a95286706f4c7e39912cda4c7efee66";"- per comments on NUTCH-863, move this into src/java instead of src/test  git-svn-id: https://svn.apache.org/repos/asf/nutch/trunk@982103 13f79535-47bb-0310-9956-ffa450edef68 ";"1";"-1"
"Benchmark.java";"org.apache.nutch.tools";"NO";"NO";"NO";"NO";"NO";"NO";"NO";"NO";"NO";"NO";"NO";"NO";"NO";"e2030edd4b5dbf9c519c25897a6b0b0f4c33932a";"- cleanup imports: NUTCH-863 WIP  git-svn-id: https://svn.apache.org/repos/asf/nutch/trunk@982102 13f79535-47bb-0310-9956-ffa450edef68 ";"1";"-1"
"Benchmark.java";"org.apache.nutch.tools";"NO";"NO";"NO";"NO";"NO";"NO";"NO";"NO";"NO";"NO";"NO";"NO";"NO";"97b1d8396183047a6d2a9b1365c6fb1248b59ac1";"Fix a silly last-minute error and improve the benchmark.   git-svn-id: https://svn.apache.org/repos/asf/nutch/trunk@980974 13f79535-47bb-0310-9956-ffa450edef68 ";"1";"-2"
"Benchmark.java";"org.apache.nutch.tools";"NO";"NO";"NO";"NO";"NO";"NO";"NO";"NO";"NO";"NO";"NO";"NO";"NO";"e60eb6e911cd3712ae04f7d4a197cb3ffbb3186c";"NUTCH-863 Benchmark and a testbed proxy server.   git-svn-id: https://svn.apache.org/repos/asf/nutch/trunk@980932 13f79535-47bb-0310-9956-ffa450edef68 ";"1";"-1"
"CommonCrawlConfig.java";"org.apache.nutch.tools";"NO";"NO";"NO";"NO";"NO";"NO";"NO";"NO";"NO";"NO";"NO";"NO";"NO";"";"";"0";"0"
"CommonCrawlDataDumper.java";"org.apache.nutch.tools";"NO";"NO";"NO";"NO";"NO";"NO";"NO";"NO";"NO";"NO";"NO";"NO";"NO";"";"";"0";"0"
"CommonCrawlFormat.java";"org.apache.nutch.tools";"NO";"NO";"NO";"NO";"NO";"NO";"NO";"NO";"NO";"NO";"NO";"NO";"NO";"";"";"0";"0"
"CommonCrawlFormatFactory.java";"org.apache.nutch.tools";"NO";"NO";"NO";"NO";"NO";"NO";"NO";"NO";"NO";"NO";"NO";"NO";"NO";"";"";"0";"0"
"CommonCrawlFormatJackson.java";"org.apache.nutch.tools";"NO";"NO";"NO";"NO";"NO";"NO";"NO";"NO";"NO";"NO";"NO";"NO";"NO";"";"";"0";"0"
"CommonCrawlFormatJettinson.java";"org.apache.nutch.tools";"NO";"NO";"NO";"NO";"NO";"NO";"NO";"NO";"NO";"NO";"NO";"NO";"NO";"";"";"0";"0"
"CommonCrawlFormatWARC.java";"org.apache.nutch.tools";"NO";"NO";"NO";"NO";"NO";"NO";"NO";"NO";"NO";"NO";"NO";"NO";"NO";"";"";"0";"0"
"DmozParser.java";"org.apache.nutch.tools";"NO";"NO";"NO";"NO";"NO";"NO";"NO";"NO";"NO";"NO";"NO";"NO";"NO";"";"";"0";"0"
"FileDumper.java";"org.apache.nutch.tools";"NO";"NO";"NO";"NO";"NO";"NO";"NO";"NO";"NO";"NO";"NO";"NO";"NO";"";"";"0";"0"
"FreeGenerator.java";"org.apache.nutch.tools";"NO";"NO";"NO";"NO";"NO";"NO";"NO";"NO";"NO";"NO";"NO";"NO";"NO";"fd7758bdb963f08a7f184bb2981e5a02e1c91ef6";"fix for NUTCH-838 Add timing information to all Tool classes backported to 1.2-branch  git-svn-id: https://svn.apache.org/repos/asf/nutch/branches/branch-1.2@960248 13f79535-47bb-0310-9956-ffa450edef68 ";"1";"-1"
"FreeGenerator.java";"org.apache.nutch.tools";"NO";"NO";"NO";"NO";"NO";"NO";"NO";"NO";"NO";"NO";"NO";"NO";"NO";"3bf7de69a6abfb5e7c8e25b2aaa13414d68257a1";"- fix for NUTCH-838 Add timing information to all Tool classes  git-svn-id: https://svn.apache.org/repos/asf/nutch/trunk@960246 13f79535-47bb-0310-9956-ffa450edef68 ";"1";"-1"
"package-info.java";"org.apache.nutch.tools";"NO";"NO";"NO";"NO";"NO";"NO";"NO";"NO";"NO";"NO";"NO";"NO";"NO";"";"";"0";"0"
"ResolveUrls.java";"org.apache.nutch.tools";"NO";"NO";"NO";"NO";"NO";"NO";"NO";"NO";"NO";"NO";"NO";"NO";"NO";"";"";"0";"0"
"package-info.java";"org.apache.nutch.tools.warc";"NO";"NO";"NO";"NO";"NO";"NO";"NO";"NO";"NO";"NO";"NO";"NO";"NO";"";"";"0";"0"
"WARCExporter.java";"org.apache.nutch.tools.warc";"NO";"NO";"NO";"NO";"NO";"NO";"NO";"NO";"NO";"NO";"NO";"NO";"NO";"";"";"0";"0"
"WARCUtils.java";"org.apache.nutch.tools";"NO";"NO";"NO";"NO";"NO";"NO";"NO";"NO";"NO";"NO";"NO";"NO";"NO";"";"";"0";"0"
"AbstractChecker.java";"org.apache.nutch.util";"NO";"NO";"NO";"NO";"NO";"NO";"NO";"NO";"NO";"NO";"NO";"NO";"NO";"";"";"0";"0"
"CommandRunner.java";"org.apache.nutch.util";"NO";"NO";"NO";"NO";"NO";"NO";"NO";"NO";"NO";"NO";"NO";"NO";"NO";"";"";"0";"0"
"CrawlCompletionStats.java";"org.apache.nutch.util";"NO";"NO";"NO";"NO";"NO";"NO";"NO";"NO";"NO";"NO";"NO";"NO";"NO";"";"";"0";"0"
"DeflateUtils.java";"org.apache.nutch.util";"NO";"NO";"NO";"NO";"NO";"NO";"NO";"NO";"NO";"NO";"NO";"NO";"NO";"";"";"0";"0"
"DomainStatistics.java";"org.apache.nutch.util.domain";"NO";"NO";"NO";"NO";"NO";"NO";"NO";"NO";"NO";"NO";"NO";"NO";"NO";"fd7758bdb963f08a7f184bb2981e5a02e1c91ef6";"fix for NUTCH-838 Add timing information to all Tool classes backported to 1.2-branch  git-svn-id: https://svn.apache.org/repos/asf/nutch/branches/branch-1.2@960248 13f79535-47bb-0310-9956-ffa450edef68 ";"1";"-1"
"DomainStatistics.java";"org.apache.nutch.util.domain";"NO";"NO";"NO";"NO";"NO";"NO";"NO";"NO";"NO";"NO";"NO";"NO";"NO";"3bf7de69a6abfb5e7c8e25b2aaa13414d68257a1";"- fix for NUTCH-838 Add timing information to all Tool classes  git-svn-id: https://svn.apache.org/repos/asf/nutch/trunk@960246 13f79535-47bb-0310-9956-ffa450edef68 ";"1";"-1"
"DomainSuffixes.java";"org.apache.nutch.util.domain";"NO";"NO";"NO";"NO";"NO";"NO";"NO";"NO";"NO";"NO";"NO";"NO";"NO";"";"";"0";"0"
"DomainSuffixesReader.java";"org.apache.nutch.util.domain";"NO";"NO";"NO";"NO";"NO";"NO";"NO";"NO";"NO";"NO";"NO";"NO";"NO";"";"";"0";"0"
"DomUtil.java";"org.apache.nutch.util";"NO";"NO";"NO";"NO";"NO";"NO";"NO";"NO";"NO";"NO";"NO";"NO";"NO";"";"";"0";"0"
"DumpFileUtil.java";"org.apache.nutch.util";"NO";"NO";"NO";"NO";"NO";"NO";"NO";"NO";"NO";"NO";"NO";"NO";"NO";"";"";"0";"0"
"EncodingDetector.java";"org.apache.nutch.util";"NO";"NO";"NO";"NO";"NO";"NO";"NO";"NO";"NO";"NO";"NO";"NO";"NO";"";"";"0";"0"
"FSUtils.java";"org.apache.nutch.util";"NO";"NO";"NO";"NO";"NO";"NO";"NO";"NO";"NO";"NO";"NO";"NO";"NO";"";"";"0";"0"
"GenericWritableConfigurable.java";"org.apache.nutch.util";"NO";"NO";"NO";"NO";"NO";"NO";"NO";"NO";"NO";"NO";"NO";"NO";"NO";"";"";"0";"0"
"GZIPUtils.java";"org.apache.nutch.util";"NO";"NO";"NO";"NO";"NO";"NO";"NO";"NO";"NO";"NO";"NO";"NO";"NO";"";"";"0";"0"
"HadoopFSUtil.java";"org.apache.nutch.util";"NO";"NO";"NO";"NO";"NO";"NO";"NO";"NO";"NO";"NO";"NO";"NO";"NO";"";"";"0";"0"
"JexlUtil.java";"org.apache.nutch.util";"NO";"NO";"NO";"NO";"NO";"NO";"NO";"NO";"NO";"NO";"NO";"NO";"NO";"";"";"0";"0"
"LockUtil.java";"org.apache.nutch.util";"NO";"NO";"NO";"NO";"NO";"NO";"NO";"NO";"NO";"NO";"NO";"NO";"NO";"";"";"0";"0"
"MimeUtil.java";"org.apache.nutch.util";"NO";"NO";"NO";"NO";"NO";"NO";"NO";"NO";"NO";"NO";"NO";"NO";"NO";"";"";"0";"0"
"NodeWalker.java";"org.apache.nutch.util";"NO";"NO";"NO";"NO";"NO";"NO";"NO";"NO";"NO";"NO";"NO";"NO";"NO";"";"";"0";"0"
"NutchConfiguration.java";"org.apache.nutch.util";"NO";"NO";"NO";"NO";"NO";"NO";"NO";"NO";"NO";"NO";"NO";"NO";"NO";"e0a017f1d6f78529799142280ef04fc2d6992e5e";"NUTCH-844 Improve NutchConfiguration.   git-svn-id: https://svn.apache.org/repos/asf/nutch/trunk@964063 13f79535-47bb-0310-9956-ffa450edef68 ";"1";"-1"
"NutchJob.java";"org.apache.nutch.util";"NO";"NO";"NO";"NO";"NO";"NO";"NO";"NO";"NO";"NO";"NO";"NO";"NO";"";"";"0";"0"
"NutchTool.java";"org.apache.nutch.util";"NO";"NO";"NO";"NO";"NO";"NO";"NO";"NO";"NO";"NO";"NO";"NO";"NO";"";"";"0";"0"
"ObjectCache.java";"org.apache.nutch.util";"NO";"NO";"NO";"NO";"NO";"NO";"NO";"NO";"NO";"NO";"NO";"NO";"NO";"";"";"0";"0"
"package-info.java";"org.apache.nutch.util";"NO";"NO";"NO";"NO";"NO";"NO";"NO";"NO";"NO";"NO";"NO";"NO";"NO";"";"";"0";"0"
"PrefixStringMatcher.java";"org.apache.nutch.util";"NO";"NO";"NO";"NO";"NO";"NO";"NO";"NO";"NO";"NO";"NO";"NO";"NO";"";"";"0";"0"
"ProtocolStatusStatistics.java";"org.apache.nutch.util";"NO";"NO";"NO";"NO";"NO";"NO";"NO";"NO";"NO";"NO";"NO";"NO";"NO";"";"";"0";"0"
"SegmentReaderUtil.java";"org.apache.nutch.util";"NO";"NO";"NO";"NO";"NO";"NO";"NO";"NO";"NO";"NO";"NO";"NO";"NO";"";"";"0";"0"
"StringUtil.java";"org.apache.nutch.util";"NO";"NO";"NO";"NO";"NO";"NO";"NO";"NO";"NO";"NO";"NO";"NO";"NO";"";"";"0";"0"
"SuffixStringMatcher.java";"org.apache.nutch.util";"NO";"NO";"NO";"NO";"NO";"NO";"NO";"NO";"NO";"NO";"NO";"NO";"NO";"";"";"0";"0"
"TableUtil.java";"org.apache.nutch.util";"NO";"NO";"NO";"NO";"NO";"NO";"NO";"NO";"NO";"NO";"NO";"NO";"NO";"";"";"0";"0"
"TimingUtil.java";"org.apache.nutch.util";"NO";"NO";"NO";"NO";"NO";"NO";"NO";"NO";"NO";"NO";"NO";"NO";"NO";"fd7758bdb963f08a7f184bb2981e5a02e1c91ef6";"fix for NUTCH-838 Add timing information to all Tool classes backported to 1.2-branch  git-svn-id: https://svn.apache.org/repos/asf/nutch/branches/branch-1.2@960248 13f79535-47bb-0310-9956-ffa450edef68 ";"1";"-1"
"TimingUtil.java";"org.apache.nutch.util";"NO";"NO";"NO";"NO";"NO";"NO";"NO";"NO";"NO";"NO";"NO";"NO";"NO";"3bf7de69a6abfb5e7c8e25b2aaa13414d68257a1";"- fix for NUTCH-838 Add timing information to all Tool classes  git-svn-id: https://svn.apache.org/repos/asf/nutch/trunk@960246 13f79535-47bb-0310-9956-ffa450edef68 ";"1";"-1"
"TrieStringMatcher.java";"org.apache.nutch.util";"NO";"NO";"NO";"NO";"NO";"NO";"NO";"NO";"NO";"NO";"NO";"NO";"NO";"";"";"0";"0"
"CrawlingCycle.java";"org.apache.nutch.webui.client.impl";"NO";"NO";"NO";"NO";"NO";"NO";"NO";"NO";"NO";"NO";"NO";"NO";"NO";"";"";"0";"0"
"CrawlingCycleListener.java";"org.apache.nutch.webui.client.impl";"NO";"NO";"NO";"NO";"NO";"NO";"NO";"NO";"NO";"NO";"NO";"NO";"NO";"";"";"0";"0"
"NutchClientImpl.java";"org.apache.nutch.webui.client.impl";"NO";"NO";"NO";"NO";"NO";"NO";"NO";"NO";"NO";"NO";"NO";"NO";"NO";"";"";"0";"0"
"RemoteCommand.java";"org.apache.nutch.webui.client.impl";"NO";"NO";"NO";"NO";"NO";"NO";"NO";"NO";"NO";"NO";"NO";"NO";"NO";"";"";"0";"0"
"RemoteCommandBuilder.java";"org.apache.nutch.webui.client.impl";"NO";"NO";"NO";"NO";"NO";"NO";"NO";"NO";"NO";"NO";"NO";"NO";"NO";"";"";"0";"0"
"RemoteCommandExecutor.java";"org.apache.nutch.webui.client.impl";"NO";"NO";"NO";"NO";"NO";"NO";"NO";"NO";"NO";"NO";"NO";"NO";"NO";"";"";"0";"0"
"RemoteCommandsBatchFactory.java";"org.apache.nutch.webui.client.impl";"NO";"NO";"NO";"NO";"NO";"NO";"NO";"NO";"NO";"NO";"NO";"NO";"NO";"";"";"0";"0"
"ConnectionStatus.java";"org.apache.nutch.webui.client.model";"NO";"NO";"NO";"NO";"NO";"NO";"NO";"NO";"NO";"NO";"NO";"NO";"NO";"";"";"0";"0"
"Crawl.java";"org.apache.nutch.webui.client.model";"NO";"NO";"NO";"NO";"NO";"NO";"NO";"NO";"NO";"NO";"NO";"NO";"NO";"";"";"0";"0"
"JobConfig.java";"org.apache.nutch.webui.client.model";"NO";"NO";"NO";"NO";"NO";"NO";"NO";"NO";"NO";"NO";"NO";"NO";"NO";"";"";"0";"0"
"JobInfo.java";"org.apache.nutch.webui.client.model";"NO";"NO";"NO";"NO";"NO";"NO";"NO";"NO";"NO";"NO";"NO";"NO";"NO";"";"";"0";"0"
"NutchStatus.java";"org.apache.nutch.webui.client.model";"NO";"NO";"NO";"NO";"NO";"NO";"NO";"NO";"NO";"NO";"NO";"NO";"NO";"";"";"0";"0"
"NutchClient.java";"org.apache.nutch.webui.client";"NO";"NO";"NO";"NO";"NO";"NO";"NO";"NO";"NO";"NO";"NO";"NO";"NO";"";"";"0";"0"
"NutchClientFactory.java";"org.apache.nutch.webui.client";"NO";"NO";"NO";"NO";"NO";"NO";"NO";"NO";"NO";"NO";"NO";"NO";"NO";"";"";"0";"0"
"CustomDaoFactory.java";"org.apache.nutch.webui.config";"NO";"NO";"NO";"NO";"NO";"NO";"NO";"NO";"NO";"NO";"NO";"NO";"NO";"";"";"0";"0"
"CustomTableCreator.java";"org.apache.nutch.webui.config";"NO";"NO";"NO";"NO";"NO";"NO";"NO";"NO";"NO";"NO";"NO";"NO";"NO";"";"";"0";"0"
"NutchGuiConfiguration.java";"org.apache.nutch.webui.config";"NO";"NO";"NO";"NO";"NO";"NO";"NO";"NO";"NO";"NO";"NO";"NO";"NO";"";"";"0";"0"
"SpringConfiguration.java";"org.apache.nutch.webui.config";"NO";"NO";"NO";"NO";"NO";"NO";"NO";"NO";"NO";"NO";"NO";"NO";"NO";"";"";"0";"0"
"NutchConfig.java";"org.apache.nutch.webui.model";"NO";"NO";"NO";"NO";"NO";"NO";"NO";"NO";"NO";"NO";"NO";"NO";"NO";"";"";"0";"0"
"NutchInstance.java";"org.apache.nutch.webui.model";"NO";"NO";"NO";"NO";"NO";"NO";"NO";"NO";"NO";"NO";"NO";"NO";"NO";"";"";"0";"0"
"SeedList.java";"org.apache.nutch.webui.model";"NO";"NO";"NO";"NO";"NO";"NO";"NO";"NO";"NO";"NO";"NO";"NO";"NO";"";"";"0";"0"
"SeedUrl.java";"org.apache.nutch.webui.model";"NO";"NO";"NO";"NO";"NO";"NO";"NO";"NO";"NO";"NO";"NO";"NO";"NO";"";"";"0";"0"
"NutchUiApplication.java";"org.apache.nutch.webui";"NO";"NO";"NO";"NO";"NO";"NO";"NO";"NO";"NO";"NO";"NO";"NO";"NO";"";"";"0";"0"
"NutchUiServer.java";"org.apache.nutch.webui";"NO";"NO";"NO";"NO";"NO";"NO";"NO";"NO";"NO";"NO";"NO";"NO";"NO";"";"";"0";"0"
"AbstractBasePage.java";"org.apache.nutch.webui.pages";"NO";"NO";"NO";"NO";"NO";"NO";"NO";"NO";"NO";"NO";"NO";"NO";"NO";"";"";"0";"0"
"NutchUiCssReference.java";"org.apache.nutch.webui.pages.assets";"NO";"NO";"NO";"NO";"NO";"NO";"NO";"NO";"NO";"NO";"NO";"NO";"NO";"";"";"0";"0"
"ColorEnumLabel.java";"org.apache.nutch.webui.pages.components";"NO";"NO";"NO";"NO";"NO";"NO";"NO";"NO";"NO";"NO";"NO";"NO";"NO";"";"";"0";"0"
"ColorEnumLabelBuilder.java";"org.apache.nutch.webui.pages.components";"NO";"NO";"NO";"NO";"NO";"NO";"NO";"NO";"NO";"NO";"NO";"NO";"NO";"";"";"0";"0"
"CpmIteratorAdapter.java";"org.apache.nutch.webui.pages.components";"NO";"NO";"NO";"NO";"NO";"NO";"NO";"NO";"NO";"NO";"NO";"NO";"NO";"";"";"0";"0"
"CrawlPanel.java";"org.apache.nutch.webui.pages.crawls";"NO";"NO";"NO";"NO";"NO";"NO";"NO";"NO";"NO";"NO";"NO";"NO";"NO";"";"";"0";"0"
"CrawlsPage.java";"org.apache.nutch.webui.pages.crawls";"NO";"NO";"NO";"NO";"NO";"NO";"NO";"NO";"NO";"NO";"NO";"NO";"NO";"";"";"0";"0"
"DashboardPage.java";"org.apache.nutch.webui.pages";"NO";"NO";"NO";"NO";"NO";"NO";"NO";"NO";"NO";"NO";"NO";"NO";"NO";"";"";"0";"0"
"InstancePanel.java";"org.apache.nutch.webui.pages.instances";"NO";"NO";"NO";"NO";"NO";"NO";"NO";"NO";"NO";"NO";"NO";"NO";"NO";"";"";"0";"0"
"InstancesPage.java";"org.apache.nutch.webui.pages.instances";"NO";"NO";"NO";"NO";"NO";"NO";"NO";"NO";"NO";"NO";"NO";"NO";"NO";"";"";"0";"0"
"LogOutPage.java";"org.apache.nutch.webui.pages";"NO";"NO";"NO";"NO";"NO";"NO";"NO";"NO";"NO";"NO";"NO";"NO";"NO";"";"";"0";"0"
"VerticalMenu.java";"org.apache.nutch.webui.pages.menu";"NO";"NO";"NO";"NO";"NO";"NO";"NO";"NO";"NO";"NO";"NO";"NO";"NO";"";"";"0";"0"
"SearchPage.java";"org.apache.nutch.webui.pages";"NO";"NO";"NO";"NO";"NO";"NO";"NO";"NO";"NO";"NO";"NO";"NO";"NO";"";"";"0";"0"
"SeedListsPage.java";"org.apache.nutch.webui.pages.seed";"NO";"NO";"NO";"NO";"NO";"NO";"NO";"NO";"NO";"NO";"NO";"NO";"NO";"";"";"0";"0"
"SeedPage.java";"org.apache.nutch.webui.pages.seed";"NO";"NO";"NO";"NO";"NO";"NO";"NO";"NO";"NO";"NO";"NO";"NO";"NO";"";"";"0";"0"
"SettingsPage.java";"org.apache.nutch.webui.pages.settings";"NO";"NO";"NO";"NO";"NO";"NO";"NO";"NO";"NO";"NO";"NO";"NO";"NO";"";"";"0";"0"
"StatisticsPage.java";"org.apache.nutch.webui.pages";"NO";"NO";"NO";"NO";"NO";"NO";"NO";"NO";"NO";"NO";"NO";"NO";"NO";"";"";"0";"0"
"UrlsUploadPage.java";"org.apache.nutch.webui.pages";"NO";"NO";"NO";"NO";"NO";"NO";"NO";"NO";"NO";"NO";"NO";"NO";"NO";"";"";"0";"0"
"UserSettingsPage.java";"org.apache.nutch.webui.pages";"NO";"NO";"NO";"NO";"NO";"NO";"NO";"NO";"NO";"NO";"NO";"NO";"NO";"";"";"0";"0"
"CrawlService.java";"org.apache.nutch.webui.service";"NO";"NO";"NO";"NO";"NO";"NO";"NO";"NO";"NO";"NO";"NO";"NO";"NO";"";"";"0";"0"
"CrawlServiceImpl.java";"org.apache.nutch.webui.service.impl";"NO";"NO";"NO";"NO";"NO";"NO";"NO";"NO";"NO";"NO";"NO";"NO";"NO";"";"";"0";"0"
"NutchInstanceServiceImpl.java";"org.apache.nutch.webui.service.impl";"NO";"NO";"NO";"NO";"NO";"NO";"NO";"NO";"NO";"NO";"NO";"NO";"NO";"";"";"0";"0"
"NutchServiceImpl.java";"org.apache.nutch.webui.service.impl";"NO";"NO";"NO";"NO";"NO";"NO";"NO";"NO";"NO";"NO";"NO";"NO";"NO";"";"";"0";"0"
"SeedListServiceImpl.java";"org.apache.nutch.webui.service.impl";"NO";"NO";"NO";"NO";"NO";"NO";"NO";"NO";"NO";"NO";"NO";"NO";"NO";"";"";"0";"0"
"NutchInstanceService.java";"org.apache.nutch.webui.service";"NO";"NO";"NO";"NO";"NO";"NO";"NO";"NO";"NO";"NO";"NO";"NO";"NO";"";"";"0";"0"
"NutchService.java";"org.apache.nutch.webui.service";"NO";"NO";"NO";"NO";"NO";"NO";"NO";"NO";"NO";"NO";"NO";"NO";"NO";"";"";"0";"0"
"SeedListService.java";"org.apache.nutch.webui.service";"NO";"NO";"NO";"NO";"NO";"NO";"NO";"NO";"NO";"NO";"NO";"NO";"NO";"";"";"0";"0"
